family,x,y,z
bare,-1,-1,-1
bare,-1,-1,0
bare,-1,-1,1
bare,-1,-1,2
bare,-1,-1,3
bare,-1,-1,4
bare,-1,-1,5
bare,-1,-1,6
bare,-1,-1,7
bare,-1,-1,8
bare,-1,-1,9
bare,-1,-1,10
bare,-1,-1,11
bare,-1,-1,12
bare,-1,-1,13
bare,-1,-1,14
bare,-1,-1,15
bare,-1,-1,16
bare,-1,-1,17
bare,-1,-1,18
bare,-1,-1,19
bare,-1,-1,20
bare,-1,-1,21
bare,-1,-1,22
bare,-1,-1,23
bare,-1,-1,24
bare,-1,-1,25
bare,-1,-1,26
bare,-1,-1,27
bare,-1,-1,28
bare,-1,-1,29
bare,-1,-1,30
bare,-1,-1,31
bare,-1,-1,32
bare,-1,-1,33
bare,-1,-1,34
bare,-1,-1,35
bare,-1,-1,36
bare,-1,-1,37
bare,-1,-1,38
bare,-1,-1,39
bare,-1,-1,40
bare,-1,-1,41
bare,-1,-1,42
bare,-1,-1,43
bare,-1,-1,44
bare,-1,-1,45
bare,-1,-1,46
bare,-1,-1,47
bare,-1,-1,48
bare,-1,-1,49
bare,-1,-1,50
bare,-1,-1,51
bare,-1,-1,52
bare,-1,-1,53
bare,-1,-1,54
bare,-1,-1,55
bare,-1,-1,56
bare,-1,-1,57
bare,-1,-1,58
bare,-1,-1,59
bare,-1,-1,60
bare,-1,-1,61
bare,-1,-1,62
bare,-1,-1,63
bare,-1,-1,64
bare,-1,-1,65
bare,-1,-1,66
bare,-1,-1,67
bare,-1,-1,68
bare,-1,-1,69
bare,-1,-1,70
bare,-1,-1,71
bare,-1,-1,72
bare,-1,-1,73
bare,-1,-1,74
bare,-1,-1,75
bare,-1,-1,76
gravel,-1,-1,77
gravel,-1,-1,78
gravel,-1,-1,79
gravel,-1,-1,80
gravel,-1,-1,81
gravel,-1,-1,82
bare,-1,-1,83
bare,-1,-1,84
bare,-1,-1,85
bare,-1,-1,86
bare,-1,-1,87
bare,-1,-1,88
bare,-1,-1,89
bare,-1,-1,90
bare,-1,-1,91
redstone,-1,-1,92
redstone,-1,-1,93
bare,-1,-1,94
bare,-1,-1,95
bare,-1,-1,96
bare,-1,-1,97
bare,-1,-1,98
bare,-1,-1,99
bare,-1,-1,100
bare,-1,-1,101
bare,-1,-1,102
bare,-1,-1,103
bare,-1,-1,104
bare,-1,-1,105
bare,-1,-1,106
bare,-1,-1,107
bare,-1,-1,108
bare,-1,-1,109
bare,-1,-1,110
bare,-1,-1,111
bare,-1,-1,112
bare,-1,-1,113
bare,-1,-1,114
bare,-1,-1,115
bare,-1,-1,116
bare,-1,-1,117
bare,-1,-1,118
bare,-1,-1,119
bare,-1,-1,120
bare,-1,-1,121
bare,-1,0,-1
bare,-1,0,0
bare,-1,0,1
bare,-1,0,2
bare,-1,0,3
bare,-1,0,4
bare,-1,0,5
bare,-1,0,6
bare,-1,0,7
bare,-1,0,8
bare,-1,0,9
bare,-1,0,10
bare,-1,0,11
bare,-1,0,12
bare,-1,0,13
bare,-1,0,14
bare,-1,0,15
bare,-1,0,16
bare,-1,0,17
bare,-1,0,18
bare,-1,0,19
bare,-1,0,20
bare,-1,0,21
bare,-1,0,22
bare,-1,0,23
bare,-1,0,24
bare,-1,0,25
bare,-1,0,26
bare,-1,0,27
bare,-1,0,28
bare,-1,0,29
bare,-1,0,30
bare,-1,0,31
bare,-1,0,32
bare,-1,0,33
bare,-1,0,34
bare,-1,0,35
bare,-1,0,36
bare,-1,0,37
bare,-1,0,38
bare,-1,0,39
bare,-1,0,40
bare,-1,0,41
bare,-1,0,42
bare,-1,0,43
bare,-1,0,44
bare,-1,0,45
bare,-1,0,46
bare,-1,0,47
bare,-1,0,48
bare,-1,0,49
bare,-1,0,50
bare,-1,0,51
bare,-1,0,52
bare,-1,0,53
bare,-1,0,54
bare,-1,0,55
bare,-1,0,56
bare,-1,0,57
bare,-1,0,58
bare,-1,0,59
bare,-1,0,60
bare,-1,0,61
bare,-1,0,62
bare,-1,0,63
bare,-1,0,64
bare,-1,0,65
bare,-1,0,66
bare,-1,0,67
bare,-1,0,68
bare,-1,0,69
bare,-1,0,70
bare,-1,0,71
bare,-1,0,72
bare,-1,0,73
bare,-1,0,74
bare,-1,0,75
bare,-1,0,76
bare,-1,0,77
gravel,-1,0,78
gravel,-1,0,79
gravel,-1,0,80
gravel,-1,0,81
gravel,-1,0,82
bare,-1,0,83
bare,-1,0,84
bare,-1,0,85
bare,-1,0,86
bare,-1,0,87
bare,-1,0,88
bare,-1,0,89
bare,-1,0,90
bare,-1,0,91
bare,-1,0,92
bare,-1,0,93
bare,-1,0,94
bare,-1,0,95
bare,-1,0,96
bare,-1,0,97
bare,-1,0,98
bare,-1,0,99
bare,-1,0,100
bare,-1,0,101
bare,-1,0,102
bare,-1,0,103
bare,-1,0,104
bare,-1,0,105
bare,-1,0,106
bare,-1,0,107
bare,-1,0,108
bare,-1,0,109
bare,-1,0,110
bare,-1,0,111
bare,-1,0,112
bare,-1,0,113
bare,-1,0,114
bare,-1,0,115
bare,-1,0,116
bare,-1,0,117
bare,-1,0,118
bare,-1,0,119
bare,-1,0,120
bare,-1,0,121
bare,-1,1,-1
bare,-1,1,0
bare,-1,1,1
bare,-1,1,2
bare,-1,1,3
bare,-1,1,4
bare,-1,1,5
bare,-1,1,6
bare,-1,1,7
bare,-1,1,8
bare,-1,1,9
bare,-1,1,10
bare,-1,1,11
bare,-1,1,12
bare,-1,1,13
bare,-1,1,14
bare,-1,1,15
bare,-1,1,16
bare,-1,1,17
bare,-1,1,18
bare,-1,1,19
bare,-1,1,20
bare,-1,1,21
bare,-1,1,22
bare,-1,1,23
bare,-1,1,24
bare,-1,1,25
bare,-1,1,26
bare,-1,1,27
bare,-1,1,28
bare,-1,1,29
bare,-1,1,30
bare,-1,1,31
bare,-1,1,32
bare,-1,1,33
bare,-1,1,34
bare,-1,1,35
bare,-1,1,36
bare,-1,1,37
bare,-1,1,38
bare,-1,1,39
bare,-1,1,40
bare,-1,1,41
bare,-1,1,42
bare,-1,1,43
bare,-1,1,44
bare,-1,1,45
bare,-1,1,46
bare,-1,1,47
bare,-1,1,48
bare,-1,1,49
bare,-1,1,50
bare,-1,1,51
bare,-1,1,52
bare,-1,1,53
bare,-1,1,54
bare,-1,1,55
bare,-1,1,56
bare,-1,1,57
bare,-1,1,58
bare,-1,1,59
bare,-1,1,60
bare,-1,1,61
bare,-1,1,62
bare,-1,1,63
bare,-1,1,64
bare,-1,1,65
bare,-1,1,66
bare,-1,1,67
bare,-1,1,68
bare,-1,1,69
bare,-1,1,70
bare,-1,1,71
bare,-1,1,72
bare,-1,1,73
bare,-1,1,74
bare,-1,1,75
bare,-1,1,76
bare,-1,1,77
gravel,-1,1,78
gravel,-1,1,79
gravel,-1,1,80
gravel,-1,1,81
bare,-1,1,82
bare,-1,1,83
bare,-1,1,84
bare,-1,1,85
bare,-1,1,86
bare,-1,1,87
bare,-1,1,88
bare,-1,1,89
bare,-1,1,90
bare,-1,1,91
bare,-1,1,92
bare,-1,1,93
bare,-1,1,94
bare,-1,1,95
bare,-1,1,96
bare,-1,1,97
bare,-1,1,98
bare,-1,1,99
bare,-1,1,100
bare,-1,1,101
bare,-1,1,102
bare,-1,1,103
bare,-1,1,104
bare,-1,1,105
bare,-1,1,106
bare,-1,1,107
bare,-1,1,108
bare,-1,1,109
bare,-1,1,110
bare,-1,1,111
bare,-1,1,112
bare,-1,1,113
bare,-1,1,114
bare,-1,1,115
bare,-1,1,116
bare,-1,1,117
bare,-1,1,118
bare,-1,1,119
bare,-1,1,120
bare,-1,1,121
bare,-1,2,-1
bare,-1,2,0
bare,-1,2,1
bare,-1,2,2
bare,-1,2,3
bare,-1,2,4
tuff,-1,2,5
tuff,-1,2,6
tuff,-1,2,7
tuff,-1,2,8
tuff,-1,2,9
bare,-1,2,10
bare,-1,2,11
bare,-1,2,12
bare,-1,2,13
bare,-1,2,14
bare,-1,2,15
bare,-1,2,16
bare,-1,2,17
bare,-1,2,18
bare,-1,2,19
bare,-1,2,20
bare,-1,2,21
bare,-1,2,22
bare,-1,2,23
bare,-1,2,24
bare,-1,2,25
bare,-1,2,26
bare,-1,2,27
bare,-1,2,28
bare,-1,2,29
bare,-1,2,30
bare,-1,2,31
bare,-1,2,32
bare,-1,2,33
bare,-1,2,34
bare,-1,2,35
bare,-1,2,36
bare,-1,2,37
bare,-1,2,38
bare,-1,2,39
bare,-1,2,40
bare,-1,2,41
bare,-1,2,42
bare,-1,2,43
bare,-1,2,44
bare,-1,2,45
bare,-1,2,46
bare,-1,2,47
bare,-1,2,48
bare,-1,2,49
bare,-1,2,50
bare,-1,2,51
bare,-1,2,52
bare,-1,2,53
bare,-1,2,54
bare,-1,2,55
bare,-1,2,56
bare,-1,2,57
bare,-1,2,58
bare,-1,2,59
bare,-1,2,60
bare,-1,2,61
bare,-1,2,62
bare,-1,2,63
bare,-1,2,64
bare,-1,2,65
bare,-1,2,66
bare,-1,2,67
bare,-1,2,68
bare,-1,2,69
bare,-1,2,70
bare,-1,2,71
bare,-1,2,72
bare,-1,2,73
bare,-1,2,74
bare,-1,2,75
bare,-1,2,76
bare,-1,2,77
bare,-1,2,78
bare,-1,2,79
gravel,-1,2,80
bare,-1,2,81
bare,-1,2,82
bare,-1,2,83
bare,-1,2,84
bare,-1,2,85
bare,-1,2,86
bare,-1,2,87
bare,-1,2,88
bare,-1,2,89
bare,-1,2,90
bare,-1,2,91
bare,-1,2,92
bare,-1,2,93
bare,-1,2,94
bare,-1,2,95
bare,-1,2,96
bare,-1,2,97
bare,-1,2,98
bare,-1,2,99
bare,-1,2,100
bare,-1,2,101
bare,-1,2,102
bare,-1,2,103
bare,-1,2,104
bare,-1,2,105
bare,-1,2,106
bare,-1,2,107
bare,-1,2,108
bare,-1,2,109
bare,-1,2,110
bare,-1,2,111
bare,-1,2,112
bare,-1,2,113
bare,-1,2,114
bare,-1,2,115
bare,-1,2,116
bare,-1,2,117
bare,-1,2,118
bare,-1,2,119
bare,-1,2,120
bare,-1,2,121
bare,-1,3,-1
bare,-1,3,0
bare,-1,3,1
bare,-1,3,2
bare,-1,3,3
tuff,-1,3,4
tuff,-1,3,5
tuff,-1,3,6
tuff,-1,3,7
tuff,-1,3,8
tuff,-1,3,9
tuff,-1,3,10
bare,-1,3,11
bare,-1,3,12
bare,-1,3,13
bare,-1,3,14
bare,-1,3,15
bare,-1,3,16
bare,-1,3,17
bare,-1,3,18
bare,-1,3,19
bare,-1,3,20
bare,-1,3,21
bare,-1,3,22
bare,-1,3,23
bare,-1,3,24
bare,-1,3,25
bare,-1,3,26
bare,-1,3,27
bare,-1,3,28
bare,-1,3,29
bare,-1,3,30
bare,-1,3,31
bare,-1,3,32
bare,-1,3,33
lapis,-1,3,34
lapis,-1,3,35
bare,-1,3,36
bare,-1,3,37
bare,-1,3,38
bare,-1,3,39
bare,-1,3,40
bare,-1,3,41
bare,-1,3,42
bare,-1,3,43
bare,-1,3,44
bare,-1,3,45
bare,-1,3,46
bare,-1,3,47
bare,-1,3,48
bare,-1,3,49
bare,-1,3,50
bare,-1,3,51
bare,-1,3,52
bare,-1,3,53
bare,-1,3,54
bare,-1,3,55
bare,-1,3,56
bare,-1,3,57
bare,-1,3,58
bare,-1,3,59
bare,-1,3,60
bare,-1,3,61
bare,-1,3,62
bare,-1,3,63
bare,-1,3,64
bare,-1,3,65
bare,-1,3,66
bare,-1,3,67
bare,-1,3,68
bare,-1,3,69
bare,-1,3,70
bare,-1,3,71
bare,-1,3,72
bare,-1,3,73
bare,-1,3,74
bare,-1,3,75
bare,-1,3,76
bare,-1,3,77
bare,-1,3,78
bare,-1,3,79
bare,-1,3,80
bare,-1,3,81
bare,-1,3,82
bare,-1,3,83
bare,-1,3,84
bare,-1,3,85
bare,-1,3,86
bare,-1,3,87
bare,-1,3,88
bare,-1,3,89
bare,-1,3,90
bare,-1,3,91
bare,-1,3,92
bare,-1,3,93
bare,-1,3,94
bare,-1,3,95
bare,-1,3,96
bare,-1,3,97
bare,-1,3,98
bare,-1,3,99
bare,-1,3,100
bare,-1,3,101
bare,-1,3,102
bare,-1,3,103
bare,-1,3,104
bare,-1,3,105
bare,-1,3,106
bare,-1,3,107
bare,-1,3,108
bare,-1,3,109
bare,-1,3,110
bare,-1,3,111
bare,-1,3,112
bare,-1,3,113
bare,-1,3,114
bare,-1,3,115
bare,-1,3,116
bare,-1,3,117
bare,-1,3,118
bare,-1,3,119
bare,-1,3,120
bare,-1,3,121
bare,-1,4,-1
bare,-1,4,0
bare,-1,4,1
bare,-1,4,2
bare,-1,4,3
tuff,-1,4,4
tuff,-1,4,5
tuff,-1,4,6
tuff,-1,4,7
tuff,-1,4,8
tuff,-1,4,9
tuff,-1,4,10
bare,-1,4,11
bare,-1,4,12
bare,-1,4,13
bare,-1,4,14
bare,-1,4,15
bare,-1,4,16
bare,-1,4,17
bare,-1,4,18
bare,-1,4,19
bare,-1,4,20
bare,-1,4,21
bare,-1,4,22
bare,-1,4,23
bare,-1,4,24
bare,-1,4,25
bare,-1,4,26
bare,-1,4,27
bare,-1,4,28
bare,-1,4,29
bare,-1,4,30
bare,-1,4,31
bare,-1,4,32
bare,-1,4,33
bare,-1,4,34
bare,-1,4,35
bare,-1,4,36
bare,-1,4,37
bare,-1,4,38
bare,-1,4,39
bare,-1,4,40
bare,-1,4,41
bare,-1,4,42
bare,-1,4,43
bare,-1,4,44
gravel,-1,4,45
gravel,-1,4,46
gravel,-1,4,47
gravel,-1,4,48
redstone,-1,4,49
bare,-1,4,50
bare,-1,4,51
bare,-1,4,52
bare,-1,4,53
bare,-1,4,54
bare,-1,4,55
bare,-1,4,56
bare,-1,4,57
bare,-1,4,58
bare,-1,4,59
bare,-1,4,60
bare,-1,4,61
bare,-1,4,62
bare,-1,4,63
bare,-1,4,64
bare,-1,4,65
bare,-1,4,66
bare,-1,4,67
bare,-1,4,68
bare,-1,4,69
bare,-1,4,70
bare,-1,4,71
bare,-1,4,72
bare,-1,4,73
bare,-1,4,74
bare,-1,4,75
tuff,-1,4,76
tuff,-1,4,77
bare,-1,4,78
bare,-1,4,79
bare,-1,4,80
bare,-1,4,81
bare,-1,4,82
bare,-1,4,83
bare,-1,4,84
bare,-1,4,85
bare,-1,4,86
bare,-1,4,87
bare,-1,4,88
bare,-1,4,89
bare,-1,4,90
bare,-1,4,91
bare,-1,4,92
bare,-1,4,93
bare,-1,4,94
bare,-1,4,95
bare,-1,4,96
bare,-1,4,97
bare,-1,4,98
bare,-1,4,99
bare,-1,4,100
bare,-1,4,101
bare,-1,4,102
bare,-1,4,103
bare,-1,4,104
bare,-1,4,105
bare,-1,4,106
bare,-1,4,107
bare,-1,4,108
bare,-1,4,109
bare,-1,4,110
bare,-1,4,111
bare,-1,4,112
bare,-1,4,113
bare,-1,4,114
bare,-1,4,115
bare,-1,4,116
bare,-1,4,117
bare,-1,4,118
bare,-1,4,119
bare,-1,4,120
bare,-1,4,121
bare,-1,5,-1
bare,-1,5,0
bare,-1,5,1
bare,-1,5,2
bare,-1,5,3
tuff,-1,5,4
tuff,-1,5,5
tuff,-1,5,6
tuff,-1,5,7
tuff,-1,5,8
tuff,-1,5,9
tuff,-1,5,10
bare,-1,5,11
bare,-1,5,12
bare,-1,5,13
bare,-1,5,14
bare,-1,5,15
bare,-1,5,16
bare,-1,5,17
bare,-1,5,18
bare,-1,5,19
bare,-1,5,20
bare,-1,5,21
bare,-1,5,22
bare,-1,5,23
bare,-1,5,24
bare,-1,5,25
bare,-1,5,26
bare,-1,5,27
bare,-1,5,28
bare,-1,5,29
bare,-1,5,30
bare,-1,5,31
bare,-1,5,32
bare,-1,5,33
bare,-1,5,34
bare,-1,5,35
bare,-1,5,36
bare,-1,5,37
bare,-1,5,38
bare,-1,5,39
bare,-1,5,40
bare,-1,5,41
bare,-1,5,42
bare,-1,5,43
bare,-1,5,44
gravel,-1,5,45
gravel,-1,5,46
gravel,-1,5,47
gravel,-1,5,48
gravel,-1,5,49
bare,-1,5,50
bare,-1,5,51
bare,-1,5,52
bare,-1,5,53
bare,-1,5,54
bare,-1,5,55
bare,-1,5,56
bare,-1,5,57
bare,-1,5,58
bare,-1,5,59
bare,-1,5,60
bare,-1,5,61
bare,-1,5,62
bare,-1,5,63
bare,-1,5,64
bare,-1,5,65
bare,-1,5,66
bare,-1,5,67
bare,-1,5,68
bare,-1,5,69
bare,-1,5,70
bare,-1,5,71
bare,-1,5,72
tuff,-1,5,73
tuff,-1,5,74
tuff,-1,5,75
tuff,-1,5,76
tuff,-1,5,77
tuff,-1,5,78
tuff,-1,5,79
bare,-1,5,80
redstone,-1,5,81
redstone,-1,5,82
bare,-1,5,83
bare,-1,5,84
bare,-1,5,85
bare,-1,5,86
bare,-1,5,87
bare,-1,5,88
bare,-1,5,89
bare,-1,5,90
bare,-1,5,91
bare,-1,5,92
bare,-1,5,93
bare,-1,5,94
bare,-1,5,95
bare,-1,5,96
bare,-1,5,97
bare,-1,5,98
bare,-1,5,99
bare,-1,5,100
bare,-1,5,101
bare,-1,5,102
bare,-1,5,103
bare,-1,5,104
bare,-1,5,105
bare,-1,5,106
bare,-1,5,107
bare,-1,5,108
bare,-1,5,109
bare,-1,5,110
bare,-1,5,111
bare,-1,5,112
bare,-1,5,113
bare,-1,5,114
bare,-1,5,115
bare,-1,5,116
bare,-1,5,117
bare,-1,5,118
bare,-1,5,119
bare,-1,5,120
bare,-1,5,121
bare,-1,6,-1
bare,-1,6,0
bare,-1,6,1
bare,-1,6,2
bare,-1,6,3
tuff,-1,6,4
tuff,-1,6,5
tuff,-1,6,6
tuff,-1,6,7
tuff,-1,6,8
tuff,-1,6,9
tuff,-1,6,10
bare,-1,6,11
bare,-1,6,12
bare,-1,6,13
bare,-1,6,14
bare,-1,6,15
bare,-1,6,16
bare,-1,6,17
bare,-1,6,18
bare,-1,6,19
bare,-1,6,20
bare,-1,6,21
bare,-1,6,22
bare,-1,6,23
bare,-1,6,24
bare,-1,6,25
bare,-1,6,26
bare,-1,6,27
bare,-1,6,28
bare,-1,6,29
bare,-1,6,30
bare,-1,6,31
bare,-1,6,32
bare,-1,6,33
bare,-1,6,34
bare,-1,6,35
bare,-1,6,36
bare,-1,6,37
bare,-1,6,38
bare,-1,6,39
bare,-1,6,40
bare,-1,6,41
bare,-1,6,42
bare,-1,6,43
bare,-1,6,44
bare,-1,6,45
gravel,-1,6,46
gravel,-1,6,47
gravel,-1,6,48
gravel,-1,6,49
bare,-1,6,50
bare,-1,6,51
bare,-1,6,52
bare,-1,6,53
bare,-1,6,54
bare,-1,6,55
bare,-1,6,56
bare,-1,6,57
bare,-1,6,58
bare,-1,6,59
bare,-1,6,60
bare,-1,6,61
bare,-1,6,62
bare,-1,6,63
bare,-1,6,64
bare,-1,6,65
bare,-1,6,66
bare,-1,6,67
bare,-1,6,68
bare,-1,6,69
tuff,-1,6,70
tuff,-1,6,71
tuff,-1,6,72
tuff,-1,6,73
tuff,-1,6,74
tuff,-1,6,75
tuff,-1,6,76
tuff,-1,6,77
tuff,-1,6,78
tuff,-1,6,79
tuff,-1,6,80
tuff,-1,6,81
redstone,-1,6,82
bare,-1,6,83
bare,-1,6,84
bare,-1,6,85
bare,-1,6,86
bare,-1,6,87
bare,-1,6,88
bare,-1,6,89
bare,-1,6,90
bare,-1,6,91
bare,-1,6,92
bare,-1,6,93
bare,-1,6,94
bare,-1,6,95
bare,-1,6,96
bare,-1,6,97
bare,-1,6,98
bare,-1,6,99
bare,-1,6,100
bare,-1,6,101
bare,-1,6,102
bare,-1,6,103
bare,-1,6,104
bare,-1,6,105
bare,-1,6,106
bare,-1,6,107
bare,-1,6,108
bare,-1,6,109
bare,-1,6,110
bare,-1,6,111
bare,-1,6,112
bare,-1,6,113
bare,-1,6,114
bare,-1,6,115
bare,-1,6,116
bare,-1,6,117
bare,-1,6,118
bare,-1,6,119
bare,-1,6,120
bare,-1,6,121
bare,-1,7,-1
bare,-1,7,0
bare,-1,7,1
bare,-1,7,2
bare,-1,7,3
tuff,-1,7,4
tuff,-1,7,5
tuff,-1,7,6
tuff,-1,7,7
tuff,-1,7,8
tuff,-1,7,9
bare,-1,7,10
bare,-1,7,11
bare,-1,7,12
bare,-1,7,13
bare,-1,7,14
bare,-1,7,15
bare,-1,7,16
bare,-1,7,17
bare,-1,7,18
bare,-1,7,19
bare,-1,7,20
bare,-1,7,21
bare,-1,7,22
bare,-1,7,23
bare,-1,7,24
bare,-1,7,25
bare,-1,7,26
bare,-1,7,27
bare,-1,7,28
bare,-1,7,29
bare,-1,7,30
bare,-1,7,31
bare,-1,7,32
bare,-1,7,33
bare,-1,7,34
bare,-1,7,35
bare,-1,7,36
bare,-1,7,37
bare,-1,7,38
bare,-1,7,39
bare,-1,7,40
bare,-1,7,41
bare,-1,7,42
bare,-1,7,43
bare,-1,7,44
bare,-1,7,45
bare,-1,7,46
gravel,-1,7,47
gravel,-1,7,48
bare,-1,7,49
bare,-1,7,50
bare,-1,7,51
bare,-1,7,52
bare,-1,7,53
bare,-1,7,54
bare,-1,7,55
bare,-1,7,56
bare,-1,7,57
bare,-1,7,58
bare,-1,7,59
bare,-1,7,60
bare,-1,7,61
bare,-1,7,62
bare,-1,7,63
bare,-1,7,64
bare,-1,7,65
bare,-1,7,66
bare,-1,7,67
tuff,-1,7,68
tuff,-1,7,69
tuff,-1,7,70
tuff,-1,7,71
tuff,-1,7,72
tuff,-1,7,73
tuff,-1,7,74
tuff,-1,7,75
tuff,-1,7,76
tuff,-1,7,77
tuff,-1,7,78
tuff,-1,7,79
tuff,-1,7,80
tuff,-1,7,81
bare,-1,7,82
bare,-1,7,83
bare,-1,7,84
bare,-1,7,85
bare,-1,7,86
bare,-1,7,87
bare,-1,7,88
bare,-1,7,89
bare,-1,7,90
bare,-1,7,91
bare,-1,7,92
bare,-1,7,93
bare,-1,7,94
bare,-1,7,95
bare,-1,7,96
bare,-1,7,97
bare,-1,7,98
bare,-1,7,99
bare,-1,7,100
bare,-1,7,101
bare,-1,7,102
bare,-1,7,103
bare,-1,7,104
bare,-1,7,105
bare,-1,7,106
bare,-1,7,107
bare,-1,7,108
bare,-1,7,109
bare,-1,7,110
bare,-1,7,111
bare,-1,7,112
bare,-1,7,113
bare,-1,7,114
bare,-1,7,115
bare,-1,7,116
bare,-1,7,117
bare,-1,7,118
bare,-1,7,119
bare,-1,7,120
bare,-1,7,121
bare,0,-1,-1
bare,0,-1,0
bare,0,-1,1
bare,0,-1,2
bare,0,-1,3
bare,0,-1,4
bare,0,-1,5
bare,0,-1,6
bare,0,-1,7
bare,0,-1,8
bare,0,-1,9
bare,0,-1,10
bare,0,-1,11
bare,0,-1,12
bare,0,-1,13
bare,0,-1,14
bare,0,-1,15
bare,0,-1,16
bare,0,-1,17
bare,0,-1,18
bare,0,-1,19
bare,0,-1,20
bare,0,-1,21
bare,0,-1,22
bare,0,-1,23
bare,0,-1,24
bare,0,-1,25
bare,0,-1,26
bare,0,-1,27
bare,0,-1,28
bare,0,-1,29
bare,0,-1,30
bare,0,-1,31
bare,0,-1,32
bare,0,-1,33
bare,0,-1,34
bare,0,-1,35
bare,0,-1,36
bare,0,-1,37
bare,0,-1,38
bare,0,-1,39
bare,0,-1,40
bare,0,-1,41
bare,0,-1,42
bare,0,-1,43
bare,0,-1,44
bare,0,-1,45
bare,0,-1,46
bare,0,-1,47
bare,0,-1,48
bare,0,-1,49
bare,0,-1,50
bare,0,-1,51
bare,0,-1,52
bare,0,-1,53
bare,0,-1,54
bare,0,-1,55
bare,0,-1,56
bare,0,-1,57
bare,0,-1,58
bare,0,-1,59
gravel,0,-1,60
gravel,0,-1,61
bare,0,-1,62
bare,0,-1,63
bare,0,-1,64
bare,0,-1,65
bare,0,-1,66
bare,0,-1,67
bare,0,-1,68
bare,0,-1,69
bare,0,-1,70
bare,0,-1,71
bare,0,-1,72
bare,0,-1,73
bare,0,-1,74
bare,0,-1,75
bare,0,-1,76
gravel,0,-1,77
gravel,0,-1,78
gravel,0,-1,79
gravel,0,-1,80
gravel,0,-1,81
tuff,0,-1,82
bare,0,-1,83
bare,0,-1,84
bare,0,-1,85
bare,0,-1,86
bare,0,-1,87
bare,0,-1,88
bare,0,-1,89
bare,0,-1,90
bare,0,-1,91
bare,0,-1,92
bare,0,-1,93
bare,0,-1,94
bare,0,-1,95
bare,0,-1,96
bare,0,-1,97
bare,0,-1,98
bare,0,-1,99
bare,0,-1,100
bare,0,-1,101
bare,0,-1,102
bare,0,-1,103
bare,0,-1,104
bare,0,-1,105
bare,0,-1,106
bare,0,-1,107
bare,0,-1,108
bare,0,-1,109
bare,0,-1,110
bare,0,-1,111
bare,0,-1,112
bare,0,-1,113
bare,0,-1,114
bare,0,-1,115
bare,0,-1,116
bare,0,-1,117
bare,0,-1,118
bare,0,-1,119
bare,0,-1,120
bare,0,-1,121
bare,0,0,-1
bare,0,0,121
bare,0,1,-1
bare,0,1,121
bare,0,2,-1
bare,0,2,121
bare,0,3,-1
bare,0,3,121
bare,0,4,-1
bare,0,4,121
bare,0,5,-1
bare,0,5,121
bare,0,6,-1
bare,0,6,121
bare,0,7,-1
bare,0,7,0
bare,0,7,1
bare,0,7,2
bare,0,7,3
bare,0,7,4
tuff,0,7,5
tuff,0,7,6
tuff,0,7,7
tuff,0,7,8
tuff,0,7,9
bare,0,7,10
bare,0,7,11
bare,0,7,12
bare,0,7,13
bare,0,7,14
bare,0,7,15
bare,0,7,16
bare,0,7,17
bare,0,7,18
bare,0,7,19
bare,0,7,20
bare,0,7,21
bare,0,7,22
bare,0,7,23
bare,0,7,24
bare,0,7,25
bare,0,7,26
bare,0,7,27
bare,0,7,28
bare,0,7,29
bare,0,7,30
bare,0,7,31
bare,0,7,32
bare,0,7,33
bare,0,7,34
bare,0,7,35
bare,0,7,36
bare,0,7,37
bare,0,7,38
bare,0,7,39
bare,0,7,40
bare,0,7,41
bare,0,7,42
bare,0,7,43
bare,0,7,44
bare,0,7,45
bare,0,7,46
bare,0,7,47
bare,0,7,48
bare,0,7,49
bare,0,7,50
bare,0,7,51
bare,0,7,52
bare,0,7,53
bare,0,7,54
bare,0,7,55
bare,0,7,56
bare,0,7,57
bare,0,7,58
bare,0,7,59
bare,0,7,60
bare,0,7,61
bare,0,7,62
bare,0,7,63
bare,0,7,64
bare,0,7,65
bare,0,7,66
bare,0,7,67
tuff,0,7,68
tuff,0,7,69
tuff,0,7,70
tuff,0,7,71
tuff,0,7,72
tuff,0,7,73
tuff,0,7,74
tuff,0,7,75
tuff,0,7,76
tuff,0,7,77
tuff,0,7,78
tuff,0,7,79
tuff,0,7,80
tuff,0,7,81
tuff,0,7,82
tuff,0,7,83
bare,0,7,84
bare,0,7,85
bare,0,7,86
bare,0,7,87
bare,0,7,88
bare,0,7,89
bare,0,7,90
bare,0,7,91
bare,0,7,92
bare,0,7,93
bare,0,7,94
bare,0,7,95
tuff,0,7,96
tuff,0,7,97
tuff,0,7,98
tuff,0,7,99
tuff,0,7,100
tuff,0,7,101
tuff,0,7,102
tuff,0,7,103
tuff,0,7,104
bare,0,7,105
bare,0,7,106
bare,0,7,107
bare,0,7,108
bare,0,7,109
bare,0,7,110
bare,0,7,111
bare,0,7,112
bare,0,7,113
bare,0,7,114
bare,0,7,115
bare,0,7,116
bare,0,7,117
bare,0,7,118
bare,0,7,119
bare,0,7,120
bare,0,7,121
bare,1,-1,-1
bare,1,-1,0
bare,1,-1,1
bare,1,-1,2
bare,1,-1,3
bare,1,-1,4
bare,1,-1,5
bare,1,-1,6
bare,1,-1,7
bare,1,-1,8
bare,1,-1,9
bare,1,-1,10
bare,1,-1,11
bare,1,-1,12
bare,1,-1,13
bare,1,-1,14
bare,1,-1,15
bare,1,-1,16
bare,1,-1,17
bare,1,-1,18
bare,1,-1,19
bare,1,-1,20
bare,1,-1,21
bare,1,-1,22
bare,1,-1,23
bare,1,-1,24
bare,1,-1,25
bare,1,-1,26
bare,1,-1,27
bare,1,-1,28
bare,1,-1,29
bare,1,-1,30
bare,1,-1,31
bare,1,-1,32
bare,1,-1,33
bare,1,-1,34
bare,1,-1,35
bare,1,-1,36
bare,1,-1,37
bare,1,-1,38
bare,1,-1,39
bare,1,-1,40
bare,1,-1,41
bare,1,-1,42
bare,1,-1,43
bare,1,-1,44
bare,1,-1,45
bare,1,-1,46
bare,1,-1,47
bare,1,-1,48
bare,1,-1,49
bare,1,-1,50
bare,1,-1,51
bare,1,-1,52
bare,1,-1,53
bare,1,-1,54
bare,1,-1,55
bare,1,-1,56
bare,1,-1,57
bare,1,-1,58
gravel,1,-1,59
gravel,1,-1,60
gravel,1,-1,61
gravel,1,-1,62
bare,1,-1,63
bare,1,-1,64
bare,1,-1,65
bare,1,-1,66
bare,1,-1,67
bare,1,-1,68
bare,1,-1,69
bare,1,-1,70
bare,1,-1,71
bare,1,-1,72
bare,1,-1,73
bare,1,-1,74
bare,1,-1,75
bare,1,-1,76
gravel,1,-1,77
gravel,1,-1,78
gravel,1,-1,79
gravel,1,-1,80
gravel,1,-1,81
tuff,1,-1,82
tuff,1,-1,83
bare,1,-1,84
bare,1,-1,85
bare,1,-1,86
bare,1,-1,87
bare,1,-1,88
bare,1,-1,89
bare,1,-1,90
bare,1,-1,91
bare,1,-1,92
bare,1,-1,93
bare,1,-1,94
bare,1,-1,95
bare,1,-1,96
bare,1,-1,97
bare,1,-1,98
bare,1,-1,99
bare,1,-1,100
bare,1,-1,101
bare,1,-1,102
bare,1,-1,103
bare,1,-1,104
bare,1,-1,105
bare,1,-1,106
bare,1,-1,107
bare,1,-1,108
bare,1,-1,109
bare,1,-1,110
bare,1,-1,111
bare,1,-1,112
bare,1,-1,113
bare,1,-1,114
bare,1,-1,115
bare,1,-1,116
bare,1,-1,117
bare,1,-1,118
bare,1,-1,119
bare,1,-1,120
bare,1,-1,121
bare,1,0,-1
bare,1,0,121
bare,1,1,-1
bare,1,1,121
bare,1,2,-1
bare,1,2,121
bare,1,3,-1
bare,1,3,121
bare,1,4,-1
bare,1,4,121
bare,1,5,-1
bare,1,5,121
bare,1,6,-1
bare,1,6,121
bare,1,7,-1
bare,1,7,0
bare,1,7,1
bare,1,7,2
bare,1,7,3
bare,1,7,4
tuff,1,7,5
tuff,1,7,6
tuff,1,7,7
tuff,1,7,8
tuff,1,7,9
tuff,1,7,10
tuff,1,7,11
bare,1,7,12
bare,1,7,13
bare,1,7,14
bare,1,7,15
bare,1,7,16
bare,1,7,17
bare,1,7,18
bare,1,7,19
bare,1,7,20
bare,1,7,21
bare,1,7,22
bare,1,7,23
bare,1,7,24
bare,1,7,25
bare,1,7,26
bare,1,7,27
bare,1,7,28
bare,1,7,29
bare,1,7,30
bare,1,7,31
bare,1,7,32
bare,1,7,33
bare,1,7,34
bare,1,7,35
bare,1,7,36
bare,1,7,37
bare,1,7,38
bare,1,7,39
bare,1,7,40
bare,1,7,41
bare,1,7,42
bare,1,7,43
bare,1,7,44
bare,1,7,45
bare,1,7,46
bare,1,7,47
bare,1,7,48
bare,1,7,49
bare,1,7,50
bare,1,7,51
bare,1,7,52
bare,1,7,53
bare,1,7,54
bare,1,7,55
bare,1,7,56
bare,1,7,57
bare,1,7,58
bare,1,7,59
bare,1,7,60
bare,1,7,61
bare,1,7,62
bare,1,7,63
bare,1,7,64
bare,1,7,65
bare,1,7,66
bare,1,7,67
tuff,1,7,68
tuff,1,7,69
tuff,1,7,70
tuff,1,7,71
tuff,1,7,72
tuff,1,7,73
tuff,1,7,74
tuff,1,7,75
tuff,1,7,76
tuff,1,7,77
tuff,1,7,78
tuff,1,7,79
tuff,1,7,80
tuff,1,7,81
tuff,1,7,82
tuff,1,7,83
tuff,1,7,84
tuff,1,7,85
bare,1,7,86
bare,1,7,87
bare,1,7,88
bare,1,7,89
bare,1,7,90
bare,1,7,91
bare,1,7,92
bare,1,7,93
bare,1,7,94
tuff,1,7,95
tuff,1,7,96
tuff,1,7,97
tuff,1,7,98
tuff,1,7,99
tuff,1,7,100
tuff,1,7,101
tuff,1,7,102
tuff,1,7,103
tuff,1,7,104
tuff,1,7,105
tuff,1,7,106
bare,1,7,107
bare,1,7,108
bare,1,7,109
bare,1,7,110
bare,1,7,111
bare,1,7,112
bare,1,7,113
bare,1,7,114
bare,1,7,115
bare,1,7,116
bare,1,7,117
bare,1,7,118
bare,1,7,119
bare,1,7,120
bare,1,7,121
bare,2,-1,-1
bare,2,-1,0
bare,2,-1,1
bare,2,-1,2
bare,2,-1,3
bare,2,-1,4
bare,2,-1,5
bare,2,-1,6
bare,2,-1,7
bare,2,-1,8
bare,2,-1,9
bare,2,-1,10
bare,2,-1,11
bare,2,-1,12
bare,2,-1,13
bare,2,-1,14
bare,2,-1,15
bare,2,-1,16
bare,2,-1,17
bare,2,-1,18
bare,2,-1,19
bare,2,-1,20
bare,2,-1,21
bare,2,-1,22
bare,2,-1,23
bare,2,-1,24
bare,2,-1,25
bare,2,-1,26
bare,2,-1,27
bare,2,-1,28
bare,2,-1,29
bare,2,-1,30
bare,2,-1,31
bare,2,-1,32
bare,2,-1,33
bare,2,-1,34
bare,2,-1,35
bare,2,-1,36
bare,2,-1,37
bare,2,-1,38
bare,2,-1,39
bare,2,-1,40
bare,2,-1,41
bare,2,-1,42
bare,2,-1,43
bare,2,-1,44
bare,2,-1,45
bare,2,-1,46
bare,2,-1,47
bare,2,-1,48
bare,2,-1,49
bare,2,-1,50
bare,2,-1,51
bare,2,-1,52
bare,2,-1,53
bare,2,-1,54
bare,2,-1,55
bare,2,-1,56
bare,2,-1,57
bare,2,-1,58
gravel,2,-1,59
gravel,2,-1,60
gravel,2,-1,61
bare,2,-1,62
bare,2,-1,63
bare,2,-1,64
bare,2,-1,65
bare,2,-1,66
bare,2,-1,67
bare,2,-1,68
bare,2,-1,69
bare,2,-1,70
bare,2,-1,71
bare,2,-1,72
bare,2,-1,73
bare,2,-1,74
bare,2,-1,75
bare,2,-1,76
gravel,2,-1,77
gravel,2,-1,78
gravel,2,-1,79
gravel,2,-1,80
tuff,2,-1,81
tuff,2,-1,82
tuff,2,-1,83
bare,2,-1,84
bare,2,-1,85
bare,2,-1,86
bare,2,-1,87
bare,2,-1,88
bare,2,-1,89
bare,2,-1,90
bare,2,-1,91
bare,2,-1,92
bare,2,-1,93
bare,2,-1,94
bare,2,-1,95
bare,2,-1,96
bare,2,-1,97
bare,2,-1,98
bare,2,-1,99
bare,2,-1,100
bare,2,-1,101
bare,2,-1,102
bare,2,-1,103
bare,2,-1,104
bare,2,-1,105
bare,2,-1,106
bare,2,-1,107
bare,2,-1,108
bare,2,-1,109
bare,2,-1,110
bare,2,-1,111
bare,2,-1,112
bare,2,-1,113
bare,2,-1,114
bare,2,-1,115
bare,2,-1,116
bare,2,-1,117
bare,2,-1,118
bare,2,-1,119
bare,2,-1,120
bare,2,-1,121
bare,2,0,-1
bare,2,0,121
bare,2,1,-1
bare,2,1,121
bare,2,2,-1
bare,2,2,121
bare,2,3,-1
bare,2,3,121
bare,2,4,-1
bare,2,4,121
bare,2,5,-1
bare,2,5,121
bare,2,6,-1
bare,2,6,121
bare,2,7,-1
bare,2,7,0
bare,2,7,1
bare,2,7,2
bare,2,7,3
bare,2,7,4
tuff,2,7,5
tuff,2,7,6
tuff,2,7,7
tuff,2,7,8
tuff,2,7,9
tuff,2,7,10
tuff,2,7,11
tuff,2,7,12
bare,2,7,13
bare,2,7,14
bare,2,7,15
bare,2,7,16
bare,2,7,17
bare,2,7,18
bare,2,7,19
bare,2,7,20
bare,2,7,21
bare,2,7,22
bare,2,7,23
bare,2,7,24
bare,2,7,25
bare,2,7,26
bare,2,7,27
bare,2,7,28
bare,2,7,29
bare,2,7,30
bare,2,7,31
bare,2,7,32
bare,2,7,33
bare,2,7,34
bare,2,7,35
bare,2,7,36
bare,2,7,37
bare,2,7,38
bare,2,7,39
bare,2,7,40
bare,2,7,41
bare,2,7,42
bare,2,7,43
bare,2,7,44
bare,2,7,45
bare,2,7,46
bare,2,7,47
bare,2,7,48
bare,2,7,49
bare,2,7,50
bare,2,7,51
bare,2,7,52
bare,2,7,53
bare,2,7,54
bare,2,7,55
bare,2,7,56
bare,2,7,57
bare,2,7,58
bare,2,7,59
bare,2,7,60
tuff,2,7,61
tuff,2,7,62
tuff,2,7,63
bare,2,7,64
bare,2,7,65
bare,2,7,66
bare,2,7,67
tuff,2,7,68
tuff,2,7,69
tuff,2,7,70
tuff,2,7,71
tuff,2,7,72
tuff,2,7,73
tuff,2,7,74
tuff,2,7,75
tuff,2,7,76
tuff,2,7,77
tuff,2,7,78
tuff,2,7,79
tuff,2,7,80
tuff,2,7,81
tuff,2,7,82
tuff,2,7,83
tuff,2,7,84
tuff,2,7,85
tuff,2,7,86
bare,2,7,87
bare,2,7,88
bare,2,7,89
bare,2,7,90
bare,2,7,91
bare,2,7,92
bare,2,7,93
bare,2,7,94
tuff,2,7,95
tuff,2,7,96
tuff,2,7,97
tuff,2,7,98
tuff,2,7,99
tuff,2,7,100
tuff,2,7,101
tuff,2,7,102
tuff,2,7,103
tuff,2,7,104
tuff,2,7,105
tuff,2,7,106
tuff,2,7,107
bare,2,7,108
bare,2,7,109
bare,2,7,110
bare,2,7,111
bare,2,7,112
bare,2,7,113
bare,2,7,114
bare,2,7,115
bare,2,7,116
bare,2,7,117
bare,2,7,118
bare,2,7,119
bare,2,7,120
bare,2,7,121
bare,3,-1,-1
bare,3,-1,0
bare,3,-1,1
bare,3,-1,2
bare,3,-1,3
bare,3,-1,4
bare,3,-1,5
bare,3,-1,6
bare,3,-1,7
bare,3,-1,8
bare,3,-1,9
bare,3,-1,10
bare,3,-1,11
bare,3,-1,12
bare,3,-1,13
bare,3,-1,14
bare,3,-1,15
bare,3,-1,16
bare,3,-1,17
bare,3,-1,18
bare,3,-1,19
bare,3,-1,20
bare,3,-1,21
bare,3,-1,22
bare,3,-1,23
bare,3,-1,24
bare,3,-1,25
bare,3,-1,26
bare,3,-1,27
bare,3,-1,28
bare,3,-1,29
bare,3,-1,30
bare,3,-1,31
bare,3,-1,32
bare,3,-1,33
bare,3,-1,34
bare,3,-1,35
bare,3,-1,36
bare,3,-1,37
bare,3,-1,38
bare,3,-1,39
bare,3,-1,40
bare,3,-1,41
bare,3,-1,42
bare,3,-1,43
bare,3,-1,44
bare,3,-1,45
bare,3,-1,46
bare,3,-1,47
bare,3,-1,48
bare,3,-1,49
bare,3,-1,50
bare,3,-1,51
bare,3,-1,52
bare,3,-1,53
bare,3,-1,54
bare,3,-1,55
bare,3,-1,56
bare,3,-1,57
gravel,3,-1,58
gravel,3,-1,59
gravel,3,-1,60
gravel,3,-1,61
bare,3,-1,62
bare,3,-1,63
bare,3,-1,64
bare,3,-1,65
bare,3,-1,66
bare,3,-1,67
bare,3,-1,68
bare,3,-1,69
bare,3,-1,70
bare,3,-1,71
bare,3,-1,72
bare,3,-1,73
bare,3,-1,74
bare,3,-1,75
bare,3,-1,76
gravel,3,-1,77
gravel,3,-1,78
gravel,3,-1,79
tuff,3,-1,80
tuff,3,-1,81
tuff,3,-1,82
tuff,3,-1,83
bare,3,-1,84
bare,3,-1,85
bare,3,-1,86
bare,3,-1,87
bare,3,-1,88
bare,3,-1,89
bare,3,-1,90
bare,3,-1,91
bare,3,-1,92
bare,3,-1,93
bare,3,-1,94
bare,3,-1,95
bare,3,-1,96
bare,3,-1,97
bare,3,-1,98
redstone,3,-1,99
redstone,3,-1,100
bare,3,-1,101
bare,3,-1,102
bare,3,-1,103
bare,3,-1,104
bare,3,-1,105
bare,3,-1,106
bare,3,-1,107
bare,3,-1,108
bare,3,-1,109
bare,3,-1,110
bare,3,-1,111
bare,3,-1,112
bare,3,-1,113
bare,3,-1,114
bare,3,-1,115
bare,3,-1,116
bare,3,-1,117
bare,3,-1,118
bare,3,-1,119
bare,3,-1,120
bare,3,-1,121
bare,3,0,-1
bare,3,0,121
bare,3,1,-1
bare,3,1,121
bare,3,2,-1
bare,3,2,121
bare,3,3,-1
bare,3,3,121
bare,3,4,-1
bare,3,4,121
bare,3,5,-1
bare,3,5,121
bare,3,6,-1
bare,3,6,121
bare,3,7,-1
bare,3,7,0
bare,3,7,1
bare,3,7,2
bare,3,7,3
bare,3,7,4
tuff,3,7,5
tuff,3,7,6
tuff,3,7,7
tuff,3,7,8
tuff,3,7,9
tuff,3,7,10
tuff,3,7,11
tuff,3,7,12
bare,3,7,13
bare,3,7,14
bare,3,7,15
bare,3,7,16
bare,3,7,17
bare,3,7,18
bare,3,7,19
bare,3,7,20
bare,3,7,21
bare,3,7,22
bare,3,7,23
bare,3,7,24
bare,3,7,25
bare,3,7,26
bare,3,7,27
bare,3,7,28
bare,3,7,29
bare,3,7,30
bare,3,7,31
bare,3,7,32
bare,3,7,33
bare,3,7,34
bare,3,7,35
bare,3,7,36
bare,3,7,37
bare,3,7,38
bare,3,7,39
bare,3,7,40
bare,3,7,41
bare,3,7,42
bare,3,7,43
bare,3,7,44
bare,3,7,45
bare,3,7,46
bare,3,7,47
bare,3,7,48
bare,3,7,49
bare,3,7,50
bare,3,7,51
bare,3,7,52
bare,3,7,53
bare,3,7,54
bare,3,7,55
bare,3,7,56
bare,3,7,57
bare,3,7,58
bare,3,7,59
tuff,3,7,60
tuff,3,7,61
tuff,3,7,62
tuff,3,7,63
tuff,3,7,64
tuff,3,7,65
tuff,3,7,66
tuff,3,7,67
tuff,3,7,68
bare,3,7,69
tuff,3,7,70
tuff,3,7,71
tuff,3,7,72
tuff,3,7,73
tuff,3,7,74
tuff,3,7,75
tuff,3,7,76
tuff,3,7,77
tuff,3,7,78
tuff,3,7,79
tuff,3,7,80
tuff,3,7,81
tuff,3,7,82
tuff,3,7,83
tuff,3,7,84
tuff,3,7,85
tuff,3,7,86
bare,3,7,87
bare,3,7,88
bare,3,7,89
bare,3,7,90
bare,3,7,91
bare,3,7,92
bare,3,7,93
bare,3,7,94
bare,3,7,95
tuff,3,7,96
tuff,3,7,97
tuff,3,7,98
tuff,3,7,99
tuff,3,7,100
tuff,3,7,101
tuff,3,7,102
tuff,3,7,103
tuff,3,7,104
tuff,3,7,105
tuff,3,7,106
tuff,3,7,107
tuff,3,7,108
bare,3,7,109
bare,3,7,110
bare,3,7,111
bare,3,7,112
bare,3,7,113
bare,3,7,114
bare,3,7,115
bare,3,7,116
bare,3,7,117
bare,3,7,118
bare,3,7,119
bare,3,7,120
bare,3,7,121
bare,4,-1,-1
bare,4,-1,0
bare,4,-1,1
bare,4,-1,2
bare,4,-1,3
bare,4,-1,4
bare,4,-1,5
bare,4,-1,6
bare,4,-1,7
bare,4,-1,8
bare,4,-1,9
bare,4,-1,10
bare,4,-1,11
bare,4,-1,12
bare,4,-1,13
bare,4,-1,14
bare,4,-1,15
bare,4,-1,16
bare,4,-1,17
bare,4,-1,18
bare,4,-1,19
bare,4,-1,20
bare,4,-1,21
bare,4,-1,22
bare,4,-1,23
bare,4,-1,24
bare,4,-1,25
bare,4,-1,26
bare,4,-1,27
bare,4,-1,28
bare,4,-1,29
bare,4,-1,30
bare,4,-1,31
bare,4,-1,32
bare,4,-1,33
bare,4,-1,34
bare,4,-1,35
bare,4,-1,36
bare,4,-1,37
bare,4,-1,38
bare,4,-1,39
bare,4,-1,40
bare,4,-1,41
bare,4,-1,42
bare,4,-1,43
bare,4,-1,44
bare,4,-1,45
bare,4,-1,46
bare,4,-1,47
bare,4,-1,48
bare,4,-1,49
bare,4,-1,50
bare,4,-1,51
bare,4,-1,52
bare,4,-1,53
bare,4,-1,54
bare,4,-1,55
bare,4,-1,56
bare,4,-1,57
gravel,4,-1,58
gravel,4,-1,59
gravel,4,-1,60
gravel,4,-1,61
gravel,4,-1,62
bare,4,-1,63
bare,4,-1,64
bare,4,-1,65
bare,4,-1,66
bare,4,-1,67
bare,4,-1,68
bare,4,-1,69
bare,4,-1,70
bare,4,-1,71
bare,4,-1,72
bare,4,-1,73
bare,4,-1,74
bare,4,-1,75
bare,4,-1,76
bare,4,-1,77
bare,4,-1,78
tuff,4,-1,79
tuff,4,-1,80
tuff,4,-1,81
tuff,4,-1,82
tuff,4,-1,83
tuff,4,-1,84
bare,4,-1,85
bare,4,-1,86
bare,4,-1,87
bare,4,-1,88
bare,4,-1,89
bare,4,-1,90
bare,4,-1,91
bare,4,-1,92
bare,4,-1,93
bare,4,-1,94
bare,4,-1,95
bare,4,-1,96
bare,4,-1,97
bare,4,-1,98
redstone,4,-1,99
redstone,4,-1,100
bare,4,-1,101
bare,4,-1,102
bare,4,-1,103
bare,4,-1,104
bare,4,-1,105
bare,4,-1,106
bare,4,-1,107
bare,4,-1,108
bare,4,-1,109
bare,4,-1,110
bare,4,-1,111
bare,4,-1,112
bare,4,-1,113
bare,4,-1,114
bare,4,-1,115
bare,4,-1,116
bare,4,-1,117
bare,4,-1,118
bare,4,-1,119
bare,4,-1,120
bare,4,-1,121
bare,4,0,-1
bare,4,0,121
bare,4,1,-1
bare,4,1,121
bare,4,2,-1
bare,4,2,121
bare,4,3,-1
bare,4,3,121
bare,4,4,-1
bare,4,4,121
bare,4,5,-1
bare,4,5,121
bare,4,6,-1
bare,4,6,121
bare,4,7,-1
bare,4,7,0
bare,4,7,1
bare,4,7,2
bare,4,7,3
bare,4,7,4
tuff,4,7,5
tuff,4,7,6
tuff,4,7,7
tuff,4,7,8
tuff,4,7,9
tuff,4,7,10
tuff,4,7,11
tuff,4,7,12
bare,4,7,13
bare,4,7,14
bare,4,7,15
bare,4,7,16
bare,4,7,17
bare,4,7,18
bare,4,7,19
bare,4,7,20
bare,4,7,21
bare,4,7,22
bare,4,7,23
bare,4,7,24
bare,4,7,25
bare,4,7,26
bare,4,7,27
bare,4,7,28
bare,4,7,29
bare,4,7,30
bare,4,7,31
bare,4,7,32
bare,4,7,33
bare,4,7,34
bare,4,7,35
bare,4,7,36
bare,4,7,37
bare,4,7,38
bare,4,7,39
bare,4,7,40
bare,4,7,41
bare,4,7,42
bare,4,7,43
bare,4,7,44
bare,4,7,45
bare,4,7,46
bare,4,7,47
bare,4,7,48
bare,4,7,49
bare,4,7,50
bare,4,7,51
bare,4,7,52
bare,4,7,53
bare,4,7,54
bare,4,7,55
bare,4,7,56
bare,4,7,57
bare,4,7,58
tuff,4,7,59
tuff,4,7,60
tuff,4,7,61
tuff,4,7,62
tuff,4,7,63
tuff,4,7,64
tuff,4,7,65
tuff,4,7,66
tuff,4,7,67
tuff,4,7,68
tuff,4,7,69
tuff,4,7,70
tuff,4,7,71
tuff,4,7,72
tuff,4,7,73
tuff,4,7,74
tuff,4,7,75
tuff,4,7,76
tuff,4,7,77
tuff,4,7,78
tuff,4,7,79
tuff,4,7,80
tuff,4,7,81
tuff,4,7,82
tuff,4,7,83
tuff,4,7,84
tuff,4,7,85
tuff,4,7,86
bare,4,7,87
bare,4,7,88
bare,4,7,89
bare,4,7,90
bare,4,7,91
bare,4,7,92
bare,4,7,93
bare,4,7,94
bare,4,7,95
bare,4,7,96
tuff,4,7,97
tuff,4,7,98
tuff,4,7,99
tuff,4,7,100
tuff,4,7,101
tuff,4,7,102
tuff,4,7,103
tuff,4,7,104
tuff,4,7,105
tuff,4,7,106
tuff,4,7,107
tuff,4,7,108
tuff,4,7,109
tuff,4,7,110
bare,4,7,111
bare,4,7,112
bare,4,7,113
bare,4,7,114
bare,4,7,115
bare,4,7,116
bare,4,7,117
bare,4,7,118
bare,4,7,119
bare,4,7,120
bare,4,7,121
bare,5,-1,-1
bare,5,-1,0
bare,5,-1,1
bare,5,-1,2
bare,5,-1,3
bare,5,-1,4
bare,5,-1,5
bare,5,-1,6
bare,5,-1,7
bare,5,-1,8
bare,5,-1,9
bare,5,-1,10
bare,5,-1,11
bare,5,-1,12
bare,5,-1,13
bare,5,-1,14
bare,5,-1,15
bare,5,-1,16
bare,5,-1,17
bare,5,-1,18
bare,5,-1,19
bare,5,-1,20
bare,5,-1,21
bare,5,-1,22
bare,5,-1,23
bare,5,-1,24
bare,5,-1,25
bare,5,-1,26
bare,5,-1,27
bare,5,-1,28
bare,5,-1,29
bare,5,-1,30
bare,5,-1,31
bare,5,-1,32
bare,5,-1,33
bare,5,-1,34
bare,5,-1,35
bare,5,-1,36
bare,5,-1,37
bare,5,-1,38
bare,5,-1,39
bare,5,-1,40
bare,5,-1,41
bare,5,-1,42
bare,5,-1,43
bare,5,-1,44
bare,5,-1,45
bare,5,-1,46
bare,5,-1,47
bare,5,-1,48
bare,5,-1,49
bare,5,-1,50
bare,5,-1,51
bare,5,-1,52
bare,5,-1,53
bare,5,-1,54
bare,5,-1,55
bare,5,-1,56
bare,5,-1,57
gravel,5,-1,58
gravel,5,-1,59
gravel,5,-1,60
gravel,5,-1,61
bare,5,-1,62
bare,5,-1,63
bare,5,-1,64
bare,5,-1,65
bare,5,-1,66
bare,5,-1,67
bare,5,-1,68
bare,5,-1,69
bare,5,-1,70
bare,5,-1,71
bare,5,-1,72
bare,5,-1,73
bare,5,-1,74
bare,5,-1,75
bare,5,-1,76
bare,5,-1,77
bare,5,-1,78
bare,5,-1,79
tuff,5,-1,80
tuff,5,-1,81
tuff,5,-1,82
tuff,5,-1,83
tuff,5,-1,84
tuff,5,-1,85
bare,5,-1,86
bare,5,-1,87
bare,5,-1,88
bare,5,-1,89
bare,5,-1,90
bare,5,-1,91
bare,5,-1,92
bare,5,-1,93
bare,5,-1,94
bare,5,-1,95
bare,5,-1,96
bare,5,-1,97
bare,5,-1,98
bare,5,-1,99
bare,5,-1,100
bare,5,-1,101
bare,5,-1,102
bare,5,-1,103
bare,5,-1,104
bare,5,-1,105
bare,5,-1,106
bare,5,-1,107
bare,5,-1,108
bare,5,-1,109
bare,5,-1,110
bare,5,-1,111
bare,5,-1,112
bare,5,-1,113
bare,5,-1,114
bare,5,-1,115
bare,5,-1,116
bare,5,-1,117
bare,5,-1,118
bare,5,-1,119
bare,5,-1,120
bare,5,-1,121
bare,5,0,-1
bare,5,0,121
bare,5,1,-1
bare,5,1,121
bare,5,2,-1
bare,5,2,121
bare,5,3,-1
bare,5,3,121
bare,5,4,-1
bare,5,4,121
bare,5,5,-1
bare,5,5,121
bare,5,6,-1
bare,5,6,121
bare,5,7,-1
bare,5,7,0
bare,5,7,1
bare,5,7,2
bare,5,7,3
bare,5,7,4
tuff,5,7,5
tuff,5,7,6
tuff,5,7,7
tuff,5,7,8
tuff,5,7,9
tuff,5,7,10
tuff,5,7,11
tuff,5,7,12
bare,5,7,13
bare,5,7,14
bare,5,7,15
bare,5,7,16
bare,5,7,17
bare,5,7,18
bare,5,7,19
bare,5,7,20
bare,5,7,21
bare,5,7,22
bare,5,7,23
bare,5,7,24
bare,5,7,25
bare,5,7,26
bare,5,7,27
bare,5,7,28
bare,5,7,29
bare,5,7,30
bare,5,7,31
bare,5,7,32
bare,5,7,33
bare,5,7,34
bare,5,7,35
bare,5,7,36
bare,5,7,37
bare,5,7,38
bare,5,7,39
bare,5,7,40
bare,5,7,41
bare,5,7,42
bare,5,7,43
bare,5,7,44
bare,5,7,45
bare,5,7,46
bare,5,7,47
bare,5,7,48
bare,5,7,49
bare,5,7,50
bare,5,7,51
bare,5,7,52
bare,5,7,53
bare,5,7,54
bare,5,7,55
bare,5,7,56
bare,5,7,57
bare,5,7,58
bare,5,7,59
tuff,5,7,60
tuff,5,7,61
tuff,5,7,62
tuff,5,7,63
tuff,5,7,64
tuff,5,7,65
tuff,5,7,66
tuff,5,7,67
tuff,5,7,68
tuff,5,7,69
tuff,5,7,70
tuff,5,7,71
tuff,5,7,72
tuff,5,7,73
tuff,5,7,74
tuff,5,7,75
tuff,5,7,76
tuff,5,7,77
tuff,5,7,78
tuff,5,7,79
tuff,5,7,80
tuff,5,7,81
tuff,5,7,82
tuff,5,7,83
tuff,5,7,84
tuff,5,7,85
bare,5,7,86
bare,5,7,87
bare,5,7,88
bare,5,7,89
bare,5,7,90
bare,5,7,91
bare,5,7,92
bare,5,7,93
bare,5,7,94
bare,5,7,95
bare,5,7,96
tuff,5,7,97
tuff,5,7,98
tuff,5,7,99
tuff,5,7,100
tuff,5,7,101
tuff,5,7,102
tuff,5,7,103
tuff,5,7,104
tuff,5,7,105
tuff,5,7,106
tuff,5,7,107
tuff,5,7,108
tuff,5,7,109
tuff,5,7,110
tuff,5,7,111
bare,5,7,112
bare,5,7,113
bare,5,7,114
bare,5,7,115
bare,5,7,116
bare,5,7,117
bare,5,7,118
bare,5,7,119
bare,5,7,120
bare,5,7,121
bare,6,-1,-1
bare,6,-1,0
bare,6,-1,1
bare,6,-1,2
bare,6,-1,3
bare,6,-1,4
bare,6,-1,5
bare,6,-1,6
bare,6,-1,7
bare,6,-1,8
bare,6,-1,9
bare,6,-1,10
bare,6,-1,11
bare,6,-1,12
bare,6,-1,13
bare,6,-1,14
bare,6,-1,15
bare,6,-1,16
bare,6,-1,17
bare,6,-1,18
bare,6,-1,19
bare,6,-1,20
bare,6,-1,21
bare,6,-1,22
bare,6,-1,23
bare,6,-1,24
bare,6,-1,25
bare,6,-1,26
bare,6,-1,27
bare,6,-1,28
bare,6,-1,29
bare,6,-1,30
bare,6,-1,31
bare,6,-1,32
bare,6,-1,33
bare,6,-1,34
bare,6,-1,35
bare,6,-1,36
bare,6,-1,37
bare,6,-1,38
bare,6,-1,39
bare,6,-1,40
bare,6,-1,41
bare,6,-1,42
bare,6,-1,43
bare,6,-1,44
bare,6,-1,45
bare,6,-1,46
bare,6,-1,47
bare,6,-1,48
bare,6,-1,49
bare,6,-1,50
bare,6,-1,51
bare,6,-1,52
bare,6,-1,53
bare,6,-1,54
bare,6,-1,55
bare,6,-1,56
gravel,6,-1,57
gravel,6,-1,58
gravel,6,-1,59
gravel,6,-1,60
gravel,6,-1,61
bare,6,-1,62
bare,6,-1,63
bare,6,-1,64
bare,6,-1,65
bare,6,-1,66
bare,6,-1,67
bare,6,-1,68
bare,6,-1,69
bare,6,-1,70
bare,6,-1,71
bare,6,-1,72
bare,6,-1,73
bare,6,-1,74
bare,6,-1,75
bare,6,-1,76
bare,6,-1,77
bare,6,-1,78
bare,6,-1,79
tuff,6,-1,80
tuff,6,-1,81
tuff,6,-1,82
tuff,6,-1,83
tuff,6,-1,84
tuff,6,-1,85
tuff,6,-1,86
bare,6,-1,87
bare,6,-1,88
bare,6,-1,89
bare,6,-1,90
bare,6,-1,91
bare,6,-1,92
bare,6,-1,93
bare,6,-1,94
bare,6,-1,95
bare,6,-1,96
bare,6,-1,97
bare,6,-1,98
bare,6,-1,99
bare,6,-1,100
bare,6,-1,101
bare,6,-1,102
bare,6,-1,103
bare,6,-1,104
bare,6,-1,105
bare,6,-1,106
bare,6,-1,107
bare,6,-1,108
bare,6,-1,109
bare,6,-1,110
bare,6,-1,111
bare,6,-1,112
bare,6,-1,113
bare,6,-1,114
bare,6,-1,115
bare,6,-1,116
bare,6,-1,117
bare,6,-1,118
bare,6,-1,119
bare,6,-1,120
bare,6,-1,121
bare,6,0,-1
bare,6,0,121
bare,6,1,-1
bare,6,1,121
bare,6,2,-1
bare,6,2,121
bare,6,3,-1
bare,6,3,121
bare,6,4,-1
bare,6,4,121
bare,6,5,-1
bare,6,5,121
bare,6,6,-1
bare,6,6,121
bare,6,7,-1
bare,6,7,0
bare,6,7,1
bare,6,7,2
bare,6,7,3
bare,6,7,4
bare,6,7,5
tuff,6,7,6
tuff,6,7,7
tuff,6,7,8
tuff,6,7,9
tuff,6,7,10
tuff,6,7,11
tuff,6,7,12
bare,6,7,13
bare,6,7,14
bare,6,7,15
bare,6,7,16
bare,6,7,17
bare,6,7,18
bare,6,7,19
bare,6,7,20
bare,6,7,21
bare,6,7,22
bare,6,7,23
bare,6,7,24
bare,6,7,25
bare,6,7,26
bare,6,7,27
bare,6,7,28
bare,6,7,29
bare,6,7,30
bare,6,7,31
bare,6,7,32
bare,6,7,33
bare,6,7,34
bare,6,7,35
bare,6,7,36
bare,6,7,37
bare,6,7,38
bare,6,7,39
bare,6,7,40
bare,6,7,41
bare,6,7,42
bare,6,7,43
bare,6,7,44
bare,6,7,45
bare,6,7,46
bare,6,7,47
bare,6,7,48
bare,6,7,49
bare,6,7,50
bare,6,7,51
bare,6,7,52
bare,6,7,53
bare,6,7,54
bare,6,7,55
bare,6,7,56
bare,6,7,57
bare,6,7,58
bare,6,7,59
tuff,6,7,60
tuff,6,7,61
tuff,6,7,62
tuff,6,7,63
tuff,6,7,64
tuff,6,7,65
tuff,6,7,66
tuff,6,7,67
tuff,6,7,68
tuff,6,7,69
tuff,6,7,70
tuff,6,7,71
tuff,6,7,72
tuff,6,7,73
bare,6,7,74
bare,6,7,75
bare,6,7,76
bare,6,7,77
bare,6,7,78
bare,6,7,79
bare,6,7,80
bare,6,7,81
bare,6,7,82
bare,6,7,83
bare,6,7,84
bare,6,7,85
bare,6,7,86
bare,6,7,87
bare,6,7,88
bare,6,7,89
bare,6,7,90
bare,6,7,91
bare,6,7,92
bare,6,7,93
bare,6,7,94
bare,6,7,95
bare,6,7,96
bare,6,7,97
tuff,6,7,98
tuff,6,7,99
tuff,6,7,100
tuff,6,7,101
tuff,6,7,102
tuff,6,7,103
tuff,6,7,104
tuff,6,7,105
tuff,6,7,106
tuff,6,7,107
tuff,6,7,108
tuff,6,7,109
tuff,6,7,110
tuff,6,7,111
bare,6,7,112
bare,6,7,113
bare,6,7,114
bare,6,7,115
bare,6,7,116
bare,6,7,117
bare,6,7,118
bare,6,7,119
bare,6,7,120
bare,6,7,121
bare,7,-1,-1
bare,7,-1,0
bare,7,-1,1
bare,7,-1,2
bare,7,-1,3
bare,7,-1,4
bare,7,-1,5
bare,7,-1,6
bare,7,-1,7
bare,7,-1,8
bare,7,-1,9
bare,7,-1,10
bare,7,-1,11
bare,7,-1,12
bare,7,-1,13
bare,7,-1,14
bare,7,-1,15
bare,7,-1,16
redstone,7,-1,17
bare,7,-1,18
bare,7,-1,19
bare,7,-1,20
bare,7,-1,21
bare,7,-1,22
bare,7,-1,23
bare,7,-1,24
bare,7,-1,25
bare,7,-1,26
bare,7,-1,27
bare,7,-1,28
bare,7,-1,29
bare,7,-1,30
bare,7,-1,31
bare,7,-1,32
bare,7,-1,33
bare,7,-1,34
bare,7,-1,35
bare,7,-1,36
bare,7,-1,37
bare,7,-1,38
bare,7,-1,39
bare,7,-1,40
bare,7,-1,41
bare,7,-1,42
bare,7,-1,43
bare,7,-1,44
bare,7,-1,45
bare,7,-1,46
bare,7,-1,47
bare,7,-1,48
bare,7,-1,49
bare,7,-1,50
bare,7,-1,51
bare,7,-1,52
bare,7,-1,53
bare,7,-1,54
bare,7,-1,55
bare,7,-1,56
gravel,7,-1,57
gravel,7,-1,58
gravel,7,-1,59
gravel,7,-1,60
redstone,7,-1,61
redstone,7,-1,62
bare,7,-1,63
bare,7,-1,64
bare,7,-1,65
bare,7,-1,66
bare,7,-1,67
bare,7,-1,68
bare,7,-1,69
bare,7,-1,70
bare,7,-1,71
bare,7,-1,72
bare,7,-1,73
bare,7,-1,74
bare,7,-1,75
bare,7,-1,76
bare,7,-1,77
bare,7,-1,78
bare,7,-1,79
tuff,7,-1,80
tuff,7,-1,81
tuff,7,-1,82
tuff,7,-1,83
tuff,7,-1,84
tuff,7,-1,85
tuff,7,-1,86
bare,7,-1,87
bare,7,-1,88
bare,7,-1,89
bare,7,-1,90
bare,7,-1,91
bare,7,-1,92
bare,7,-1,93
bare,7,-1,94
bare,7,-1,95
bare,7,-1,96
bare,7,-1,97
bare,7,-1,98
bare,7,-1,99
bare,7,-1,100
bare,7,-1,101
bare,7,-1,102
bare,7,-1,103
bare,7,-1,104
bare,7,-1,105
bare,7,-1,106
bare,7,-1,107
bare,7,-1,108
bare,7,-1,109
bare,7,-1,110
bare,7,-1,111
bare,7,-1,112
bare,7,-1,113
bare,7,-1,114
bare,7,-1,115
bare,7,-1,116
bare,7,-1,117
bare,7,-1,118
bare,7,-1,119
bare,7,-1,120
bare,7,-1,121
bare,7,0,-1
bare,7,0,121
bare,7,1,-1
bare,7,1,121
bare,7,2,-1
bare,7,2,121
bare,7,3,-1
bare,7,3,121
bare,7,4,-1
bare,7,4,121
bare,7,5,-1
bare,7,5,121
bare,7,6,-1
bare,7,6,121
bare,7,7,-1
bare,7,7,0
bare,7,7,1
bare,7,7,2
bare,7,7,3
bare,7,7,4
bare,7,7,5
bare,7,7,6
tuff,7,7,7
tuff,7,7,8
tuff,7,7,9
tuff,7,7,10
tuff,7,7,11
tuff,7,7,12
bare,7,7,13
bare,7,7,14
bare,7,7,15
bare,7,7,16
bare,7,7,17
bare,7,7,18
bare,7,7,19
bare,7,7,20
bare,7,7,21
bare,7,7,22
bare,7,7,23
bare,7,7,24
bare,7,7,25
bare,7,7,26
bare,7,7,27
bare,7,7,28
bare,7,7,29
bare,7,7,30
bare,7,7,31
bare,7,7,32
bare,7,7,33
bare,7,7,34
bare,7,7,35
bare,7,7,36
bare,7,7,37
bare,7,7,38
bare,7,7,39
bare,7,7,40
bare,7,7,41
bare,7,7,42
bare,7,7,43
bare,7,7,44
bare,7,7,45
bare,7,7,46
bare,7,7,47
bare,7,7,48
bare,7,7,49
bare,7,7,50
bare,7,7,51
bare,7,7,52
bare,7,7,53
bare,7,7,54
bare,7,7,55
bare,7,7,56
bare,7,7,57
bare,7,7,58
bare,7,7,59
bare,7,7,60
bare,7,7,61
bare,7,7,62
tuff,7,7,63
tuff,7,7,64
tuff,7,7,65
tuff,7,7,66
tuff,7,7,67
tuff,7,7,68
tuff,7,7,69
tuff,7,7,70
tuff,7,7,71
tuff,7,7,72
tuff,7,7,73
tuff,7,7,74
tuff,7,7,75
bare,7,7,76
bare,7,7,77
bare,7,7,78
bare,7,7,79
bare,7,7,80
bare,7,7,81
bare,7,7,82
bare,7,7,83
bare,7,7,84
bare,7,7,85
bare,7,7,86
bare,7,7,87
bare,7,7,88
bare,7,7,89
bare,7,7,90
bare,7,7,91
bare,7,7,92
bare,7,7,93
bare,7,7,94
bare,7,7,95
bare,7,7,96
bare,7,7,97
bare,7,7,98
bare,7,7,99
tuff,7,7,100
tuff,7,7,101
tuff,7,7,102
tuff,7,7,103
tuff,7,7,104
tuff,7,7,105
tuff,7,7,106
tuff,7,7,107
tuff,7,7,108
tuff,7,7,109
tuff,7,7,110
tuff,7,7,111
bare,7,7,112
bare,7,7,113
bare,7,7,114
bare,7,7,115
bare,7,7,116
bare,7,7,117
bare,7,7,118
bare,7,7,119
bare,7,7,120
bare,7,7,121
bare,8,-1,-1
bare,8,-1,0
bare,8,-1,1
bare,8,-1,2
bare,8,-1,3
bare,8,-1,4
bare,8,-1,5
bare,8,-1,6
bare,8,-1,7
bare,8,-1,8
bare,8,-1,9
bare,8,-1,10
bare,8,-1,11
bare,8,-1,12
bare,8,-1,13
bare,8,-1,14
bare,8,-1,15
bare,8,-1,16
bare,8,-1,17
bare,8,-1,18
bare,8,-1,19
bare,8,-1,20
bare,8,-1,21
bare,8,-1,22
bare,8,-1,23
bare,8,-1,24
bare,8,-1,25
bare,8,-1,26
bare,8,-1,27
bare,8,-1,28
bare,8,-1,29
bare,8,-1,30
bare,8,-1,31
bare,8,-1,32
bare,8,-1,33
bare,8,-1,34
bare,8,-1,35
bare,8,-1,36
bare,8,-1,37
bare,8,-1,38
bare,8,-1,39
bare,8,-1,40
bare,8,-1,41
bare,8,-1,42
bare,8,-1,43
bare,8,-1,44
bare,8,-1,45
bare,8,-1,46
bare,8,-1,47
bare,8,-1,48
bare,8,-1,49
bare,8,-1,50
bare,8,-1,51
bare,8,-1,52
bare,8,-1,53
bare,8,-1,54
bare,8,-1,55
bare,8,-1,56
gravel,8,-1,57
gravel,8,-1,58
gravel,8,-1,59
gravel,8,-1,60
redstone,8,-1,61
redstone,8,-1,62
bare,8,-1,63
bare,8,-1,64
bare,8,-1,65
bare,8,-1,66
bare,8,-1,67
bare,8,-1,68
bare,8,-1,69
bare,8,-1,70
bare,8,-1,71
bare,8,-1,72
bare,8,-1,73
bare,8,-1,74
bare,8,-1,75
bare,8,-1,76
bare,8,-1,77
bare,8,-1,78
bare,8,-1,79
tuff,8,-1,80
tuff,8,-1,81
tuff,8,-1,82
tuff,8,-1,83
tuff,8,-1,84
tuff,8,-1,85
bare,8,-1,86
bare,8,-1,87
bare,8,-1,88
bare,8,-1,89
bare,8,-1,90
bare,8,-1,91
bare,8,-1,92
bare,8,-1,93
bare,8,-1,94
bare,8,-1,95
bare,8,-1,96
bare,8,-1,97
bare,8,-1,98
bare,8,-1,99
bare,8,-1,100
bare,8,-1,101
bare,8,-1,102
bare,8,-1,103
bare,8,-1,104
bare,8,-1,105
bare,8,-1,106
gravel,8,-1,107
gravel,8,-1,108
gravel,8,-1,109
bare,8,-1,110
bare,8,-1,111
bare,8,-1,112
bare,8,-1,113
bare,8,-1,114
bare,8,-1,115
bare,8,-1,116
bare,8,-1,117
bare,8,-1,118
bare,8,-1,119
bare,8,-1,120
bare,8,-1,121
bare,8,0,-1
bare,8,0,121
bare,8,1,-1
bare,8,1,121
bare,8,2,-1
bare,8,2,121
bare,8,3,-1
bare,8,3,121
bare,8,4,-1
bare,8,4,121
bare,8,5,-1
bare,8,5,121
bare,8,6,-1
bare,8,6,121
bare,8,7,-1
bare,8,7,0
bare,8,7,1
bare,8,7,2
bare,8,7,3
bare,8,7,4
bare,8,7,5
bare,8,7,6
bare,8,7,7
tuff,8,7,8
tuff,8,7,9
tuff,8,7,10
tuff,8,7,11
tuff,8,7,12
bare,8,7,13
gravel,8,7,14
gravel,8,7,15
bare,8,7,16
bare,8,7,17
bare,8,7,18
bare,8,7,19
bare,8,7,20
bare,8,7,21
bare,8,7,22
bare,8,7,23
bare,8,7,24
bare,8,7,25
bare,8,7,26
bare,8,7,27
bare,8,7,28
bare,8,7,29
bare,8,7,30
bare,8,7,31
bare,8,7,32
bare,8,7,33
bare,8,7,34
bare,8,7,35
bare,8,7,36
bare,8,7,37
bare,8,7,38
bare,8,7,39
bare,8,7,40
bare,8,7,41
bare,8,7,42
bare,8,7,43
bare,8,7,44
bare,8,7,45
bare,8,7,46
bare,8,7,47
bare,8,7,48
bare,8,7,49
bare,8,7,50
bare,8,7,51
bare,8,7,52
bare,8,7,53
bare,8,7,54
bare,8,7,55
bare,8,7,56
bare,8,7,57
bare,8,7,58
bare,8,7,59
bare,8,7,60
bare,8,7,61
bare,8,7,62
bare,8,7,63
tuff,8,7,64
tuff,8,7,65
tuff,8,7,66
tuff,8,7,67
tuff,8,7,68
tuff,8,7,69
tuff,8,7,70
tuff,8,7,71
tuff,8,7,72
tuff,8,7,73
tuff,8,7,74
tuff,8,7,75
tuff,8,7,76
bare,8,7,77
bare,8,7,78
bare,8,7,79
bare,8,7,80
bare,8,7,81
bare,8,7,82
bare,8,7,83
bare,8,7,84
bare,8,7,85
bare,8,7,86
bare,8,7,87
bare,8,7,88
bare,8,7,89
bare,8,7,90
bare,8,7,91
bare,8,7,92
bare,8,7,93
bare,8,7,94
bare,8,7,95
bare,8,7,96
bare,8,7,97
bare,8,7,98
bare,8,7,99
bare,8,7,100
tuff,8,7,101
tuff,8,7,102
tuff,8,7,103
tuff,8,7,104
tuff,8,7,105
tuff,8,7,106
tuff,8,7,107
tuff,8,7,108
tuff,8,7,109
tuff,8,7,110
tuff,8,7,111
bare,8,7,112
bare,8,7,113
bare,8,7,114
bare,8,7,115
bare,8,7,116
bare,8,7,117
bare,8,7,118
bare,8,7,119
bare,8,7,120
bare,8,7,121
bare,9,-1,-1
bare,9,-1,0
bare,9,-1,1
bare,9,-1,2
bare,9,-1,3
bare,9,-1,4
bare,9,-1,5
bare,9,-1,6
bare,9,-1,7
bare,9,-1,8
bare,9,-1,9
bare,9,-1,10
bare,9,-1,11
bare,9,-1,12
bare,9,-1,13
bare,9,-1,14
bare,9,-1,15
bare,9,-1,16
bare,9,-1,17
bare,9,-1,18
bare,9,-1,19
bare,9,-1,20
bare,9,-1,21
bare,9,-1,22
bare,9,-1,23
bare,9,-1,24
bare,9,-1,25
bare,9,-1,26
bare,9,-1,27
bare,9,-1,28
bare,9,-1,29
bare,9,-1,30
bare,9,-1,31
bare,9,-1,32
bare,9,-1,33
bare,9,-1,34
bare,9,-1,35
bare,9,-1,36
bare,9,-1,37
bare,9,-1,38
bare,9,-1,39
bare,9,-1,40
bare,9,-1,41
bare,9,-1,42
bare,9,-1,43
bare,9,-1,44
bare,9,-1,45
bare,9,-1,46
bare,9,-1,47
bare,9,-1,48
bare,9,-1,49
bare,9,-1,50
bare,9,-1,51
bare,9,-1,52
bare,9,-1,53
bare,9,-1,54
bare,9,-1,55
bare,9,-1,56
bare,9,-1,57
gravel,9,-1,58
gravel,9,-1,59
bare,9,-1,60
bare,9,-1,61
bare,9,-1,62
bare,9,-1,63
bare,9,-1,64
bare,9,-1,65
bare,9,-1,66
bare,9,-1,67
bare,9,-1,68
bare,9,-1,69
bare,9,-1,70
bare,9,-1,71
bare,9,-1,72
bare,9,-1,73
bare,9,-1,74
bare,9,-1,75
bare,9,-1,76
bare,9,-1,77
bare,9,-1,78
bare,9,-1,79
tuff,9,-1,80
tuff,9,-1,81
tuff,9,-1,82
tuff,9,-1,83
tuff,9,-1,84
tuff,9,-1,85
tuff,9,-1,86
bare,9,-1,87
bare,9,-1,88
bare,9,-1,89
bare,9,-1,90
bare,9,-1,91
bare,9,-1,92
bare,9,-1,93
bare,9,-1,94
bare,9,-1,95
bare,9,-1,96
bare,9,-1,97
bare,9,-1,98
bare,9,-1,99
bare,9,-1,100
bare,9,-1,101
bare,9,-1,102
bare,9,-1,103
bare,9,-1,104
bare,9,-1,105
bare,9,-1,106
gravel,9,-1,107
gravel,9,-1,108
gravel,9,-1,109
gravel,9,-1,110
bare,9,-1,111
bare,9,-1,112
bare,9,-1,113
bare,9,-1,114
bare,9,-1,115
bare,9,-1,116
bare,9,-1,117
bare,9,-1,118
bare,9,-1,119
bare,9,-1,120
bare,9,-1,121
bare,9,0,-1
bare,9,0,121
bare,9,1,-1
bare,9,1,121
bare,9,2,-1
bare,9,2,121
bare,9,3,-1
bare,9,3,121
bare,9,4,-1
bare,9,4,121
bare,9,5,-1
bare,9,5,121
bare,9,6,-1
bare,9,6,121
bare,9,7,-1
bare,9,7,0
bare,9,7,1
bare,9,7,2
bare,9,7,3
bare,9,7,4
bare,9,7,5
bare,9,7,6
bare,9,7,7
bare,9,7,8
tuff,9,7,9
tuff,9,7,10
gravel,9,7,11
gravel,9,7,12
gravel,9,7,13
gravel,9,7,14
gravel,9,7,15
gravel,9,7,16
gravel,9,7,17
bare,9,7,18
bare,9,7,19
bare,9,7,20
bare,9,7,21
bare,9,7,22
bare,9,7,23
bare,9,7,24
bare,9,7,25
bare,9,7,26
bare,9,7,27
bare,9,7,28
bare,9,7,29
bare,9,7,30
bare,9,7,31
bare,9,7,32
bare,9,7,33
bare,9,7,34
bare,9,7,35
bare,9,7,36
bare,9,7,37
bare,9,7,38
bare,9,7,39
bare,9,7,40
bare,9,7,41
bare,9,7,42
bare,9,7,43
bare,9,7,44
bare,9,7,45
bare,9,7,46
bare,9,7,47
bare,9,7,48
bare,9,7,49
bare,9,7,50
bare,9,7,51
bare,9,7,52
bare,9,7,53
bare,9,7,54
bare,9,7,55
bare,9,7,56
bare,9,7,57
bare,9,7,58
bare,9,7,59
bare,9,7,60
bare,9,7,61
bare,9,7,62
bare,9,7,63
bare,9,7,64
tuff,9,7,65
tuff,9,7,66
tuff,9,7,67
tuff,9,7,68
tuff,9,7,69
tuff,9,7,70
tuff,9,7,71
tuff,9,7,72
tuff,9,7,73
tuff,9,7,74
tuff,9,7,75
tuff,9,7,76
bare,9,7,77
bare,9,7,78
bare,9,7,79
bare,9,7,80
bare,9,7,81
bare,9,7,82
bare,9,7,83
bare,9,7,84
bare,9,7,85
bare,9,7,86
bare,9,7,87
bare,9,7,88
bare,9,7,89
bare,9,7,90
bare,9,7,91
bare,9,7,92
bare,9,7,93
bare,9,7,94
bare,9,7,95
bare,9,7,96
bare,9,7,97
bare,9,7,98
bare,9,7,99
bare,9,7,100
bare,9,7,101
bare,9,7,102
bare,9,7,103
tuff,9,7,104
bare,9,7,105
tuff,9,7,106
tuff,9,7,107
tuff,9,7,108
tuff,9,7,109
tuff,9,7,110
bare,9,7,111
bare,9,7,112
bare,9,7,113
bare,9,7,114
bare,9,7,115
bare,9,7,116
bare,9,7,117
bare,9,7,118
bare,9,7,119
bare,9,7,120
bare,9,7,121
bare,10,-1,-1
bare,10,-1,0
bare,10,-1,1
bare,10,-1,2
bare,10,-1,3
bare,10,-1,4
bare,10,-1,5
bare,10,-1,6
bare,10,-1,7
bare,10,-1,8
bare,10,-1,9
bare,10,-1,10
bare,10,-1,11
bare,10,-1,12
bare,10,-1,13
bare,10,-1,14
bare,10,-1,15
bare,10,-1,16
bare,10,-1,17
bare,10,-1,18
bare,10,-1,19
bare,10,-1,20
bare,10,-1,21
bare,10,-1,22
bare,10,-1,23
bare,10,-1,24
bare,10,-1,25
bare,10,-1,26
bare,10,-1,27
bare,10,-1,28
bare,10,-1,29
bare,10,-1,30
bare,10,-1,31
bare,10,-1,32
bare,10,-1,33
bare,10,-1,34
redstone,10,-1,35
bare,10,-1,36
bare,10,-1,37
bare,10,-1,38
bare,10,-1,39
bare,10,-1,40
bare,10,-1,41
bare,10,-1,42
bare,10,-1,43
bare,10,-1,44
bare,10,-1,45
bare,10,-1,46
bare,10,-1,47
bare,10,-1,48
bare,10,-1,49
bare,10,-1,50
bare,10,-1,51
bare,10,-1,52
bare,10,-1,53
bare,10,-1,54
bare,10,-1,55
bare,10,-1,56
bare,10,-1,57
bare,10,-1,58
bare,10,-1,59
bare,10,-1,60
bare,10,-1,61
bare,10,-1,62
bare,10,-1,63
bare,10,-1,64
bare,10,-1,65
bare,10,-1,66
bare,10,-1,67
bare,10,-1,68
bare,10,-1,69
bare,10,-1,70
bare,10,-1,71
bare,10,-1,72
bare,10,-1,73
bare,10,-1,74
bare,10,-1,75
bare,10,-1,76
bare,10,-1,77
bare,10,-1,78
bare,10,-1,79
bare,10,-1,80
bare,10,-1,81
tuff,10,-1,82
tuff,10,-1,83
tuff,10,-1,84
tuff,10,-1,85
tuff,10,-1,86
bare,10,-1,87
bare,10,-1,88
bare,10,-1,89
bare,10,-1,90
bare,10,-1,91
bare,10,-1,92
bare,10,-1,93
bare,10,-1,94
bare,10,-1,95
bare,10,-1,96
bare,10,-1,97
bare,10,-1,98
bare,10,-1,99
bare,10,-1,100
bare,10,-1,101
bare,10,-1,102
bare,10,-1,103
bare,10,-1,104
bare,10,-1,105
bare,10,-1,106
gravel,10,-1,107
gravel,10,-1,108
gravel,10,-1,109
gravel,10,-1,110
gravel,10,-1,111
bare,10,-1,112
bare,10,-1,113
bare,10,-1,114
bare,10,-1,115
bare,10,-1,116
bare,10,-1,117
bare,10,-1,118
bare,10,-1,119
bare,10,-1,120
bare,10,-1,121
bare,10,0,-1
bare,10,0,121
bare,10,1,-1
bare,10,1,121
bare,10,2,-1
bare,10,2,121
bare,10,3,-1
bare,10,3,121
bare,10,4,-1
bare,10,4,121
bare,10,5,-1
bare,10,5,121
bare,10,6,-1
bare,10,6,121
bare,10,7,-1
bare,10,7,0
bare,10,7,1
bare,10,7,2
bare,10,7,3
bare,10,7,4
bare,10,7,5
bare,10,7,6
bare,10,7,7
bare,10,7,8
bare,10,7,9
gravel,10,7,10
gravel,10,7,11
gravel,10,7,12
gravel,10,7,13
gravel,10,7,14
gravel,10,7,15
gravel,10,7,16
bare,10,7,17
bare,10,7,18
bare,10,7,19
bare,10,7,20
bare,10,7,21
bare,10,7,22
bare,10,7,23
bare,10,7,24
bare,10,7,25
bare,10,7,26
bare,10,7,27
bare,10,7,28
bare,10,7,29
bare,10,7,30
bare,10,7,31
bare,10,7,32
bare,10,7,33
bare,10,7,34
bare,10,7,35
bare,10,7,36
bare,10,7,37
bare,10,7,38
bare,10,7,39
bare,10,7,40
bare,10,7,41
bare,10,7,42
bare,10,7,43
bare,10,7,44
bare,10,7,45
bare,10,7,46
bare,10,7,47
bare,10,7,48
bare,10,7,49
bare,10,7,50
bare,10,7,51
bare,10,7,52
tuff,10,7,53
tuff,10,7,54
tuff,10,7,55
bare,10,7,56
bare,10,7,57
bare,10,7,58
bare,10,7,59
bare,10,7,60
bare,10,7,61
bare,10,7,62
bare,10,7,63
bare,10,7,64
bare,10,7,65
bare,10,7,66
tuff,10,7,67
tuff,10,7,68
tuff,10,7,69
tuff,10,7,70
tuff,10,7,71
tuff,10,7,72
tuff,10,7,73
tuff,10,7,74
tuff,10,7,75
tuff,10,7,76
bare,10,7,77
bare,10,7,78
bare,10,7,79
bare,10,7,80
bare,10,7,81
bare,10,7,82
bare,10,7,83
bare,10,7,84
bare,10,7,85
bare,10,7,86
bare,10,7,87
bare,10,7,88
bare,10,7,89
bare,10,7,90
bare,10,7,91
bare,10,7,92
bare,10,7,93
bare,10,7,94
bare,10,7,95
bare,10,7,96
bare,10,7,97
bare,10,7,98
bare,10,7,99
bare,10,7,100
bare,10,7,101
bare,10,7,102
bare,10,7,103
bare,10,7,104
bare,10,7,105
bare,10,7,106
bare,10,7,107
bare,10,7,108
bare,10,7,109
bare,10,7,110
bare,10,7,111
bare,10,7,112
bare,10,7,113
bare,10,7,114
bare,10,7,115
bare,10,7,116
bare,10,7,117
bare,10,7,118
bare,10,7,119
bare,10,7,120
bare,10,7,121
bare,11,-1,-1
bare,11,-1,0
bare,11,-1,1
bare,11,-1,2
bare,11,-1,3
bare,11,-1,4
bare,11,-1,5
bare,11,-1,6
bare,11,-1,7
bare,11,-1,8
bare,11,-1,9
bare,11,-1,10
bare,11,-1,11
bare,11,-1,12
bare,11,-1,13
bare,11,-1,14
bare,11,-1,15
bare,11,-1,16
bare,11,-1,17
bare,11,-1,18
bare,11,-1,19
bare,11,-1,20
bare,11,-1,21
bare,11,-1,22
bare,11,-1,23
bare,11,-1,24
bare,11,-1,25
bare,11,-1,26
bare,11,-1,27
bare,11,-1,28
bare,11,-1,29
bare,11,-1,30
bare,11,-1,31
bare,11,-1,32
bare,11,-1,33
bare,11,-1,34
bare,11,-1,35
bare,11,-1,36
bare,11,-1,37
bare,11,-1,38
bare,11,-1,39
bare,11,-1,40
bare,11,-1,41
bare,11,-1,42
bare,11,-1,43
bare,11,-1,44
bare,11,-1,45
bare,11,-1,46
bare,11,-1,47
bare,11,-1,48
bare,11,-1,49
bare,11,-1,50
bare,11,-1,51
bare,11,-1,52
bare,11,-1,53
bare,11,-1,54
bare,11,-1,55
bare,11,-1,56
bare,11,-1,57
bare,11,-1,58
bare,11,-1,59
bare,11,-1,60
bare,11,-1,61
bare,11,-1,62
bare,11,-1,63
bare,11,-1,64
bare,11,-1,65
bare,11,-1,66
bare,11,-1,67
bare,11,-1,68
bare,11,-1,69
bare,11,-1,70
bare,11,-1,71
bare,11,-1,72
bare,11,-1,73
bare,11,-1,74
bare,11,-1,75
bare,11,-1,76
bare,11,-1,77
bare,11,-1,78
bare,11,-1,79
bare,11,-1,80
bare,11,-1,81
tuff,11,-1,82
tuff,11,-1,83
tuff,11,-1,84
tuff,11,-1,85
tuff,11,-1,86
bare,11,-1,87
bare,11,-1,88
bare,11,-1,89
bare,11,-1,90
bare,11,-1,91
bare,11,-1,92
bare,11,-1,93
bare,11,-1,94
bare,11,-1,95
bare,11,-1,96
bare,11,-1,97
bare,11,-1,98
bare,11,-1,99
bare,11,-1,100
bare,11,-1,101
bare,11,-1,102
bare,11,-1,103
bare,11,-1,104
bare,11,-1,105
bare,11,-1,106
bare,11,-1,107
gravel,11,-1,108
gravel,11,-1,109
gravel,11,-1,110
gravel,11,-1,111
bare,11,-1,112
bare,11,-1,113
bare,11,-1,114
bare,11,-1,115
bare,11,-1,116
bare,11,-1,117
bare,11,-1,118
bare,11,-1,119
bare,11,-1,120
bare,11,-1,121
bare,11,0,-1
bare,11,0,121
bare,11,1,-1
bare,11,1,121
bare,11,2,-1
bare,11,2,121
bare,11,3,-1
bare,11,3,121
bare,11,4,-1
bare,11,4,121
bare,11,5,-1
bare,11,5,121
bare,11,6,-1
bare,11,6,121
bare,11,7,-1
bare,11,7,0
bare,11,7,1
bare,11,7,2
bare,11,7,3
bare,11,7,4
bare,11,7,5
bare,11,7,6
bare,11,7,7
bare,11,7,8
gravel,11,7,9
gravel,11,7,10
gravel,11,7,11
gravel,11,7,12
gravel,11,7,13
gravel,11,7,14
gravel,11,7,15
gravel,11,7,16
bare,11,7,17
bare,11,7,18
bare,11,7,19
bare,11,7,20
bare,11,7,21
bare,11,7,22
bare,11,7,23
bare,11,7,24
bare,11,7,25
bare,11,7,26
bare,11,7,27
bare,11,7,28
bare,11,7,29
bare,11,7,30
bare,11,7,31
bare,11,7,32
bare,11,7,33
bare,11,7,34
bare,11,7,35
bare,11,7,36
bare,11,7,37
bare,11,7,38
bare,11,7,39
bare,11,7,40
bare,11,7,41
bare,11,7,42
bare,11,7,43
bare,11,7,44
bare,11,7,45
bare,11,7,46
bare,11,7,47
bare,11,7,48
bare,11,7,49
tuff,11,7,50
tuff,11,7,51
tuff,11,7,52
tuff,11,7,53
tuff,11,7,54
tuff,11,7,55
tuff,11,7,56
bare,11,7,57
bare,11,7,58
bare,11,7,59
bare,11,7,60
bare,11,7,61
bare,11,7,62
bare,11,7,63
bare,11,7,64
bare,11,7,65
bare,11,7,66
bare,11,7,67
bare,11,7,68
tuff,11,7,69
tuff,11,7,70
tuff,11,7,71
tuff,11,7,72
tuff,11,7,73
tuff,11,7,74
tuff,11,7,75
tuff,11,7,76
bare,11,7,77
bare,11,7,78
bare,11,7,79
bare,11,7,80
bare,11,7,81
bare,11,7,82
bare,11,7,83
bare,11,7,84
bare,11,7,85
bare,11,7,86
bare,11,7,87
bare,11,7,88
bare,11,7,89
bare,11,7,90
bare,11,7,91
bare,11,7,92
bare,11,7,93
bare,11,7,94
bare,11,7,95
bare,11,7,96
bare,11,7,97
bare,11,7,98
bare,11,7,99
bare,11,7,100
bare,11,7,101
bare,11,7,102
bare,11,7,103
bare,11,7,104
bare,11,7,105
bare,11,7,106
bare,11,7,107
bare,11,7,108
bare,11,7,109
bare,11,7,110
bare,11,7,111
bare,11,7,112
bare,11,7,113
bare,11,7,114
bare,11,7,115
bare,11,7,116
bare,11,7,117
bare,11,7,118
bare,11,7,119
bare,11,7,120
bare,11,7,121
bare,12,-1,-1
bare,12,-1,0
bare,12,-1,1
bare,12,-1,2
bare,12,-1,3
bare,12,-1,4
bare,12,-1,5
bare,12,-1,6
bare,12,-1,7
bare,12,-1,8
bare,12,-1,9
bare,12,-1,10
bare,12,-1,11
bare,12,-1,12
bare,12,-1,13
bare,12,-1,14
bare,12,-1,15
bare,12,-1,16
bare,12,-1,17
bare,12,-1,18
bare,12,-1,19
bare,12,-1,20
bare,12,-1,21
bare,12,-1,22
bare,12,-1,23
bare,12,-1,24
bare,12,-1,25
bare,12,-1,26
bare,12,-1,27
bare,12,-1,28
bare,12,-1,29
bare,12,-1,30
bare,12,-1,31
bare,12,-1,32
bare,12,-1,33
bare,12,-1,34
bare,12,-1,35
bare,12,-1,36
bare,12,-1,37
bare,12,-1,38
bare,12,-1,39
bare,12,-1,40
bare,12,-1,41
bare,12,-1,42
bare,12,-1,43
bare,12,-1,44
bare,12,-1,45
bare,12,-1,46
bare,12,-1,47
bare,12,-1,48
bare,12,-1,49
bare,12,-1,50
bare,12,-1,51
bare,12,-1,52
bare,12,-1,53
bare,12,-1,54
bare,12,-1,55
bare,12,-1,56
bare,12,-1,57
bare,12,-1,58
bare,12,-1,59
bare,12,-1,60
bare,12,-1,61
bare,12,-1,62
bare,12,-1,63
bare,12,-1,64
bare,12,-1,65
bare,12,-1,66
bare,12,-1,67
bare,12,-1,68
bare,12,-1,69
bare,12,-1,70
bare,12,-1,71
bare,12,-1,72
bare,12,-1,73
bare,12,-1,74
bare,12,-1,75
bare,12,-1,76
bare,12,-1,77
bare,12,-1,78
bare,12,-1,79
bare,12,-1,80
bare,12,-1,81
tuff,12,-1,82
tuff,12,-1,83
tuff,12,-1,84
tuff,12,-1,85
tuff,12,-1,86
bare,12,-1,87
bare,12,-1,88
bare,12,-1,89
bare,12,-1,90
bare,12,-1,91
bare,12,-1,92
bare,12,-1,93
bare,12,-1,94
bare,12,-1,95
bare,12,-1,96
bare,12,-1,97
bare,12,-1,98
bare,12,-1,99
bare,12,-1,100
bare,12,-1,101
bare,12,-1,102
bare,12,-1,103
bare,12,-1,104
bare,12,-1,105
bare,12,-1,106
bare,12,-1,107
gravel,12,-1,108
gravel,12,-1,109
gravel,12,-1,110
gravel,12,-1,111
gravel,12,-1,112
bare,12,-1,113
bare,12,-1,114
bare,12,-1,115
bare,12,-1,116
bare,12,-1,117
bare,12,-1,118
bare,12,-1,119
bare,12,-1,120
bare,12,-1,121
bare,12,0,-1
bare,12,0,121
bare,12,1,-1
bare,12,1,121
bare,12,2,-1
bare,12,2,121
bare,12,3,-1
bare,12,3,121
bare,12,4,-1
bare,12,4,121
bare,12,5,-1
bare,12,5,121
bare,12,6,-1
bare,12,6,121
bare,12,7,-1
bare,12,7,0
bare,12,7,1
bare,12,7,2
bare,12,7,3
bare,12,7,4
bare,12,7,5
bare,12,7,6
bare,12,7,7
bare,12,7,8
gravel,12,7,9
gravel,12,7,10
gravel,12,7,11
gravel,12,7,12
gravel,12,7,13
gravel,12,7,14
bare,12,7,15
bare,12,7,16
bare,12,7,17
bare,12,7,18
bare,12,7,19
bare,12,7,20
bare,12,7,21
bare,12,7,22
bare,12,7,23
bare,12,7,24
bare,12,7,25
bare,12,7,26
bare,12,7,27
bare,12,7,28
bare,12,7,29
bare,12,7,30
bare,12,7,31
bare,12,7,32
bare,12,7,33
bare,12,7,34
bare,12,7,35
bare,12,7,36
bare,12,7,37
bare,12,7,38
bare,12,7,39
bare,12,7,40
bare,12,7,41
bare,12,7,42
bare,12,7,43
bare,12,7,44
bare,12,7,45
bare,12,7,46
bare,12,7,47
tuff,12,7,48
tuff,12,7,49
tuff,12,7,50
tuff,12,7,51
tuff,12,7,52
tuff,12,7,53
tuff,12,7,54
tuff,12,7,55
tuff,12,7,56
bare,12,7,57
bare,12,7,58
bare,12,7,59
bare,12,7,60
bare,12,7,61
bare,12,7,62
bare,12,7,63
bare,12,7,64
bare,12,7,65
bare,12,7,66
bare,12,7,67
bare,12,7,68
bare,12,7,69
bare,12,7,70
bare,12,7,71
bare,12,7,72
bare,12,7,73
bare,12,7,74
bare,12,7,75
bare,12,7,76
bare,12,7,77
bare,12,7,78
bare,12,7,79
bare,12,7,80
bare,12,7,81
bare,12,7,82
bare,12,7,83
bare,12,7,84
bare,12,7,85
bare,12,7,86
bare,12,7,87
bare,12,7,88
bare,12,7,89
bare,12,7,90
bare,12,7,91
bare,12,7,92
bare,12,7,93
bare,12,7,94
bare,12,7,95
bare,12,7,96
bare,12,7,97
bare,12,7,98
bare,12,7,99
bare,12,7,100
bare,12,7,101
bare,12,7,102
bare,12,7,103
bare,12,7,104
bare,12,7,105
bare,12,7,106
bare,12,7,107
bare,12,7,108
bare,12,7,109
bare,12,7,110
bare,12,7,111
bare,12,7,112
bare,12,7,113
bare,12,7,114
bare,12,7,115
bare,12,7,116
bare,12,7,117
bare,12,7,118
bare,12,7,119
bare,12,7,120
bare,12,7,121
bare,13,-1,-1
bare,13,-1,0
bare,13,-1,1
bare,13,-1,2
bare,13,-1,3
bare,13,-1,4
bare,13,-1,5
bare,13,-1,6
bare,13,-1,7
bare,13,-1,8
bare,13,-1,9
bare,13,-1,10
bare,13,-1,11
bare,13,-1,12
bare,13,-1,13
bare,13,-1,14
bare,13,-1,15
bare,13,-1,16
bare,13,-1,17
bare,13,-1,18
bare,13,-1,19
bare,13,-1,20
bare,13,-1,21
bare,13,-1,22
bare,13,-1,23
bare,13,-1,24
bare,13,-1,25
bare,13,-1,26
bare,13,-1,27
bare,13,-1,28
bare,13,-1,29
bare,13,-1,30
bare,13,-1,31
bare,13,-1,32
bare,13,-1,33
bare,13,-1,34
bare,13,-1,35
bare,13,-1,36
bare,13,-1,37
bare,13,-1,38
bare,13,-1,39
bare,13,-1,40
bare,13,-1,41
bare,13,-1,42
bare,13,-1,43
bare,13,-1,44
bare,13,-1,45
bare,13,-1,46
bare,13,-1,47
bare,13,-1,48
bare,13,-1,49
bare,13,-1,50
bare,13,-1,51
bare,13,-1,52
bare,13,-1,53
redstone,13,-1,54
bare,13,-1,55
bare,13,-1,56
bare,13,-1,57
bare,13,-1,58
bare,13,-1,59
bare,13,-1,60
bare,13,-1,61
bare,13,-1,62
bare,13,-1,63
bare,13,-1,64
bare,13,-1,65
bare,13,-1,66
bare,13,-1,67
bare,13,-1,68
bare,13,-1,69
bare,13,-1,70
bare,13,-1,71
bare,13,-1,72
bare,13,-1,73
bare,13,-1,74
bare,13,-1,75
bare,13,-1,76
bare,13,-1,77
bare,13,-1,78
bare,13,-1,79
bare,13,-1,80
bare,13,-1,81
bare,13,-1,82
tuff,13,-1,83
tuff,13,-1,84
tuff,13,-1,85
tuff,13,-1,86
bare,13,-1,87
bare,13,-1,88
bare,13,-1,89
bare,13,-1,90
bare,13,-1,91
bare,13,-1,92
bare,13,-1,93
bare,13,-1,94
bare,13,-1,95
bare,13,-1,96
bare,13,-1,97
bare,13,-1,98
bare,13,-1,99
bare,13,-1,100
bare,13,-1,101
bare,13,-1,102
bare,13,-1,103
bare,13,-1,104
bare,13,-1,105
bare,13,-1,106
bare,13,-1,107
bare,13,-1,108
bare,13,-1,109
gravel,13,-1,110
gravel,13,-1,111
gravel,13,-1,112
bare,13,-1,113
bare,13,-1,114
bare,13,-1,115
bare,13,-1,116
bare,13,-1,117
bare,13,-1,118
bare,13,-1,119
bare,13,-1,120
bare,13,-1,121
bare,13,0,-1
bare,13,0,121
bare,13,1,-1
bare,13,1,121
bare,13,2,-1
bare,13,2,121
bare,13,3,-1
bare,13,3,121
bare,13,4,-1
bare,13,4,121
bare,13,5,-1
bare,13,5,121
bare,13,6,-1
bare,13,6,121
bare,13,7,-1
bare,13,7,0
bare,13,7,1
bare,13,7,2
bare,13,7,3
bare,13,7,4
bare,13,7,5
bare,13,7,6
bare,13,7,7
bare,13,7,8
bare,13,7,9
bare,13,7,10
bare,13,7,11
bare,13,7,12
bare,13,7,13
bare,13,7,14
bare,13,7,15
bare,13,7,16
bare,13,7,17
bare,13,7,18
bare,13,7,19
bare,13,7,20
bare,13,7,21
bare,13,7,22
bare,13,7,23
bare,13,7,24
bare,13,7,25
bare,13,7,26
bare,13,7,27
bare,13,7,28
bare,13,7,29
bare,13,7,30
bare,13,7,31
bare,13,7,32
bare,13,7,33
bare,13,7,34
bare,13,7,35
bare,13,7,36
bare,13,7,37
bare,13,7,38
bare,13,7,39
bare,13,7,40
bare,13,7,41
bare,13,7,42
bare,13,7,43
bare,13,7,44
bare,13,7,45
bare,13,7,46
tuff,13,7,47
tuff,13,7,48
tuff,13,7,49
tuff,13,7,50
tuff,13,7,51
tuff,13,7,52
tuff,13,7,53
tuff,13,7,54
tuff,13,7,55
bare,13,7,56
bare,13,7,57
bare,13,7,58
bare,13,7,59
bare,13,7,60
bare,13,7,61
bare,13,7,62
bare,13,7,63
bare,13,7,64
bare,13,7,65
bare,13,7,66
bare,13,7,67
bare,13,7,68
bare,13,7,69
bare,13,7,70
bare,13,7,71
bare,13,7,72
bare,13,7,73
bare,13,7,74
bare,13,7,75
bare,13,7,76
bare,13,7,77
bare,13,7,78
bare,13,7,79
bare,13,7,80
bare,13,7,81
bare,13,7,82
bare,13,7,83
bare,13,7,84
bare,13,7,85
bare,13,7,86
bare,13,7,87
bare,13,7,88
bare,13,7,89
bare,13,7,90
bare,13,7,91
bare,13,7,92
bare,13,7,93
bare,13,7,94
bare,13,7,95
bare,13,7,96
bare,13,7,97
bare,13,7,98
bare,13,7,99
bare,13,7,100
bare,13,7,101
bare,13,7,102
bare,13,7,103
bare,13,7,104
bare,13,7,105
bare,13,7,106
bare,13,7,107
bare,13,7,108
bare,13,7,109
bare,13,7,110
bare,13,7,111
bare,13,7,112
bare,13,7,113
bare,13,7,114
bare,13,7,115
bare,13,7,116
bare,13,7,117
bare,13,7,118
bare,13,7,119
bare,13,7,120
bare,13,7,121
bare,14,-1,-1
bare,14,-1,0
bare,14,-1,1
bare,14,-1,2
bare,14,-1,3
bare,14,-1,4
bare,14,-1,5
bare,14,-1,6
bare,14,-1,7
bare,14,-1,8
bare,14,-1,9
bare,14,-1,10
bare,14,-1,11
bare,14,-1,12
bare,14,-1,13
bare,14,-1,14
bare,14,-1,15
bare,14,-1,16
bare,14,-1,17
bare,14,-1,18
bare,14,-1,19
bare,14,-1,20
bare,14,-1,21
bare,14,-1,22
bare,14,-1,23
bare,14,-1,24
bare,14,-1,25
bare,14,-1,26
bare,14,-1,27
bare,14,-1,28
bare,14,-1,29
bare,14,-1,30
bare,14,-1,31
bare,14,-1,32
bare,14,-1,33
bare,14,-1,34
bare,14,-1,35
bare,14,-1,36
bare,14,-1,37
bare,14,-1,38
bare,14,-1,39
bare,14,-1,40
bare,14,-1,41
bare,14,-1,42
bare,14,-1,43
bare,14,-1,44
bare,14,-1,45
bare,14,-1,46
bare,14,-1,47
bare,14,-1,48
bare,14,-1,49
bare,14,-1,50
bare,14,-1,51
bare,14,-1,52
bare,14,-1,53
redstone,14,-1,54
bare,14,-1,55
bare,14,-1,56
bare,14,-1,57
bare,14,-1,58
bare,14,-1,59
bare,14,-1,60
bare,14,-1,61
bare,14,-1,62
bare,14,-1,63
bare,14,-1,64
bare,14,-1,65
bare,14,-1,66
bare,14,-1,67
bare,14,-1,68
bare,14,-1,69
bare,14,-1,70
bare,14,-1,71
bare,14,-1,72
bare,14,-1,73
bare,14,-1,74
bare,14,-1,75
bare,14,-1,76
bare,14,-1,77
bare,14,-1,78
bare,14,-1,79
bare,14,-1,80
bare,14,-1,81
bare,14,-1,82
bare,14,-1,83
tuff,14,-1,84
tuff,14,-1,85
bare,14,-1,86
bare,14,-1,87
bare,14,-1,88
bare,14,-1,89
bare,14,-1,90
bare,14,-1,91
bare,14,-1,92
bare,14,-1,93
bare,14,-1,94
bare,14,-1,95
bare,14,-1,96
bare,14,-1,97
bare,14,-1,98
bare,14,-1,99
bare,14,-1,100
bare,14,-1,101
bare,14,-1,102
bare,14,-1,103
bare,14,-1,104
bare,14,-1,105
bare,14,-1,106
bare,14,-1,107
bare,14,-1,108
bare,14,-1,109
bare,14,-1,110
bare,14,-1,111
bare,14,-1,112
bare,14,-1,113
bare,14,-1,114
bare,14,-1,115
bare,14,-1,116
bare,14,-1,117
bare,14,-1,118
bare,14,-1,119
bare,14,-1,120
bare,14,-1,121
bare,14,0,-1
bare,14,0,121
bare,14,1,-1
bare,14,1,121
bare,14,2,-1
bare,14,2,121
bare,14,3,-1
bare,14,3,121
bare,14,4,-1
bare,14,4,121
bare,14,5,-1
bare,14,5,121
bare,14,6,-1
bare,14,6,121
bare,14,7,-1
bare,14,7,0
bare,14,7,1
bare,14,7,2
bare,14,7,3
bare,14,7,4
bare,14,7,5
bare,14,7,6
bare,14,7,7
bare,14,7,8
bare,14,7,9
bare,14,7,10
bare,14,7,11
bare,14,7,12
bare,14,7,13
bare,14,7,14
bare,14,7,15
bare,14,7,16
bare,14,7,17
bare,14,7,18
bare,14,7,19
bare,14,7,20
bare,14,7,21
bare,14,7,22
bare,14,7,23
bare,14,7,24
bare,14,7,25
bare,14,7,26
bare,14,7,27
bare,14,7,28
bare,14,7,29
bare,14,7,30
bare,14,7,31
bare,14,7,32
bare,14,7,33
bare,14,7,34
bare,14,7,35
bare,14,7,36
bare,14,7,37
bare,14,7,38
bare,14,7,39
bare,14,7,40
bare,14,7,41
bare,14,7,42
bare,14,7,43
bare,14,7,44
bare,14,7,45
tuff,14,7,46
tuff,14,7,47
tuff,14,7,48
tuff,14,7,49
tuff,14,7,50
tuff,14,7,51
tuff,14,7,52
tuff,14,7,53
tuff,14,7,54
bare,14,7,55
bare,14,7,56
bare,14,7,57
bare,14,7,58
bare,14,7,59
bare,14,7,60
bare,14,7,61
bare,14,7,62
bare,14,7,63
bare,14,7,64
bare,14,7,65
bare,14,7,66
bare,14,7,67
bare,14,7,68
bare,14,7,69
bare,14,7,70
bare,14,7,71
bare,14,7,72
bare,14,7,73
bare,14,7,74
bare,14,7,75
bare,14,7,76
bare,14,7,77
bare,14,7,78
bare,14,7,79
bare,14,7,80
bare,14,7,81
bare,14,7,82
bare,14,7,83
bare,14,7,84
bare,14,7,85
bare,14,7,86
bare,14,7,87
bare,14,7,88
bare,14,7,89
bare,14,7,90
bare,14,7,91
bare,14,7,92
bare,14,7,93
bare,14,7,94
bare,14,7,95
bare,14,7,96
bare,14,7,97
bare,14,7,98
bare,14,7,99
bare,14,7,100
bare,14,7,101
bare,14,7,102
bare,14,7,103
bare,14,7,104
bare,14,7,105
bare,14,7,106
bare,14,7,107
bare,14,7,108
bare,14,7,109
bare,14,7,110
bare,14,7,111
bare,14,7,112
bare,14,7,113
bare,14,7,114
bare,14,7,115
bare,14,7,116
bare,14,7,117
bare,14,7,118
bare,14,7,119
bare,14,7,120
bare,14,7,121
bare,15,-1,-1
bare,15,-1,0
bare,15,-1,1
bare,15,-1,2
bare,15,-1,3
bare,15,-1,4
bare,15,-1,5
bare,15,-1,6
bare,15,-1,7
bare,15,-1,8
bare,15,-1,9
bare,15,-1,10
bare,15,-1,11
bare,15,-1,12
bare,15,-1,13
bare,15,-1,14
bare,15,-1,15
bare,15,-1,16
bare,15,-1,17
bare,15,-1,18
bare,15,-1,19
bare,15,-1,20
bare,15,-1,21
bare,15,-1,22
bare,15,-1,23
bare,15,-1,24
bare,15,-1,25
bare,15,-1,26
bare,15,-1,27
bare,15,-1,28
bare,15,-1,29
bare,15,-1,30
bare,15,-1,31
bare,15,-1,32
bare,15,-1,33
bare,15,-1,34
bare,15,-1,35
bare,15,-1,36
bare,15,-1,37
bare,15,-1,38
bare,15,-1,39
bare,15,-1,40
bare,15,-1,41
bare,15,-1,42
bare,15,-1,43
bare,15,-1,44
bare,15,-1,45
bare,15,-1,46
bare,15,-1,47
bare,15,-1,48
bare,15,-1,49
bare,15,-1,50
bare,15,-1,51
bare,15,-1,52
bare,15,-1,53
bare,15,-1,54
bare,15,-1,55
bare,15,-1,56
bare,15,-1,57
bare,15,-1,58
bare,15,-1,59
bare,15,-1,60
bare,15,-1,61
bare,15,-1,62
bare,15,-1,63
bare,15,-1,64
bare,15,-1,65
bare,15,-1,66
bare,15,-1,67
bare,15,-1,68
bare,15,-1,69
bare,15,-1,70
bare,15,-1,71
bare,15,-1,72
bare,15,-1,73
bare,15,-1,74
bare,15,-1,75
bare,15,-1,76
bare,15,-1,77
bare,15,-1,78
bare,15,-1,79
bare,15,-1,80
bare,15,-1,81
bare,15,-1,82
bare,15,-1,83
bare,15,-1,84
bare,15,-1,85
bare,15,-1,86
bare,15,-1,87
bare,15,-1,88
bare,15,-1,89
bare,15,-1,90
bare,15,-1,91
bare,15,-1,92
bare,15,-1,93
bare,15,-1,94
bare,15,-1,95
bare,15,-1,96
bare,15,-1,97
bare,15,-1,98
bare,15,-1,99
bare,15,-1,100
bare,15,-1,101
bare,15,-1,102
bare,15,-1,103
bare,15,-1,104
bare,15,-1,105
bare,15,-1,106
bare,15,-1,107
bare,15,-1,108
bare,15,-1,109
bare,15,-1,110
bare,15,-1,111
bare,15,-1,112
bare,15,-1,113
bare,15,-1,114
bare,15,-1,115
bare,15,-1,116
bare,15,-1,117
bare,15,-1,118
bare,15,-1,119
bare,15,-1,120
bare,15,-1,121
bare,15,0,-1
bare,15,0,121
bare,15,1,-1
bare,15,1,121
bare,15,2,-1
bare,15,2,121
bare,15,3,-1
bare,15,3,121
bare,15,4,-1
bare,15,4,121
bare,15,5,-1
bare,15,5,121
bare,15,6,-1
bare,15,6,121
bare,15,7,-1
bare,15,7,0
bare,15,7,1
bare,15,7,2
bare,15,7,3
bare,15,7,4
bare,15,7,5
bare,15,7,6
bare,15,7,7
bare,15,7,8
bare,15,7,9
bare,15,7,10
bare,15,7,11
bare,15,7,12
bare,15,7,13
bare,15,7,14
bare,15,7,15
bare,15,7,16
bare,15,7,17
bare,15,7,18
bare,15,7,19
bare,15,7,20
bare,15,7,21
bare,15,7,22
bare,15,7,23
bare,15,7,24
bare,15,7,25
bare,15,7,26
bare,15,7,27
bare,15,7,28
bare,15,7,29
bare,15,7,30
bare,15,7,31
bare,15,7,32
bare,15,7,33
bare,15,7,34
bare,15,7,35
bare,15,7,36
bare,15,7,37
bare,15,7,38
bare,15,7,39
bare,15,7,40
bare,15,7,41
bare,15,7,42
bare,15,7,43
bare,15,7,44
bare,15,7,45
tuff,15,7,46
tuff,15,7,47
tuff,15,7,48
tuff,15,7,49
tuff,15,7,50
tuff,15,7,51
tuff,15,7,52
bare,15,7,53
bare,15,7,54
bare,15,7,55
bare,15,7,56
bare,15,7,57
bare,15,7,58
bare,15,7,59
bare,15,7,60
bare,15,7,61
bare,15,7,62
bare,15,7,63
bare,15,7,64
bare,15,7,65
bare,15,7,66
bare,15,7,67
bare,15,7,68
bare,15,7,69
bare,15,7,70
bare,15,7,71
bare,15,7,72
bare,15,7,73
bare,15,7,74
bare,15,7,75
bare,15,7,76
bare,15,7,77
bare,15,7,78
bare,15,7,79
bare,15,7,80
bare,15,7,81
bare,15,7,82
bare,15,7,83
bare,15,7,84
bare,15,7,85
bare,15,7,86
bare,15,7,87
bare,15,7,88
bare,15,7,89
bare,15,7,90
bare,15,7,91
bare,15,7,92
bare,15,7,93
bare,15,7,94
bare,15,7,95
bare,15,7,96
bare,15,7,97
bare,15,7,98
bare,15,7,99
bare,15,7,100
bare,15,7,101
bare,15,7,102
bare,15,7,103
bare,15,7,104
bare,15,7,105
bare,15,7,106
bare,15,7,107
bare,15,7,108
bare,15,7,109
bare,15,7,110
bare,15,7,111
bare,15,7,112
bare,15,7,113
bare,15,7,114
bare,15,7,115
bare,15,7,116
bare,15,7,117
bare,15,7,118
bare,15,7,119
bare,15,7,120
bare,15,7,121
bare,16,-1,-1
bare,16,-1,0
bare,16,-1,1
bare,16,-1,2
bare,16,-1,3
bare,16,-1,4
bare,16,-1,5
bare,16,-1,6
bare,16,-1,7
bare,16,-1,8
bare,16,-1,9
bare,16,-1,10
bare,16,-1,11
bare,16,-1,12
bare,16,-1,13
bare,16,-1,14
bare,16,-1,15
bare,16,-1,16
bare,16,-1,17
bare,16,-1,18
bare,16,-1,19
bare,16,-1,20
bare,16,-1,21
bare,16,-1,22
bare,16,-1,23
bare,16,-1,24
bare,16,-1,25
bare,16,-1,26
bare,16,-1,27
bare,16,-1,28
bare,16,-1,29
bare,16,-1,30
bare,16,-1,31
bare,16,-1,32
bare,16,-1,33
bare,16,-1,34
bare,16,-1,35
bare,16,-1,36
bare,16,-1,37
bare,16,-1,38
bare,16,-1,39
bare,16,-1,40
bare,16,-1,41
bare,16,-1,42
bare,16,-1,43
bare,16,-1,44
bare,16,-1,45
bare,16,-1,46
bare,16,-1,47
bare,16,-1,48
bare,16,-1,49
bare,16,-1,50
bare,16,-1,51
bare,16,-1,52
bare,16,-1,53
bare,16,-1,54
bare,16,-1,55
bare,16,-1,56
bare,16,-1,57
bare,16,-1,58
bare,16,-1,59
bare,16,-1,60
bare,16,-1,61
bare,16,-1,62
bare,16,-1,63
bare,16,-1,64
bare,16,-1,65
bare,16,-1,66
bare,16,-1,67
bare,16,-1,68
bare,16,-1,69
bare,16,-1,70
bare,16,-1,71
bare,16,-1,72
bare,16,-1,73
bare,16,-1,74
bare,16,-1,75
bare,16,-1,76
bare,16,-1,77
bare,16,-1,78
bare,16,-1,79
bare,16,-1,80
bare,16,-1,81
bare,16,-1,82
bare,16,-1,83
bare,16,-1,84
bare,16,-1,85
bare,16,-1,86
bare,16,-1,87
bare,16,-1,88
bare,16,-1,89
bare,16,-1,90
bare,16,-1,91
bare,16,-1,92
bare,16,-1,93
bare,16,-1,94
bare,16,-1,95
bare,16,-1,96
bare,16,-1,97
bare,16,-1,98
bare,16,-1,99
bare,16,-1,100
bare,16,-1,101
bare,16,-1,102
bare,16,-1,103
bare,16,-1,104
bare,16,-1,105
bare,16,-1,106
bare,16,-1,107
bare,16,-1,108
bare,16,-1,109
bare,16,-1,110
bare,16,-1,111
bare,16,-1,112
bare,16,-1,113
bare,16,-1,114
bare,16,-1,115
bare,16,-1,116
bare,16,-1,117
bare,16,-1,118
bare,16,-1,119
bare,16,-1,120
bare,16,-1,121
bare,16,0,-1
bare,16,0,121
bare,16,1,-1
bare,16,1,121
bare,16,2,-1
bare,16,2,121
bare,16,3,-1
bare,16,3,121
bare,16,4,-1
bare,16,4,121
bare,16,5,-1
bare,16,5,121
bare,16,6,-1
bare,16,6,121
bare,16,7,-1
bare,16,7,0
bare,16,7,1
bare,16,7,2
bare,16,7,3
bare,16,7,4
bare,16,7,5
bare,16,7,6
bare,16,7,7
bare,16,7,8
bare,16,7,9
bare,16,7,10
bare,16,7,11
bare,16,7,12
bare,16,7,13
bare,16,7,14
bare,16,7,15
bare,16,7,16
bare,16,7,17
bare,16,7,18
bare,16,7,19
bare,16,7,20
bare,16,7,21
bare,16,7,22
bare,16,7,23
bare,16,7,24
bare,16,7,25
bare,16,7,26
bare,16,7,27
bare,16,7,28
bare,16,7,29
bare,16,7,30
bare,16,7,31
bare,16,7,32
bare,16,7,33
bare,16,7,34
bare,16,7,35
bare,16,7,36
bare,16,7,37
bare,16,7,38
bare,16,7,39
bare,16,7,40
bare,16,7,41
bare,16,7,42
bare,16,7,43
bare,16,7,44
bare,16,7,45
bare,16,7,46
tuff,16,7,47
bare,16,7,48
bare,16,7,49
bare,16,7,50
bare,16,7,51
bare,16,7,52
bare,16,7,53
bare,16,7,54
bare,16,7,55
bare,16,7,56
bare,16,7,57
bare,16,7,58
bare,16,7,59
bare,16,7,60
bare,16,7,61
bare,16,7,62
bare,16,7,63
bare,16,7,64
bare,16,7,65
bare,16,7,66
bare,16,7,67
bare,16,7,68
bare,16,7,69
bare,16,7,70
bare,16,7,71
bare,16,7,72
bare,16,7,73
bare,16,7,74
bare,16,7,75
bare,16,7,76
bare,16,7,77
bare,16,7,78
bare,16,7,79
bare,16,7,80
bare,16,7,81
bare,16,7,82
bare,16,7,83
bare,16,7,84
bare,16,7,85
bare,16,7,86
bare,16,7,87
bare,16,7,88
bare,16,7,89
bare,16,7,90
bare,16,7,91
bare,16,7,92
bare,16,7,93
bare,16,7,94
bare,16,7,95
bare,16,7,96
bare,16,7,97
bare,16,7,98
bare,16,7,99
bare,16,7,100
bare,16,7,101
lapis,16,7,102
lapis,16,7,103
bare,16,7,104
bare,16,7,105
bare,16,7,106
bare,16,7,107
bare,16,7,108
bare,16,7,109
bare,16,7,110
bare,16,7,111
bare,16,7,112
bare,16,7,113
bare,16,7,114
bare,16,7,115
bare,16,7,116
bare,16,7,117
bare,16,7,118
bare,16,7,119
bare,16,7,120
bare,16,7,121
bare,17,-1,-1
bare,17,-1,0
bare,17,-1,1
bare,17,-1,2
bare,17,-1,3
bare,17,-1,4
bare,17,-1,5
bare,17,-1,6
bare,17,-1,7
bare,17,-1,8
bare,17,-1,9
bare,17,-1,10
bare,17,-1,11
bare,17,-1,12
bare,17,-1,13
bare,17,-1,14
bare,17,-1,15
bare,17,-1,16
bare,17,-1,17
bare,17,-1,18
bare,17,-1,19
bare,17,-1,20
bare,17,-1,21
bare,17,-1,22
bare,17,-1,23
bare,17,-1,24
bare,17,-1,25
bare,17,-1,26
bare,17,-1,27
bare,17,-1,28
bare,17,-1,29
bare,17,-1,30
bare,17,-1,31
bare,17,-1,32
bare,17,-1,33
bare,17,-1,34
bare,17,-1,35
bare,17,-1,36
bare,17,-1,37
bare,17,-1,38
bare,17,-1,39
bare,17,-1,40
bare,17,-1,41
bare,17,-1,42
bare,17,-1,43
bare,17,-1,44
bare,17,-1,45
bare,17,-1,46
bare,17,-1,47
bare,17,-1,48
bare,17,-1,49
bare,17,-1,50
bare,17,-1,51
bare,17,-1,52
bare,17,-1,53
bare,17,-1,54
bare,17,-1,55
bare,17,-1,56
bare,17,-1,57
bare,17,-1,58
bare,17,-1,59
bare,17,-1,60
bare,17,-1,61
bare,17,-1,62
bare,17,-1,63
bare,17,-1,64
bare,17,-1,65
bare,17,-1,66
bare,17,-1,67
bare,17,-1,68
bare,17,-1,69
bare,17,-1,70
bare,17,-1,71
bare,17,-1,72
bare,17,-1,73
bare,17,-1,74
bare,17,-1,75
bare,17,-1,76
bare,17,-1,77
bare,17,-1,78
bare,17,-1,79
bare,17,-1,80
bare,17,-1,81
bare,17,-1,82
bare,17,-1,83
bare,17,-1,84
bare,17,-1,85
bare,17,-1,86
bare,17,-1,87
bare,17,-1,88
bare,17,-1,89
bare,17,-1,90
bare,17,-1,91
bare,17,-1,92
bare,17,-1,93
bare,17,-1,94
bare,17,-1,95
bare,17,-1,96
bare,17,-1,97
bare,17,-1,98
bare,17,-1,99
bare,17,-1,100
bare,17,-1,101
bare,17,-1,102
bare,17,-1,103
bare,17,-1,104
bare,17,-1,105
bare,17,-1,106
bare,17,-1,107
bare,17,-1,108
bare,17,-1,109
bare,17,-1,110
bare,17,-1,111
bare,17,-1,112
bare,17,-1,113
bare,17,-1,114
bare,17,-1,115
bare,17,-1,116
bare,17,-1,117
bare,17,-1,118
bare,17,-1,119
bare,17,-1,120
bare,17,-1,121
bare,17,0,-1
bare,17,0,121
bare,17,1,-1
bare,17,1,121
bare,17,2,-1
bare,17,2,121
bare,17,3,-1
bare,17,3,121
bare,17,4,-1
bare,17,4,121
bare,17,5,-1
bare,17,5,121
bare,17,6,-1
bare,17,6,121
bare,17,7,-1
bare,17,7,0
bare,17,7,1
bare,17,7,2
bare,17,7,3
bare,17,7,4
bare,17,7,5
bare,17,7,6
bare,17,7,7
bare,17,7,8
bare,17,7,9
bare,17,7,10
bare,17,7,11
bare,17,7,12
bare,17,7,13
bare,17,7,14
bare,17,7,15
bare,17,7,16
bare,17,7,17
bare,17,7,18
bare,17,7,19
bare,17,7,20
bare,17,7,21
bare,17,7,22
bare,17,7,23
bare,17,7,24
bare,17,7,25
bare,17,7,26
bare,17,7,27
bare,17,7,28
bare,17,7,29
bare,17,7,30
bare,17,7,31
bare,17,7,32
bare,17,7,33
bare,17,7,34
bare,17,7,35
bare,17,7,36
bare,17,7,37
bare,17,7,38
bare,17,7,39
bare,17,7,40
bare,17,7,41
bare,17,7,42
bare,17,7,43
bare,17,7,44
bare,17,7,45
bare,17,7,46
bare,17,7,47
bare,17,7,48
bare,17,7,49
bare,17,7,50
bare,17,7,51
bare,17,7,52
bare,17,7,53
bare,17,7,54
bare,17,7,55
bare,17,7,56
bare,17,7,57
bare,17,7,58
bare,17,7,59
bare,17,7,60
bare,17,7,61
bare,17,7,62
bare,17,7,63
bare,17,7,64
bare,17,7,65
bare,17,7,66
bare,17,7,67
bare,17,7,68
bare,17,7,69
bare,17,7,70
bare,17,7,71
bare,17,7,72
bare,17,7,73
bare,17,7,74
bare,17,7,75
bare,17,7,76
bare,17,7,77
bare,17,7,78
bare,17,7,79
bare,17,7,80
bare,17,7,81
bare,17,7,82
bare,17,7,83
bare,17,7,84
bare,17,7,85
bare,17,7,86
bare,17,7,87
bare,17,7,88
bare,17,7,89
bare,17,7,90
bare,17,7,91
bare,17,7,92
bare,17,7,93
bare,17,7,94
bare,17,7,95
bare,17,7,96
bare,17,7,97
bare,17,7,98
bare,17,7,99
bare,17,7,100
bare,17,7,101
lapis,17,7,102
lapis,17,7,103
bare,17,7,104
bare,17,7,105
bare,17,7,106
bare,17,7,107
bare,17,7,108
bare,17,7,109
bare,17,7,110
bare,17,7,111
bare,17,7,112
bare,17,7,113
bare,17,7,114
bare,17,7,115
bare,17,7,116
bare,17,7,117
bare,17,7,118
bare,17,7,119
bare,17,7,120
bare,17,7,121
bare,18,-1,-1
bare,18,-1,0
bare,18,-1,1
bare,18,-1,2
bare,18,-1,3
bare,18,-1,4
bare,18,-1,5
bare,18,-1,6
bare,18,-1,7
bare,18,-1,8
bare,18,-1,9
bare,18,-1,10
bare,18,-1,11
bare,18,-1,12
bare,18,-1,13
bare,18,-1,14
bare,18,-1,15
bare,18,-1,16
bare,18,-1,17
bare,18,-1,18
bare,18,-1,19
bare,18,-1,20
bare,18,-1,21
bare,18,-1,22
bare,18,-1,23
bare,18,-1,24
bare,18,-1,25
bare,18,-1,26
bare,18,-1,27
bare,18,-1,28
bare,18,-1,29
bare,18,-1,30
bare,18,-1,31
bare,18,-1,32
bare,18,-1,33
bare,18,-1,34
bare,18,-1,35
bare,18,-1,36
bare,18,-1,37
bare,18,-1,38
bare,18,-1,39
bare,18,-1,40
bare,18,-1,41
bare,18,-1,42
bare,18,-1,43
bare,18,-1,44
bare,18,-1,45
bare,18,-1,46
bare,18,-1,47
bare,18,-1,48
bare,18,-1,49
bare,18,-1,50
bare,18,-1,51
bare,18,-1,52
bare,18,-1,53
bare,18,-1,54
bare,18,-1,55
bare,18,-1,56
bare,18,-1,57
bare,18,-1,58
bare,18,-1,59
bare,18,-1,60
bare,18,-1,61
bare,18,-1,62
bare,18,-1,63
bare,18,-1,64
bare,18,-1,65
bare,18,-1,66
bare,18,-1,67
bare,18,-1,68
bare,18,-1,69
bare,18,-1,70
bare,18,-1,71
bare,18,-1,72
bare,18,-1,73
bare,18,-1,74
bare,18,-1,75
bare,18,-1,76
bare,18,-1,77
bare,18,-1,78
bare,18,-1,79
bare,18,-1,80
bare,18,-1,81
bare,18,-1,82
bare,18,-1,83
bare,18,-1,84
bare,18,-1,85
bare,18,-1,86
bare,18,-1,87
bare,18,-1,88
bare,18,-1,89
bare,18,-1,90
bare,18,-1,91
bare,18,-1,92
bare,18,-1,93
bare,18,-1,94
bare,18,-1,95
bare,18,-1,96
bare,18,-1,97
bare,18,-1,98
bare,18,-1,99
bare,18,-1,100
bare,18,-1,101
bare,18,-1,102
bare,18,-1,103
bare,18,-1,104
bare,18,-1,105
bare,18,-1,106
bare,18,-1,107
bare,18,-1,108
bare,18,-1,109
bare,18,-1,110
bare,18,-1,111
bare,18,-1,112
bare,18,-1,113
bare,18,-1,114
bare,18,-1,115
bare,18,-1,116
bare,18,-1,117
bare,18,-1,118
bare,18,-1,119
bare,18,-1,120
bare,18,-1,121
bare,18,0,-1
bare,18,0,121
bare,18,1,-1
bare,18,1,121
bare,18,2,-1
bare,18,2,121
bare,18,3,-1
bare,18,3,121
bare,18,4,-1
bare,18,4,121
bare,18,5,-1
bare,18,5,121
bare,18,6,-1
bare,18,6,121
bare,18,7,-1
bare,18,7,0
bare,18,7,1
bare,18,7,2
bare,18,7,3
bare,18,7,4
bare,18,7,5
tuff,18,7,6
bare,18,7,7
bare,18,7,8
bare,18,7,9
bare,18,7,10
bare,18,7,11
bare,18,7,12
bare,18,7,13
bare,18,7,14
bare,18,7,15
bare,18,7,16
bare,18,7,17
bare,18,7,18
bare,18,7,19
bare,18,7,20
bare,18,7,21
bare,18,7,22
bare,18,7,23
bare,18,7,24
bare,18,7,25
bare,18,7,26
bare,18,7,27
bare,18,7,28
bare,18,7,29
bare,18,7,30
bare,18,7,31
bare,18,7,32
bare,18,7,33
bare,18,7,34
bare,18,7,35
bare,18,7,36
bare,18,7,37
bare,18,7,38
bare,18,7,39
bare,18,7,40
bare,18,7,41
bare,18,7,42
bare,18,7,43
bare,18,7,44
bare,18,7,45
bare,18,7,46
bare,18,7,47
bare,18,7,48
bare,18,7,49
bare,18,7,50
bare,18,7,51
bare,18,7,52
bare,18,7,53
bare,18,7,54
bare,18,7,55
bare,18,7,56
bare,18,7,57
bare,18,7,58
bare,18,7,59
bare,18,7,60
bare,18,7,61
bare,18,7,62
bare,18,7,63
bare,18,7,64
bare,18,7,65
bare,18,7,66
bare,18,7,67
bare,18,7,68
bare,18,7,69
bare,18,7,70
bare,18,7,71
bare,18,7,72
bare,18,7,73
bare,18,7,74
bare,18,7,75
bare,18,7,76
bare,18,7,77
bare,18,7,78
bare,18,7,79
bare,18,7,80
bare,18,7,81
bare,18,7,82
bare,18,7,83
bare,18,7,84
bare,18,7,85
bare,18,7,86
bare,18,7,87
bare,18,7,88
bare,18,7,89
bare,18,7,90
bare,18,7,91
bare,18,7,92
bare,18,7,93
bare,18,7,94
bare,18,7,95
bare,18,7,96
bare,18,7,97
bare,18,7,98
bare,18,7,99
bare,18,7,100
bare,18,7,101
bare,18,7,102
bare,18,7,103
bare,18,7,104
bare,18,7,105
bare,18,7,106
bare,18,7,107
bare,18,7,108
bare,18,7,109
bare,18,7,110
bare,18,7,111
bare,18,7,112
bare,18,7,113
bare,18,7,114
bare,18,7,115
bare,18,7,116
bare,18,7,117
bare,18,7,118
bare,18,7,119
bare,18,7,120
bare,18,7,121
bare,19,-1,-1
bare,19,-1,0
bare,19,-1,1
bare,19,-1,2
bare,19,-1,3
bare,19,-1,4
bare,19,-1,5
bare,19,-1,6
bare,19,-1,7
bare,19,-1,8
bare,19,-1,9
bare,19,-1,10
bare,19,-1,11
bare,19,-1,12
bare,19,-1,13
bare,19,-1,14
bare,19,-1,15
bare,19,-1,16
bare,19,-1,17
bare,19,-1,18
bare,19,-1,19
bare,19,-1,20
bare,19,-1,21
bare,19,-1,22
bare,19,-1,23
bare,19,-1,24
bare,19,-1,25
bare,19,-1,26
bare,19,-1,27
bare,19,-1,28
bare,19,-1,29
bare,19,-1,30
bare,19,-1,31
bare,19,-1,32
bare,19,-1,33
bare,19,-1,34
bare,19,-1,35
bare,19,-1,36
bare,19,-1,37
bare,19,-1,38
bare,19,-1,39
bare,19,-1,40
bare,19,-1,41
bare,19,-1,42
bare,19,-1,43
bare,19,-1,44
bare,19,-1,45
bare,19,-1,46
bare,19,-1,47
bare,19,-1,48
bare,19,-1,49
bare,19,-1,50
bare,19,-1,51
bare,19,-1,52
bare,19,-1,53
bare,19,-1,54
bare,19,-1,55
bare,19,-1,56
bare,19,-1,57
bare,19,-1,58
bare,19,-1,59
bare,19,-1,60
bare,19,-1,61
bare,19,-1,62
bare,19,-1,63
bare,19,-1,64
bare,19,-1,65
bare,19,-1,66
bare,19,-1,67
bare,19,-1,68
bare,19,-1,69
bare,19,-1,70
bare,19,-1,71
bare,19,-1,72
bare,19,-1,73
bare,19,-1,74
bare,19,-1,75
bare,19,-1,76
bare,19,-1,77
bare,19,-1,78
bare,19,-1,79
bare,19,-1,80
bare,19,-1,81
bare,19,-1,82
bare,19,-1,83
bare,19,-1,84
bare,19,-1,85
bare,19,-1,86
bare,19,-1,87
bare,19,-1,88
bare,19,-1,89
bare,19,-1,90
bare,19,-1,91
bare,19,-1,92
bare,19,-1,93
bare,19,-1,94
bare,19,-1,95
bare,19,-1,96
bare,19,-1,97
bare,19,-1,98
bare,19,-1,99
bare,19,-1,100
bare,19,-1,101
bare,19,-1,102
bare,19,-1,103
bare,19,-1,104
bare,19,-1,105
bare,19,-1,106
bare,19,-1,107
bare,19,-1,108
bare,19,-1,109
bare,19,-1,110
bare,19,-1,111
bare,19,-1,112
bare,19,-1,113
bare,19,-1,114
bare,19,-1,115
bare,19,-1,116
bare,19,-1,117
bare,19,-1,118
bare,19,-1,119
bare,19,-1,120
bare,19,-1,121
bare,19,0,-1
bare,19,0,121
bare,19,1,-1
bare,19,1,121
bare,19,2,-1
bare,19,2,121
bare,19,3,-1
bare,19,3,121
bare,19,4,-1
bare,19,4,121
bare,19,5,-1
bare,19,5,121
bare,19,6,-1
bare,19,6,121
bare,19,7,-1
bare,19,7,0
bare,19,7,1
bare,19,7,2
bare,19,7,3
tuff,19,7,4
tuff,19,7,5
tuff,19,7,6
tuff,19,7,7
bare,19,7,8
bare,19,7,9
bare,19,7,10
bare,19,7,11
bare,19,7,12
bare,19,7,13
bare,19,7,14
bare,19,7,15
bare,19,7,16
bare,19,7,17
bare,19,7,18
bare,19,7,19
bare,19,7,20
bare,19,7,21
bare,19,7,22
bare,19,7,23
bare,19,7,24
bare,19,7,25
bare,19,7,26
bare,19,7,27
bare,19,7,28
bare,19,7,29
bare,19,7,30
bare,19,7,31
bare,19,7,32
bare,19,7,33
bare,19,7,34
bare,19,7,35
bare,19,7,36
bare,19,7,37
bare,19,7,38
bare,19,7,39
bare,19,7,40
bare,19,7,41
bare,19,7,42
bare,19,7,43
bare,19,7,44
bare,19,7,45
bare,19,7,46
bare,19,7,47
bare,19,7,48
bare,19,7,49
bare,19,7,50
bare,19,7,51
bare,19,7,52
bare,19,7,53
bare,19,7,54
bare,19,7,55
bare,19,7,56
bare,19,7,57
bare,19,7,58
bare,19,7,59
bare,19,7,60
bare,19,7,61
bare,19,7,62
bare,19,7,63
bare,19,7,64
bare,19,7,65
bare,19,7,66
bare,19,7,67
bare,19,7,68
bare,19,7,69
bare,19,7,70
bare,19,7,71
bare,19,7,72
bare,19,7,73
bare,19,7,74
bare,19,7,75
bare,19,7,76
bare,19,7,77
bare,19,7,78
bare,19,7,79
bare,19,7,80
bare,19,7,81
bare,19,7,82
bare,19,7,83
bare,19,7,84
bare,19,7,85
bare,19,7,86
bare,19,7,87
bare,19,7,88
bare,19,7,89
bare,19,7,90
bare,19,7,91
bare,19,7,92
bare,19,7,93
bare,19,7,94
bare,19,7,95
bare,19,7,96
bare,19,7,97
bare,19,7,98
bare,19,7,99
bare,19,7,100
bare,19,7,101
bare,19,7,102
bare,19,7,103
bare,19,7,104
bare,19,7,105
bare,19,7,106
bare,19,7,107
bare,19,7,108
bare,19,7,109
bare,19,7,110
bare,19,7,111
bare,19,7,112
bare,19,7,113
bare,19,7,114
bare,19,7,115
bare,19,7,116
bare,19,7,117
bare,19,7,118
bare,19,7,119
bare,19,7,120
bare,19,7,121
bare,20,-1,-1
bare,20,-1,0
bare,20,-1,1
bare,20,-1,2
bare,20,-1,3
bare,20,-1,4
bare,20,-1,5
bare,20,-1,6
bare,20,-1,7
bare,20,-1,8
bare,20,-1,9
bare,20,-1,10
bare,20,-1,11
bare,20,-1,12
bare,20,-1,13
bare,20,-1,14
bare,20,-1,15
bare,20,-1,16
bare,20,-1,17
bare,20,-1,18
bare,20,-1,19
bare,20,-1,20
bare,20,-1,21
bare,20,-1,22
bare,20,-1,23
bare,20,-1,24
bare,20,-1,25
bare,20,-1,26
bare,20,-1,27
bare,20,-1,28
bare,20,-1,29
bare,20,-1,30
bare,20,-1,31
bare,20,-1,32
bare,20,-1,33
bare,20,-1,34
bare,20,-1,35
bare,20,-1,36
bare,20,-1,37
bare,20,-1,38
bare,20,-1,39
bare,20,-1,40
bare,20,-1,41
bare,20,-1,42
bare,20,-1,43
bare,20,-1,44
bare,20,-1,45
bare,20,-1,46
bare,20,-1,47
bare,20,-1,48
bare,20,-1,49
bare,20,-1,50
bare,20,-1,51
bare,20,-1,52
bare,20,-1,53
bare,20,-1,54
bare,20,-1,55
bare,20,-1,56
bare,20,-1,57
bare,20,-1,58
bare,20,-1,59
bare,20,-1,60
bare,20,-1,61
bare,20,-1,62
bare,20,-1,63
bare,20,-1,64
bare,20,-1,65
bare,20,-1,66
bare,20,-1,67
bare,20,-1,68
bare,20,-1,69
bare,20,-1,70
bare,20,-1,71
bare,20,-1,72
bare,20,-1,73
bare,20,-1,74
bare,20,-1,75
bare,20,-1,76
bare,20,-1,77
bare,20,-1,78
bare,20,-1,79
bare,20,-1,80
bare,20,-1,81
bare,20,-1,82
bare,20,-1,83
bare,20,-1,84
bare,20,-1,85
bare,20,-1,86
bare,20,-1,87
bare,20,-1,88
bare,20,-1,89
bare,20,-1,90
bare,20,-1,91
bare,20,-1,92
bare,20,-1,93
bare,20,-1,94
bare,20,-1,95
bare,20,-1,96
bare,20,-1,97
bare,20,-1,98
tuff,20,-1,99
tuff,20,-1,100
bare,20,-1,101
bare,20,-1,102
bare,20,-1,103
bare,20,-1,104
bare,20,-1,105
bare,20,-1,106
bare,20,-1,107
bare,20,-1,108
bare,20,-1,109
bare,20,-1,110
bare,20,-1,111
bare,20,-1,112
bare,20,-1,113
bare,20,-1,114
bare,20,-1,115
bare,20,-1,116
bare,20,-1,117
bare,20,-1,118
bare,20,-1,119
bare,20,-1,120
bare,20,-1,121
bare,20,0,-1
bare,20,0,121
bare,20,1,-1
bare,20,1,121
bare,20,2,-1
bare,20,2,121
bare,20,3,-1
bare,20,3,121
bare,20,4,-1
bare,20,4,121
bare,20,5,-1
bare,20,5,121
bare,20,6,-1
bare,20,6,121
bare,20,7,-1
bare,20,7,0
bare,20,7,1
bare,20,7,2
tuff,20,7,3
tuff,20,7,4
tuff,20,7,5
tuff,20,7,6
tuff,20,7,7
bare,20,7,8
bare,20,7,9
bare,20,7,10
bare,20,7,11
bare,20,7,12
bare,20,7,13
bare,20,7,14
bare,20,7,15
bare,20,7,16
bare,20,7,17
bare,20,7,18
bare,20,7,19
bare,20,7,20
bare,20,7,21
bare,20,7,22
bare,20,7,23
bare,20,7,24
bare,20,7,25
bare,20,7,26
bare,20,7,27
bare,20,7,28
bare,20,7,29
bare,20,7,30
bare,20,7,31
bare,20,7,32
bare,20,7,33
bare,20,7,34
bare,20,7,35
bare,20,7,36
bare,20,7,37
bare,20,7,38
bare,20,7,39
bare,20,7,40
bare,20,7,41
bare,20,7,42
bare,20,7,43
bare,20,7,44
bare,20,7,45
bare,20,7,46
bare,20,7,47
bare,20,7,48
bare,20,7,49
bare,20,7,50
bare,20,7,51
bare,20,7,52
bare,20,7,53
bare,20,7,54
bare,20,7,55
bare,20,7,56
bare,20,7,57
bare,20,7,58
bare,20,7,59
bare,20,7,60
bare,20,7,61
bare,20,7,62
bare,20,7,63
bare,20,7,64
bare,20,7,65
bare,20,7,66
bare,20,7,67
bare,20,7,68
bare,20,7,69
bare,20,7,70
bare,20,7,71
bare,20,7,72
bare,20,7,73
bare,20,7,74
bare,20,7,75
bare,20,7,76
bare,20,7,77
bare,20,7,78
bare,20,7,79
bare,20,7,80
bare,20,7,81
bare,20,7,82
bare,20,7,83
bare,20,7,84
bare,20,7,85
bare,20,7,86
bare,20,7,87
bare,20,7,88
bare,20,7,89
bare,20,7,90
bare,20,7,91
bare,20,7,92
bare,20,7,93
bare,20,7,94
bare,20,7,95
bare,20,7,96
bare,20,7,97
bare,20,7,98
bare,20,7,99
bare,20,7,100
bare,20,7,101
bare,20,7,102
bare,20,7,103
bare,20,7,104
bare,20,7,105
bare,20,7,106
bare,20,7,107
bare,20,7,108
bare,20,7,109
bare,20,7,110
bare,20,7,111
bare,20,7,112
bare,20,7,113
bare,20,7,114
bare,20,7,115
bare,20,7,116
bare,20,7,117
bare,20,7,118
bare,20,7,119
bare,20,7,120
bare,20,7,121
bare,21,-1,-1
bare,21,-1,0
bare,21,-1,1
bare,21,-1,2
bare,21,-1,3
bare,21,-1,4
bare,21,-1,5
bare,21,-1,6
bare,21,-1,7
bare,21,-1,8
bare,21,-1,9
bare,21,-1,10
bare,21,-1,11
bare,21,-1,12
bare,21,-1,13
bare,21,-1,14
bare,21,-1,15
bare,21,-1,16
bare,21,-1,17
bare,21,-1,18
bare,21,-1,19
bare,21,-1,20
bare,21,-1,21
bare,21,-1,22
bare,21,-1,23
bare,21,-1,24
bare,21,-1,25
bare,21,-1,26
bare,21,-1,27
bare,21,-1,28
bare,21,-1,29
bare,21,-1,30
bare,21,-1,31
bare,21,-1,32
bare,21,-1,33
bare,21,-1,34
bare,21,-1,35
bare,21,-1,36
bare,21,-1,37
bare,21,-1,38
bare,21,-1,39
bare,21,-1,40
bare,21,-1,41
bare,21,-1,42
bare,21,-1,43
bare,21,-1,44
bare,21,-1,45
bare,21,-1,46
bare,21,-1,47
bare,21,-1,48
bare,21,-1,49
bare,21,-1,50
bare,21,-1,51
bare,21,-1,52
bare,21,-1,53
bare,21,-1,54
bare,21,-1,55
bare,21,-1,56
bare,21,-1,57
bare,21,-1,58
bare,21,-1,59
bare,21,-1,60
bare,21,-1,61
bare,21,-1,62
bare,21,-1,63
bare,21,-1,64
bare,21,-1,65
bare,21,-1,66
bare,21,-1,67
bare,21,-1,68
bare,21,-1,69
bare,21,-1,70
bare,21,-1,71
bare,21,-1,72
bare,21,-1,73
bare,21,-1,74
bare,21,-1,75
bare,21,-1,76
bare,21,-1,77
bare,21,-1,78
bare,21,-1,79
bare,21,-1,80
bare,21,-1,81
bare,21,-1,82
bare,21,-1,83
bare,21,-1,84
bare,21,-1,85
bare,21,-1,86
bare,21,-1,87
bare,21,-1,88
bare,21,-1,89
bare,21,-1,90
bare,21,-1,91
bare,21,-1,92
bare,21,-1,93
bare,21,-1,94
bare,21,-1,95
bare,21,-1,96
bare,21,-1,97
tuff,21,-1,98
tuff,21,-1,99
tuff,21,-1,100
tuff,21,-1,101
bare,21,-1,102
bare,21,-1,103
bare,21,-1,104
bare,21,-1,105
bare,21,-1,106
bare,21,-1,107
bare,21,-1,108
bare,21,-1,109
bare,21,-1,110
bare,21,-1,111
bare,21,-1,112
bare,21,-1,113
bare,21,-1,114
bare,21,-1,115
bare,21,-1,116
bare,21,-1,117
bare,21,-1,118
bare,21,-1,119
bare,21,-1,120
bare,21,-1,121
bare,21,0,-1
bare,21,0,121
bare,21,1,-1
bare,21,1,121
bare,21,2,-1
bare,21,2,121
bare,21,3,-1
bare,21,3,121
bare,21,4,-1
bare,21,4,121
bare,21,5,-1
bare,21,5,121
bare,21,6,-1
bare,21,6,121
bare,21,7,-1
bare,21,7,0
bare,21,7,1
tuff,21,7,2
tuff,21,7,3
tuff,21,7,4
tuff,21,7,5
tuff,21,7,6
tuff,21,7,7
tuff,21,7,8
bare,21,7,9
bare,21,7,10
bare,21,7,11
bare,21,7,12
bare,21,7,13
bare,21,7,14
bare,21,7,15
bare,21,7,16
bare,21,7,17
bare,21,7,18
bare,21,7,19
bare,21,7,20
bare,21,7,21
bare,21,7,22
bare,21,7,23
bare,21,7,24
bare,21,7,25
bare,21,7,26
bare,21,7,27
bare,21,7,28
bare,21,7,29
bare,21,7,30
bare,21,7,31
bare,21,7,32
bare,21,7,33
bare,21,7,34
bare,21,7,35
bare,21,7,36
bare,21,7,37
bare,21,7,38
bare,21,7,39
bare,21,7,40
bare,21,7,41
bare,21,7,42
bare,21,7,43
bare,21,7,44
bare,21,7,45
bare,21,7,46
bare,21,7,47
bare,21,7,48
bare,21,7,49
bare,21,7,50
bare,21,7,51
bare,21,7,52
bare,21,7,53
bare,21,7,54
bare,21,7,55
bare,21,7,56
bare,21,7,57
bare,21,7,58
bare,21,7,59
bare,21,7,60
bare,21,7,61
bare,21,7,62
bare,21,7,63
bare,21,7,64
bare,21,7,65
bare,21,7,66
bare,21,7,67
bare,21,7,68
bare,21,7,69
bare,21,7,70
bare,21,7,71
bare,21,7,72
bare,21,7,73
bare,21,7,74
bare,21,7,75
bare,21,7,76
bare,21,7,77
bare,21,7,78
bare,21,7,79
bare,21,7,80
bare,21,7,81
bare,21,7,82
bare,21,7,83
bare,21,7,84
bare,21,7,85
bare,21,7,86
bare,21,7,87
bare,21,7,88
bare,21,7,89
bare,21,7,90
bare,21,7,91
bare,21,7,92
bare,21,7,93
bare,21,7,94
bare,21,7,95
bare,21,7,96
bare,21,7,97
bare,21,7,98
bare,21,7,99
bare,21,7,100
bare,21,7,101
bare,21,7,102
bare,21,7,103
bare,21,7,104
bare,21,7,105
bare,21,7,106
bare,21,7,107
bare,21,7,108
bare,21,7,109
bare,21,7,110
bare,21,7,111
bare,21,7,112
bare,21,7,113
bare,21,7,114
bare,21,7,115
bare,21,7,116
bare,21,7,117
bare,21,7,118
bare,21,7,119
bare,21,7,120
bare,21,7,121
bare,22,-1,-1
bare,22,-1,0
bare,22,-1,1
bare,22,-1,2
bare,22,-1,3
bare,22,-1,4
bare,22,-1,5
bare,22,-1,6
bare,22,-1,7
bare,22,-1,8
bare,22,-1,9
bare,22,-1,10
bare,22,-1,11
bare,22,-1,12
bare,22,-1,13
bare,22,-1,14
bare,22,-1,15
bare,22,-1,16
bare,22,-1,17
bare,22,-1,18
bare,22,-1,19
bare,22,-1,20
bare,22,-1,21
bare,22,-1,22
bare,22,-1,23
bare,22,-1,24
bare,22,-1,25
bare,22,-1,26
bare,22,-1,27
bare,22,-1,28
bare,22,-1,29
bare,22,-1,30
bare,22,-1,31
bare,22,-1,32
bare,22,-1,33
bare,22,-1,34
bare,22,-1,35
bare,22,-1,36
bare,22,-1,37
bare,22,-1,38
bare,22,-1,39
bare,22,-1,40
bare,22,-1,41
bare,22,-1,42
bare,22,-1,43
bare,22,-1,44
bare,22,-1,45
bare,22,-1,46
bare,22,-1,47
bare,22,-1,48
bare,22,-1,49
bare,22,-1,50
bare,22,-1,51
bare,22,-1,52
bare,22,-1,53
bare,22,-1,54
bare,22,-1,55
bare,22,-1,56
bare,22,-1,57
bare,22,-1,58
bare,22,-1,59
bare,22,-1,60
bare,22,-1,61
bare,22,-1,62
bare,22,-1,63
bare,22,-1,64
bare,22,-1,65
bare,22,-1,66
bare,22,-1,67
bare,22,-1,68
bare,22,-1,69
bare,22,-1,70
bare,22,-1,71
bare,22,-1,72
bare,22,-1,73
bare,22,-1,74
bare,22,-1,75
bare,22,-1,76
bare,22,-1,77
bare,22,-1,78
bare,22,-1,79
bare,22,-1,80
bare,22,-1,81
bare,22,-1,82
bare,22,-1,83
bare,22,-1,84
bare,22,-1,85
bare,22,-1,86
bare,22,-1,87
bare,22,-1,88
bare,22,-1,89
bare,22,-1,90
bare,22,-1,91
bare,22,-1,92
bare,22,-1,93
bare,22,-1,94
bare,22,-1,95
bare,22,-1,96
tuff,22,-1,97
tuff,22,-1,98
tuff,22,-1,99
tuff,22,-1,100
tuff,22,-1,101
tuff,22,-1,102
bare,22,-1,103
bare,22,-1,104
bare,22,-1,105
bare,22,-1,106
bare,22,-1,107
bare,22,-1,108
bare,22,-1,109
bare,22,-1,110
bare,22,-1,111
bare,22,-1,112
bare,22,-1,113
bare,22,-1,114
bare,22,-1,115
bare,22,-1,116
bare,22,-1,117
bare,22,-1,118
bare,22,-1,119
bare,22,-1,120
bare,22,-1,121
bare,22,0,-1
bare,22,0,121
bare,22,1,-1
bare,22,1,121
bare,22,2,-1
bare,22,2,121
bare,22,3,-1
bare,22,3,121
bare,22,4,-1
bare,22,4,121
bare,22,5,-1
bare,22,5,121
bare,22,6,-1
bare,22,6,121
bare,22,7,-1
bare,22,7,0
tuff,22,7,1
tuff,22,7,2
tuff,22,7,3
tuff,22,7,4
tuff,22,7,5
tuff,22,7,6
tuff,22,7,7
tuff,22,7,8
bare,22,7,9
bare,22,7,10
bare,22,7,11
bare,22,7,12
bare,22,7,13
bare,22,7,14
bare,22,7,15
bare,22,7,16
bare,22,7,17
bare,22,7,18
bare,22,7,19
bare,22,7,20
bare,22,7,21
bare,22,7,22
bare,22,7,23
bare,22,7,24
bare,22,7,25
bare,22,7,26
bare,22,7,27
bare,22,7,28
bare,22,7,29
bare,22,7,30
bare,22,7,31
bare,22,7,32
bare,22,7,33
bare,22,7,34
bare,22,7,35
bare,22,7,36
bare,22,7,37
bare,22,7,38
bare,22,7,39
bare,22,7,40
bare,22,7,41
bare,22,7,42
bare,22,7,43
bare,22,7,44
bare,22,7,45
bare,22,7,46
bare,22,7,47
bare,22,7,48
bare,22,7,49
bare,22,7,50
bare,22,7,51
bare,22,7,52
bare,22,7,53
bare,22,7,54
bare,22,7,55
bare,22,7,56
bare,22,7,57
bare,22,7,58
bare,22,7,59
bare,22,7,60
bare,22,7,61
bare,22,7,62
bare,22,7,63
bare,22,7,64
bare,22,7,65
bare,22,7,66
bare,22,7,67
bare,22,7,68
bare,22,7,69
bare,22,7,70
bare,22,7,71
bare,22,7,72
bare,22,7,73
bare,22,7,74
bare,22,7,75
bare,22,7,76
bare,22,7,77
bare,22,7,78
bare,22,7,79
bare,22,7,80
bare,22,7,81
bare,22,7,82
bare,22,7,83
bare,22,7,84
bare,22,7,85
bare,22,7,86
bare,22,7,87
bare,22,7,88
bare,22,7,89
bare,22,7,90
bare,22,7,91
bare,22,7,92
bare,22,7,93
bare,22,7,94
bare,22,7,95
bare,22,7,96
bare,22,7,97
bare,22,7,98
bare,22,7,99
bare,22,7,100
bare,22,7,101
bare,22,7,102
bare,22,7,103
bare,22,7,104
bare,22,7,105
bare,22,7,106
bare,22,7,107
bare,22,7,108
bare,22,7,109
bare,22,7,110
bare,22,7,111
bare,22,7,112
bare,22,7,113
bare,22,7,114
bare,22,7,115
bare,22,7,116
bare,22,7,117
bare,22,7,118
bare,22,7,119
bare,22,7,120
bare,22,7,121
bare,23,-1,-1
bare,23,-1,0
bare,23,-1,1
bare,23,-1,2
bare,23,-1,3
bare,23,-1,4
bare,23,-1,5
bare,23,-1,6
bare,23,-1,7
bare,23,-1,8
bare,23,-1,9
bare,23,-1,10
bare,23,-1,11
bare,23,-1,12
bare,23,-1,13
bare,23,-1,14
bare,23,-1,15
bare,23,-1,16
bare,23,-1,17
bare,23,-1,18
bare,23,-1,19
bare,23,-1,20
bare,23,-1,21
bare,23,-1,22
bare,23,-1,23
bare,23,-1,24
bare,23,-1,25
bare,23,-1,26
bare,23,-1,27
bare,23,-1,28
bare,23,-1,29
bare,23,-1,30
bare,23,-1,31
bare,23,-1,32
bare,23,-1,33
bare,23,-1,34
bare,23,-1,35
bare,23,-1,36
bare,23,-1,37
bare,23,-1,38
bare,23,-1,39
bare,23,-1,40
bare,23,-1,41
bare,23,-1,42
bare,23,-1,43
bare,23,-1,44
bare,23,-1,45
bare,23,-1,46
bare,23,-1,47
bare,23,-1,48
bare,23,-1,49
bare,23,-1,50
bare,23,-1,51
bare,23,-1,52
bare,23,-1,53
bare,23,-1,54
bare,23,-1,55
bare,23,-1,56
bare,23,-1,57
bare,23,-1,58
bare,23,-1,59
bare,23,-1,60
bare,23,-1,61
bare,23,-1,62
bare,23,-1,63
bare,23,-1,64
bare,23,-1,65
bare,23,-1,66
bare,23,-1,67
bare,23,-1,68
bare,23,-1,69
bare,23,-1,70
bare,23,-1,71
bare,23,-1,72
bare,23,-1,73
bare,23,-1,74
bare,23,-1,75
bare,23,-1,76
bare,23,-1,77
bare,23,-1,78
bare,23,-1,79
bare,23,-1,80
bare,23,-1,81
bare,23,-1,82
bare,23,-1,83
bare,23,-1,84
bare,23,-1,85
bare,23,-1,86
bare,23,-1,87
bare,23,-1,88
bare,23,-1,89
bare,23,-1,90
bare,23,-1,91
bare,23,-1,92
bare,23,-1,93
bare,23,-1,94
bare,23,-1,95
bare,23,-1,96
tuff,23,-1,97
tuff,23,-1,98
tuff,23,-1,99
tuff,23,-1,100
tuff,23,-1,101
tuff,23,-1,102
bare,23,-1,103
bare,23,-1,104
bare,23,-1,105
bare,23,-1,106
bare,23,-1,107
bare,23,-1,108
bare,23,-1,109
bare,23,-1,110
bare,23,-1,111
bare,23,-1,112
bare,23,-1,113
bare,23,-1,114
bare,23,-1,115
bare,23,-1,116
bare,23,-1,117
bare,23,-1,118
bare,23,-1,119
bare,23,-1,120
bare,23,-1,121
bare,23,0,-1
bare,23,0,121
bare,23,1,-1
bare,23,1,121
bare,23,2,-1
bare,23,2,121
bare,23,3,-1
bare,23,3,121
bare,23,4,-1
bare,23,4,121
bare,23,5,-1
bare,23,5,121
bare,23,6,-1
bare,23,6,121
bare,23,7,-1
bare,23,7,0
tuff,23,7,1
tuff,23,7,2
tuff,23,7,3
tuff,23,7,4
tuff,23,7,5
tuff,23,7,6
tuff,23,7,7
tuff,23,7,8
bare,23,7,9
bare,23,7,10
bare,23,7,11
bare,23,7,12
bare,23,7,13
bare,23,7,14
bare,23,7,15
bare,23,7,16
bare,23,7,17
bare,23,7,18
bare,23,7,19
bare,23,7,20
bare,23,7,21
bare,23,7,22
bare,23,7,23
bare,23,7,24
bare,23,7,25
bare,23,7,26
bare,23,7,27
bare,23,7,28
bare,23,7,29
bare,23,7,30
bare,23,7,31
bare,23,7,32
bare,23,7,33
bare,23,7,34
bare,23,7,35
bare,23,7,36
bare,23,7,37
bare,23,7,38
bare,23,7,39
bare,23,7,40
bare,23,7,41
bare,23,7,42
bare,23,7,43
bare,23,7,44
bare,23,7,45
bare,23,7,46
bare,23,7,47
bare,23,7,48
bare,23,7,49
bare,23,7,50
bare,23,7,51
bare,23,7,52
bare,23,7,53
bare,23,7,54
bare,23,7,55
bare,23,7,56
bare,23,7,57
bare,23,7,58
bare,23,7,59
bare,23,7,60
bare,23,7,61
bare,23,7,62
bare,23,7,63
bare,23,7,64
bare,23,7,65
bare,23,7,66
bare,23,7,67
bare,23,7,68
bare,23,7,69
bare,23,7,70
bare,23,7,71
bare,23,7,72
bare,23,7,73
bare,23,7,74
bare,23,7,75
bare,23,7,76
bare,23,7,77
bare,23,7,78
bare,23,7,79
bare,23,7,80
bare,23,7,81
bare,23,7,82
bare,23,7,83
bare,23,7,84
bare,23,7,85
bare,23,7,86
bare,23,7,87
bare,23,7,88
bare,23,7,89
bare,23,7,90
bare,23,7,91
bare,23,7,92
bare,23,7,93
bare,23,7,94
bare,23,7,95
bare,23,7,96
bare,23,7,97
bare,23,7,98
bare,23,7,99
bare,23,7,100
bare,23,7,101
bare,23,7,102
bare,23,7,103
bare,23,7,104
bare,23,7,105
bare,23,7,106
bare,23,7,107
bare,23,7,108
bare,23,7,109
bare,23,7,110
bare,23,7,111
bare,23,7,112
bare,23,7,113
bare,23,7,114
bare,23,7,115
bare,23,7,116
bare,23,7,117
bare,23,7,118
bare,23,7,119
bare,23,7,120
bare,23,7,121
bare,24,-1,-1
bare,24,-1,0
bare,24,-1,1
bare,24,-1,2
bare,24,-1,3
bare,24,-1,4
bare,24,-1,5
bare,24,-1,6
bare,24,-1,7
bare,24,-1,8
bare,24,-1,9
bare,24,-1,10
bare,24,-1,11
bare,24,-1,12
bare,24,-1,13
bare,24,-1,14
bare,24,-1,15
bare,24,-1,16
bare,24,-1,17
bare,24,-1,18
bare,24,-1,19
bare,24,-1,20
bare,24,-1,21
bare,24,-1,22
bare,24,-1,23
bare,24,-1,24
bare,24,-1,25
bare,24,-1,26
bare,24,-1,27
bare,24,-1,28
bare,24,-1,29
bare,24,-1,30
bare,24,-1,31
bare,24,-1,32
bare,24,-1,33
bare,24,-1,34
bare,24,-1,35
bare,24,-1,36
bare,24,-1,37
bare,24,-1,38
bare,24,-1,39
bare,24,-1,40
bare,24,-1,41
bare,24,-1,42
bare,24,-1,43
bare,24,-1,44
bare,24,-1,45
bare,24,-1,46
bare,24,-1,47
bare,24,-1,48
bare,24,-1,49
bare,24,-1,50
bare,24,-1,51
bare,24,-1,52
bare,24,-1,53
bare,24,-1,54
bare,24,-1,55
bare,24,-1,56
bare,24,-1,57
bare,24,-1,58
bare,24,-1,59
bare,24,-1,60
bare,24,-1,61
bare,24,-1,62
bare,24,-1,63
bare,24,-1,64
bare,24,-1,65
bare,24,-1,66
bare,24,-1,67
bare,24,-1,68
bare,24,-1,69
bare,24,-1,70
bare,24,-1,71
bare,24,-1,72
bare,24,-1,73
bare,24,-1,74
bare,24,-1,75
bare,24,-1,76
bare,24,-1,77
bare,24,-1,78
bare,24,-1,79
bare,24,-1,80
bare,24,-1,81
bare,24,-1,82
bare,24,-1,83
bare,24,-1,84
bare,24,-1,85
bare,24,-1,86
bare,24,-1,87
bare,24,-1,88
bare,24,-1,89
bare,24,-1,90
bare,24,-1,91
bare,24,-1,92
bare,24,-1,93
bare,24,-1,94
bare,24,-1,95
bare,24,-1,96
tuff,24,-1,97
tuff,24,-1,98
tuff,24,-1,99
tuff,24,-1,100
tuff,24,-1,101
tuff,24,-1,102
bare,24,-1,103
bare,24,-1,104
bare,24,-1,105
bare,24,-1,106
bare,24,-1,107
bare,24,-1,108
bare,24,-1,109
bare,24,-1,110
bare,24,-1,111
bare,24,-1,112
bare,24,-1,113
bare,24,-1,114
bare,24,-1,115
tuff,24,-1,116
tuff,24,-1,117
tuff,24,-1,118
tuff,24,-1,119
tuff,24,-1,120
tuff,24,-1,121
bare,24,0,-1
tuff,24,0,121
bare,24,1,-1
tuff,24,1,121
bare,24,2,-1
bare,24,2,121
bare,24,3,-1
bare,24,3,121
bare,24,4,-1
bare,24,4,121
bare,24,5,-1
bare,24,5,121
bare,24,6,-1
bare,24,6,121
bare,24,7,-1
bare,24,7,0
tuff,24,7,1
tuff,24,7,2
tuff,24,7,3
tuff,24,7,4
tuff,24,7,5
tuff,24,7,6
tuff,24,7,7
tuff,24,7,8
bare,24,7,9
bare,24,7,10
bare,24,7,11
bare,24,7,12
bare,24,7,13
bare,24,7,14
bare,24,7,15
bare,24,7,16
bare,24,7,17
bare,24,7,18
bare,24,7,19
bare,24,7,20
bare,24,7,21
bare,24,7,22
bare,24,7,23
bare,24,7,24
bare,24,7,25
bare,24,7,26
bare,24,7,27
bare,24,7,28
bare,24,7,29
bare,24,7,30
bare,24,7,31
bare,24,7,32
bare,24,7,33
bare,24,7,34
bare,24,7,35
bare,24,7,36
bare,24,7,37
bare,24,7,38
bare,24,7,39
bare,24,7,40
bare,24,7,41
bare,24,7,42
bare,24,7,43
bare,24,7,44
bare,24,7,45
bare,24,7,46
bare,24,7,47
bare,24,7,48
bare,24,7,49
bare,24,7,50
bare,24,7,51
bare,24,7,52
bare,24,7,53
bare,24,7,54
bare,24,7,55
bare,24,7,56
bare,24,7,57
bare,24,7,58
bare,24,7,59
bare,24,7,60
bare,24,7,61
bare,24,7,62
bare,24,7,63
bare,24,7,64
bare,24,7,65
bare,24,7,66
bare,24,7,67
bare,24,7,68
bare,24,7,69
bare,24,7,70
bare,24,7,71
bare,24,7,72
bare,24,7,73
bare,24,7,74
bare,24,7,75
bare,24,7,76
bare,24,7,77
bare,24,7,78
bare,24,7,79
bare,24,7,80
bare,24,7,81
bare,24,7,82
bare,24,7,83
bare,24,7,84
bare,24,7,85
bare,24,7,86
bare,24,7,87
bare,24,7,88
bare,24,7,89
bare,24,7,90
bare,24,7,91
bare,24,7,92
bare,24,7,93
bare,24,7,94
bare,24,7,95
bare,24,7,96
bare,24,7,97
bare,24,7,98
bare,24,7,99
bare,24,7,100
bare,24,7,101
bare,24,7,102
bare,24,7,103
bare,24,7,104
bare,24,7,105
bare,24,7,106
bare,24,7,107
bare,24,7,108
bare,24,7,109
bare,24,7,110
bare,24,7,111
bare,24,7,112
bare,24,7,113
bare,24,7,114
bare,24,7,115
bare,24,7,116
bare,24,7,117
bare,24,7,118
bare,24,7,119
bare,24,7,120
bare,24,7,121
bare,25,-1,-1
bare,25,-1,0
bare,25,-1,1
bare,25,-1,2
bare,25,-1,3
bare,25,-1,4
bare,25,-1,5
bare,25,-1,6
bare,25,-1,7
bare,25,-1,8
bare,25,-1,9
bare,25,-1,10
bare,25,-1,11
bare,25,-1,12
bare,25,-1,13
bare,25,-1,14
bare,25,-1,15
bare,25,-1,16
bare,25,-1,17
bare,25,-1,18
bare,25,-1,19
bare,25,-1,20
bare,25,-1,21
bare,25,-1,22
bare,25,-1,23
bare,25,-1,24
bare,25,-1,25
bare,25,-1,26
bare,25,-1,27
bare,25,-1,28
bare,25,-1,29
bare,25,-1,30
bare,25,-1,31
bare,25,-1,32
bare,25,-1,33
bare,25,-1,34
bare,25,-1,35
bare,25,-1,36
bare,25,-1,37
bare,25,-1,38
bare,25,-1,39
bare,25,-1,40
bare,25,-1,41
bare,25,-1,42
bare,25,-1,43
bare,25,-1,44
bare,25,-1,45
bare,25,-1,46
bare,25,-1,47
bare,25,-1,48
bare,25,-1,49
bare,25,-1,50
bare,25,-1,51
bare,25,-1,52
bare,25,-1,53
bare,25,-1,54
bare,25,-1,55
bare,25,-1,56
bare,25,-1,57
bare,25,-1,58
bare,25,-1,59
bare,25,-1,60
bare,25,-1,61
bare,25,-1,62
bare,25,-1,63
bare,25,-1,64
bare,25,-1,65
bare,25,-1,66
bare,25,-1,67
bare,25,-1,68
bare,25,-1,69
bare,25,-1,70
bare,25,-1,71
bare,25,-1,72
bare,25,-1,73
bare,25,-1,74
bare,25,-1,75
bare,25,-1,76
bare,25,-1,77
bare,25,-1,78
bare,25,-1,79
bare,25,-1,80
bare,25,-1,81
bare,25,-1,82
bare,25,-1,83
bare,25,-1,84
bare,25,-1,85
bare,25,-1,86
bare,25,-1,87
bare,25,-1,88
bare,25,-1,89
bare,25,-1,90
bare,25,-1,91
bare,25,-1,92
bare,25,-1,93
bare,25,-1,94
bare,25,-1,95
bare,25,-1,96
tuff,25,-1,97
tuff,25,-1,98
tuff,25,-1,99
tuff,25,-1,100
tuff,25,-1,101
tuff,25,-1,102
bare,25,-1,103
bare,25,-1,104
bare,25,-1,105
bare,25,-1,106
bare,25,-1,107
bare,25,-1,108
bare,25,-1,109
bare,25,-1,110
bare,25,-1,111
bare,25,-1,112
bare,25,-1,113
tuff,25,-1,114
tuff,25,-1,115
tuff,25,-1,116
tuff,25,-1,117
tuff,25,-1,118
tuff,25,-1,119
tuff,25,-1,120
tuff,25,-1,121
bare,25,0,-1
tuff,25,0,121
bare,25,1,-1
tuff,25,1,121
bare,25,2,-1
tuff,25,2,121
bare,25,3,-1
bare,25,3,121
bare,25,4,-1
bare,25,4,121
tuff,25,5,-1
bare,25,5,121
tuff,25,6,-1
bare,25,6,121
bare,25,7,-1
bare,25,7,0
tuff,25,7,1
tuff,25,7,2
tuff,25,7,3
tuff,25,7,4
tuff,25,7,5
tuff,25,7,6
tuff,25,7,7
bare,25,7,8
bare,25,7,9
bare,25,7,10
bare,25,7,11
bare,25,7,12
bare,25,7,13
bare,25,7,14
bare,25,7,15
bare,25,7,16
bare,25,7,17
bare,25,7,18
bare,25,7,19
bare,25,7,20
bare,25,7,21
bare,25,7,22
bare,25,7,23
bare,25,7,24
bare,25,7,25
bare,25,7,26
bare,25,7,27
bare,25,7,28
bare,25,7,29
bare,25,7,30
bare,25,7,31
bare,25,7,32
bare,25,7,33
bare,25,7,34
bare,25,7,35
bare,25,7,36
bare,25,7,37
bare,25,7,38
bare,25,7,39
bare,25,7,40
bare,25,7,41
bare,25,7,42
bare,25,7,43
bare,25,7,44
bare,25,7,45
bare,25,7,46
bare,25,7,47
bare,25,7,48
bare,25,7,49
bare,25,7,50
bare,25,7,51
bare,25,7,52
bare,25,7,53
bare,25,7,54
bare,25,7,55
bare,25,7,56
bare,25,7,57
bare,25,7,58
bare,25,7,59
bare,25,7,60
bare,25,7,61
bare,25,7,62
bare,25,7,63
bare,25,7,64
bare,25,7,65
bare,25,7,66
bare,25,7,67
bare,25,7,68
bare,25,7,69
bare,25,7,70
bare,25,7,71
bare,25,7,72
bare,25,7,73
bare,25,7,74
bare,25,7,75
bare,25,7,76
bare,25,7,77
bare,25,7,78
bare,25,7,79
bare,25,7,80
bare,25,7,81
bare,25,7,82
bare,25,7,83
bare,25,7,84
bare,25,7,85
bare,25,7,86
bare,25,7,87
bare,25,7,88
bare,25,7,89
bare,25,7,90
bare,25,7,91
bare,25,7,92
bare,25,7,93
bare,25,7,94
bare,25,7,95
bare,25,7,96
bare,25,7,97
bare,25,7,98
bare,25,7,99
bare,25,7,100
bare,25,7,101
bare,25,7,102
bare,25,7,103
bare,25,7,104
bare,25,7,105
bare,25,7,106
bare,25,7,107
bare,25,7,108
bare,25,7,109
bare,25,7,110
bare,25,7,111
bare,25,7,112
bare,25,7,113
bare,25,7,114
bare,25,7,115
bare,25,7,116
bare,25,7,117
bare,25,7,118
bare,25,7,119
bare,25,7,120
bare,25,7,121
bare,26,-1,-1
bare,26,-1,0
bare,26,-1,1
bare,26,-1,2
bare,26,-1,3
bare,26,-1,4
bare,26,-1,5
bare,26,-1,6
bare,26,-1,7
bare,26,-1,8
bare,26,-1,9
bare,26,-1,10
bare,26,-1,11
bare,26,-1,12
bare,26,-1,13
bare,26,-1,14
bare,26,-1,15
bare,26,-1,16
bare,26,-1,17
bare,26,-1,18
bare,26,-1,19
bare,26,-1,20
bare,26,-1,21
bare,26,-1,22
bare,26,-1,23
bare,26,-1,24
bare,26,-1,25
bare,26,-1,26
bare,26,-1,27
bare,26,-1,28
bare,26,-1,29
bare,26,-1,30
bare,26,-1,31
bare,26,-1,32
bare,26,-1,33
bare,26,-1,34
bare,26,-1,35
bare,26,-1,36
bare,26,-1,37
bare,26,-1,38
bare,26,-1,39
bare,26,-1,40
bare,26,-1,41
bare,26,-1,42
bare,26,-1,43
bare,26,-1,44
bare,26,-1,45
bare,26,-1,46
bare,26,-1,47
bare,26,-1,48
bare,26,-1,49
bare,26,-1,50
bare,26,-1,51
bare,26,-1,52
bare,26,-1,53
bare,26,-1,54
bare,26,-1,55
bare,26,-1,56
bare,26,-1,57
bare,26,-1,58
bare,26,-1,59
bare,26,-1,60
bare,26,-1,61
bare,26,-1,62
bare,26,-1,63
bare,26,-1,64
bare,26,-1,65
bare,26,-1,66
bare,26,-1,67
bare,26,-1,68
bare,26,-1,69
bare,26,-1,70
bare,26,-1,71
bare,26,-1,72
bare,26,-1,73
bare,26,-1,74
bare,26,-1,75
bare,26,-1,76
bare,26,-1,77
bare,26,-1,78
bare,26,-1,79
bare,26,-1,80
bare,26,-1,81
bare,26,-1,82
bare,26,-1,83
bare,26,-1,84
bare,26,-1,85
bare,26,-1,86
bare,26,-1,87
bare,26,-1,88
bare,26,-1,89
bare,26,-1,90
bare,26,-1,91
bare,26,-1,92
bare,26,-1,93
bare,26,-1,94
bare,26,-1,95
tuff,26,-1,96
tuff,26,-1,97
tuff,26,-1,98
tuff,26,-1,99
tuff,26,-1,100
tuff,26,-1,101
tuff,26,-1,102
tuff,26,-1,103
bare,26,-1,104
bare,26,-1,105
bare,26,-1,106
bare,26,-1,107
bare,26,-1,108
bare,26,-1,109
bare,26,-1,110
bare,26,-1,111
bare,26,-1,112
tuff,26,-1,113
tuff,26,-1,114
tuff,26,-1,115
tuff,26,-1,116
tuff,26,-1,117
tuff,26,-1,118
tuff,26,-1,119
tuff,26,-1,120
tuff,26,-1,121
bare,26,0,-1
tuff,26,0,121
bare,26,1,-1
tuff,26,1,121
bare,26,2,-1
tuff,26,2,121
bare,26,3,-1
bare,26,3,121
tuff,26,4,-1
bare,26,4,121
tuff,26,5,-1
bare,26,5,121
tuff,26,6,-1
bare,26,6,121
tuff,26,7,-1
tuff,26,7,0
tuff,26,7,1
tuff,26,7,2
tuff,26,7,3
tuff,26,7,4
tuff,26,7,5
tuff,26,7,6
tuff,26,7,7
bare,26,7,8
bare,26,7,9
bare,26,7,10
bare,26,7,11
bare,26,7,12
bare,26,7,13
bare,26,7,14
bare,26,7,15
bare,26,7,16
bare,26,7,17
bare,26,7,18
bare,26,7,19
bare,26,7,20
bare,26,7,21
bare,26,7,22
bare,26,7,23
bare,26,7,24
bare,26,7,25
bare,26,7,26
bare,26,7,27
bare,26,7,28
bare,26,7,29
bare,26,7,30
bare,26,7,31
bare,26,7,32
bare,26,7,33
bare,26,7,34
bare,26,7,35
bare,26,7,36
bare,26,7,37
bare,26,7,38
bare,26,7,39
bare,26,7,40
bare,26,7,41
bare,26,7,42
bare,26,7,43
bare,26,7,44
bare,26,7,45
bare,26,7,46
bare,26,7,47
bare,26,7,48
bare,26,7,49
bare,26,7,50
bare,26,7,51
bare,26,7,52
bare,26,7,53
bare,26,7,54
bare,26,7,55
bare,26,7,56
bare,26,7,57
bare,26,7,58
bare,26,7,59
bare,26,7,60
bare,26,7,61
bare,26,7,62
bare,26,7,63
bare,26,7,64
bare,26,7,65
bare,26,7,66
bare,26,7,67
bare,26,7,68
bare,26,7,69
bare,26,7,70
bare,26,7,71
bare,26,7,72
bare,26,7,73
bare,26,7,74
bare,26,7,75
bare,26,7,76
bare,26,7,77
bare,26,7,78
bare,26,7,79
bare,26,7,80
bare,26,7,81
bare,26,7,82
bare,26,7,83
bare,26,7,84
bare,26,7,85
bare,26,7,86
bare,26,7,87
bare,26,7,88
bare,26,7,89
bare,26,7,90
bare,26,7,91
bare,26,7,92
bare,26,7,93
bare,26,7,94
bare,26,7,95
bare,26,7,96
bare,26,7,97
bare,26,7,98
bare,26,7,99
bare,26,7,100
bare,26,7,101
bare,26,7,102
bare,26,7,103
bare,26,7,104
bare,26,7,105
bare,26,7,106
bare,26,7,107
bare,26,7,108
bare,26,7,109
bare,26,7,110
bare,26,7,111
bare,26,7,112
bare,26,7,113
bare,26,7,114
bare,26,7,115
bare,26,7,116
bare,26,7,117
bare,26,7,118
bare,26,7,119
bare,26,7,120
bare,26,7,121
bare,27,-1,-1
bare,27,-1,0
bare,27,-1,1
bare,27,-1,2
bare,27,-1,3
bare,27,-1,4
bare,27,-1,5
bare,27,-1,6
bare,27,-1,7
bare,27,-1,8
bare,27,-1,9
bare,27,-1,10
bare,27,-1,11
bare,27,-1,12
bare,27,-1,13
bare,27,-1,14
bare,27,-1,15
bare,27,-1,16
bare,27,-1,17
bare,27,-1,18
bare,27,-1,19
bare,27,-1,20
bare,27,-1,21
bare,27,-1,22
bare,27,-1,23
bare,27,-1,24
bare,27,-1,25
bare,27,-1,26
bare,27,-1,27
bare,27,-1,28
bare,27,-1,29
bare,27,-1,30
bare,27,-1,31
bare,27,-1,32
bare,27,-1,33
bare,27,-1,34
bare,27,-1,35
bare,27,-1,36
bare,27,-1,37
bare,27,-1,38
bare,27,-1,39
bare,27,-1,40
bare,27,-1,41
bare,27,-1,42
bare,27,-1,43
bare,27,-1,44
bare,27,-1,45
bare,27,-1,46
bare,27,-1,47
bare,27,-1,48
bare,27,-1,49
bare,27,-1,50
bare,27,-1,51
bare,27,-1,52
bare,27,-1,53
bare,27,-1,54
bare,27,-1,55
bare,27,-1,56
bare,27,-1,57
bare,27,-1,58
bare,27,-1,59
bare,27,-1,60
bare,27,-1,61
bare,27,-1,62
bare,27,-1,63
bare,27,-1,64
bare,27,-1,65
bare,27,-1,66
bare,27,-1,67
bare,27,-1,68
bare,27,-1,69
bare,27,-1,70
bare,27,-1,71
bare,27,-1,72
bare,27,-1,73
bare,27,-1,74
bare,27,-1,75
bare,27,-1,76
bare,27,-1,77
bare,27,-1,78
bare,27,-1,79
bare,27,-1,80
bare,27,-1,81
bare,27,-1,82
bare,27,-1,83
bare,27,-1,84
bare,27,-1,85
bare,27,-1,86
bare,27,-1,87
bare,27,-1,88
bare,27,-1,89
bare,27,-1,90
bare,27,-1,91
bare,27,-1,92
bare,27,-1,93
bare,27,-1,94
bare,27,-1,95
tuff,27,-1,96
tuff,27,-1,97
tuff,27,-1,98
tuff,27,-1,99
tuff,27,-1,100
tuff,27,-1,101
tuff,27,-1,102
tuff,27,-1,103
bare,27,-1,104
bare,27,-1,105
bare,27,-1,106
bare,27,-1,107
bare,27,-1,108
bare,27,-1,109
bare,27,-1,110
bare,27,-1,111
tuff,27,-1,112
tuff,27,-1,113
tuff,27,-1,114
tuff,27,-1,115
tuff,27,-1,116
tuff,27,-1,117
tuff,27,-1,118
tuff,27,-1,119
tuff,27,-1,120
tuff,27,-1,121
bare,27,0,-1
tuff,27,0,121
bare,27,1,-1
tuff,27,1,121
bare,27,2,-1
tuff,27,2,121
tuff,27,3,-1
bare,27,3,121
tuff,27,4,-1
bare,27,4,121
tuff,27,5,-1
bare,27,5,121
tuff,27,6,-1
bare,27,6,121
tuff,27,7,-1
tuff,27,7,0
tuff,27,7,1
tuff,27,7,2
tuff,27,7,3
tuff,27,7,4
tuff,27,7,5
tuff,27,7,6
bare,27,7,7
bare,27,7,8
bare,27,7,9
bare,27,7,10
bare,27,7,11
bare,27,7,12
bare,27,7,13
bare,27,7,14
bare,27,7,15
bare,27,7,16
bare,27,7,17
bare,27,7,18
bare,27,7,19
bare,27,7,20
bare,27,7,21
bare,27,7,22
bare,27,7,23
bare,27,7,24
bare,27,7,25
bare,27,7,26
bare,27,7,27
bare,27,7,28
bare,27,7,29
bare,27,7,30
bare,27,7,31
bare,27,7,32
bare,27,7,33
bare,27,7,34
bare,27,7,35
bare,27,7,36
bare,27,7,37
bare,27,7,38
bare,27,7,39
bare,27,7,40
bare,27,7,41
bare,27,7,42
bare,27,7,43
bare,27,7,44
bare,27,7,45
bare,27,7,46
bare,27,7,47
bare,27,7,48
bare,27,7,49
bare,27,7,50
bare,27,7,51
bare,27,7,52
bare,27,7,53
bare,27,7,54
bare,27,7,55
bare,27,7,56
bare,27,7,57
bare,27,7,58
bare,27,7,59
bare,27,7,60
bare,27,7,61
bare,27,7,62
bare,27,7,63
bare,27,7,64
bare,27,7,65
bare,27,7,66
bare,27,7,67
bare,27,7,68
bare,27,7,69
bare,27,7,70
bare,27,7,71
bare,27,7,72
bare,27,7,73
bare,27,7,74
bare,27,7,75
bare,27,7,76
bare,27,7,77
bare,27,7,78
bare,27,7,79
bare,27,7,80
bare,27,7,81
bare,27,7,82
bare,27,7,83
bare,27,7,84
bare,27,7,85
bare,27,7,86
bare,27,7,87
bare,27,7,88
bare,27,7,89
bare,27,7,90
bare,27,7,91
bare,27,7,92
bare,27,7,93
bare,27,7,94
bare,27,7,95
bare,27,7,96
bare,27,7,97
bare,27,7,98
bare,27,7,99
bare,27,7,100
bare,27,7,101
bare,27,7,102
bare,27,7,103
bare,27,7,104
bare,27,7,105
bare,27,7,106
bare,27,7,107
bare,27,7,108
bare,27,7,109
bare,27,7,110
bare,27,7,111
bare,27,7,112
bare,27,7,113
bare,27,7,114
bare,27,7,115
bare,27,7,116
bare,27,7,117
bare,27,7,118
bare,27,7,119
bare,27,7,120
bare,27,7,121
bare,28,-1,-1
bare,28,-1,0
bare,28,-1,1
bare,28,-1,2
redstone,28,-1,3
bare,28,-1,4
bare,28,-1,5
bare,28,-1,6
bare,28,-1,7
bare,28,-1,8
bare,28,-1,9
bare,28,-1,10
bare,28,-1,11
bare,28,-1,12
bare,28,-1,13
bare,28,-1,14
bare,28,-1,15
bare,28,-1,16
bare,28,-1,17
bare,28,-1,18
bare,28,-1,19
bare,28,-1,20
bare,28,-1,21
bare,28,-1,22
bare,28,-1,23
bare,28,-1,24
bare,28,-1,25
bare,28,-1,26
bare,28,-1,27
bare,28,-1,28
bare,28,-1,29
bare,28,-1,30
bare,28,-1,31
bare,28,-1,32
bare,28,-1,33
bare,28,-1,34
bare,28,-1,35
bare,28,-1,36
bare,28,-1,37
bare,28,-1,38
bare,28,-1,39
bare,28,-1,40
bare,28,-1,41
bare,28,-1,42
bare,28,-1,43
bare,28,-1,44
bare,28,-1,45
bare,28,-1,46
bare,28,-1,47
bare,28,-1,48
bare,28,-1,49
bare,28,-1,50
bare,28,-1,51
bare,28,-1,52
bare,28,-1,53
bare,28,-1,54
bare,28,-1,55
bare,28,-1,56
bare,28,-1,57
bare,28,-1,58
bare,28,-1,59
bare,28,-1,60
bare,28,-1,61
bare,28,-1,62
bare,28,-1,63
bare,28,-1,64
bare,28,-1,65
bare,28,-1,66
bare,28,-1,67
bare,28,-1,68
bare,28,-1,69
bare,28,-1,70
bare,28,-1,71
bare,28,-1,72
bare,28,-1,73
bare,28,-1,74
bare,28,-1,75
bare,28,-1,76
bare,28,-1,77
bare,28,-1,78
bare,28,-1,79
bare,28,-1,80
bare,28,-1,81
bare,28,-1,82
bare,28,-1,83
bare,28,-1,84
bare,28,-1,85
bare,28,-1,86
bare,28,-1,87
bare,28,-1,88
bare,28,-1,89
bare,28,-1,90
bare,28,-1,91
bare,28,-1,92
bare,28,-1,93
bare,28,-1,94
bare,28,-1,95
tuff,28,-1,96
tuff,28,-1,97
tuff,28,-1,98
tuff,28,-1,99
tuff,28,-1,100
tuff,28,-1,101
tuff,28,-1,102
tuff,28,-1,103
bare,28,-1,104
bare,28,-1,105
bare,28,-1,106
bare,28,-1,107
bare,28,-1,108
tuff,28,-1,109
lapis,28,-1,110
tuff,28,-1,111
tuff,28,-1,112
tuff,28,-1,113
tuff,28,-1,114
tuff,28,-1,115
tuff,28,-1,116
tuff,28,-1,117
tuff,28,-1,118
tuff,28,-1,119
tuff,28,-1,120
tuff,28,-1,121
bare,28,0,-1
tuff,28,0,121
bare,28,1,-1
tuff,28,1,121
bare,28,2,-1
tuff,28,2,121
tuff,28,3,-1
bare,28,3,121
tuff,28,4,-1
bare,28,4,121
tuff,28,5,-1
bare,28,5,121
tuff,28,6,-1
bare,28,6,121
tuff,28,7,-1
tuff,28,7,0
tuff,28,7,1
tuff,28,7,2
tuff,28,7,3
tuff,28,7,4
tuff,28,7,5
tuff,28,7,6
bare,28,7,7
bare,28,7,8
bare,28,7,9
bare,28,7,10
bare,28,7,11
bare,28,7,12
bare,28,7,13
bare,28,7,14
bare,28,7,15
bare,28,7,16
bare,28,7,17
bare,28,7,18
bare,28,7,19
bare,28,7,20
bare,28,7,21
bare,28,7,22
bare,28,7,23
bare,28,7,24
bare,28,7,25
bare,28,7,26
bare,28,7,27
bare,28,7,28
bare,28,7,29
bare,28,7,30
bare,28,7,31
bare,28,7,32
bare,28,7,33
bare,28,7,34
bare,28,7,35
bare,28,7,36
bare,28,7,37
bare,28,7,38
bare,28,7,39
bare,28,7,40
bare,28,7,41
bare,28,7,42
bare,28,7,43
bare,28,7,44
bare,28,7,45
bare,28,7,46
bare,28,7,47
bare,28,7,48
bare,28,7,49
bare,28,7,50
bare,28,7,51
bare,28,7,52
bare,28,7,53
bare,28,7,54
bare,28,7,55
bare,28,7,56
bare,28,7,57
bare,28,7,58
bare,28,7,59
bare,28,7,60
bare,28,7,61
bare,28,7,62
bare,28,7,63
bare,28,7,64
bare,28,7,65
bare,28,7,66
bare,28,7,67
bare,28,7,68
bare,28,7,69
bare,28,7,70
bare,28,7,71
bare,28,7,72
bare,28,7,73
bare,28,7,74
bare,28,7,75
bare,28,7,76
bare,28,7,77
bare,28,7,78
bare,28,7,79
bare,28,7,80
bare,28,7,81
bare,28,7,82
bare,28,7,83
bare,28,7,84
bare,28,7,85
bare,28,7,86
bare,28,7,87
bare,28,7,88
bare,28,7,89
bare,28,7,90
bare,28,7,91
bare,28,7,92
bare,28,7,93
bare,28,7,94
bare,28,7,95
bare,28,7,96
bare,28,7,97
bare,28,7,98
bare,28,7,99
bare,28,7,100
bare,28,7,101
bare,28,7,102
bare,28,7,103
bare,28,7,104
bare,28,7,105
bare,28,7,106
bare,28,7,107
bare,28,7,108
bare,28,7,109
bare,28,7,110
bare,28,7,111
bare,28,7,112
bare,28,7,113
bare,28,7,114
bare,28,7,115
bare,28,7,116
bare,28,7,117
bare,28,7,118
bare,28,7,119
bare,28,7,120
bare,28,7,121
bare,29,-1,-1
bare,29,-1,0
bare,29,-1,1
bare,29,-1,2
bare,29,-1,3
bare,29,-1,4
bare,29,-1,5
bare,29,-1,6
bare,29,-1,7
bare,29,-1,8
bare,29,-1,9
bare,29,-1,10
bare,29,-1,11
bare,29,-1,12
bare,29,-1,13
bare,29,-1,14
bare,29,-1,15
bare,29,-1,16
bare,29,-1,17
bare,29,-1,18
bare,29,-1,19
bare,29,-1,20
bare,29,-1,21
bare,29,-1,22
bare,29,-1,23
bare,29,-1,24
bare,29,-1,25
bare,29,-1,26
bare,29,-1,27
bare,29,-1,28
bare,29,-1,29
bare,29,-1,30
bare,29,-1,31
bare,29,-1,32
bare,29,-1,33
bare,29,-1,34
bare,29,-1,35
bare,29,-1,36
bare,29,-1,37
bare,29,-1,38
bare,29,-1,39
bare,29,-1,40
bare,29,-1,41
bare,29,-1,42
bare,29,-1,43
bare,29,-1,44
bare,29,-1,45
bare,29,-1,46
bare,29,-1,47
bare,29,-1,48
bare,29,-1,49
bare,29,-1,50
bare,29,-1,51
bare,29,-1,52
bare,29,-1,53
bare,29,-1,54
bare,29,-1,55
bare,29,-1,56
bare,29,-1,57
bare,29,-1,58
bare,29,-1,59
bare,29,-1,60
bare,29,-1,61
bare,29,-1,62
bare,29,-1,63
bare,29,-1,64
bare,29,-1,65
bare,29,-1,66
bare,29,-1,67
bare,29,-1,68
bare,29,-1,69
bare,29,-1,70
bare,29,-1,71
bare,29,-1,72
bare,29,-1,73
bare,29,-1,74
bare,29,-1,75
bare,29,-1,76
bare,29,-1,77
bare,29,-1,78
bare,29,-1,79
bare,29,-1,80
bare,29,-1,81
bare,29,-1,82
bare,29,-1,83
bare,29,-1,84
bare,29,-1,85
bare,29,-1,86
bare,29,-1,87
bare,29,-1,88
bare,29,-1,89
bare,29,-1,90
bare,29,-1,91
bare,29,-1,92
bare,29,-1,93
bare,29,-1,94
bare,29,-1,95
tuff,29,-1,96
tuff,29,-1,97
tuff,29,-1,98
tuff,29,-1,99
tuff,29,-1,100
tuff,29,-1,101
tuff,29,-1,102
tuff,29,-1,103
bare,29,-1,104
bare,29,-1,105
bare,29,-1,106
bare,29,-1,107
tuff,29,-1,108
tuff,29,-1,109
tuff,29,-1,110
lapis,29,-1,111
tuff,29,-1,112
tuff,29,-1,113
tuff,29,-1,114
tuff,29,-1,115
tuff,29,-1,116
tuff,29,-1,117
tuff,29,-1,118
tuff,29,-1,119
tuff,29,-1,120
tuff,29,-1,121
bare,29,0,-1
tuff,29,0,121
bare,29,1,-1
tuff,29,1,121
bare,29,2,-1
tuff,29,2,121
tuff,29,3,-1
bare,29,3,121
tuff,29,4,-1
bare,29,4,121
tuff,29,5,-1
bare,29,5,121
tuff,29,6,-1
bare,29,6,121
tuff,29,7,-1
tuff,29,7,0
tuff,29,7,1
tuff,29,7,2
tuff,29,7,3
tuff,29,7,4
tuff,29,7,5
tuff,29,7,6
bare,29,7,7
bare,29,7,8
bare,29,7,9
bare,29,7,10
bare,29,7,11
bare,29,7,12
bare,29,7,13
bare,29,7,14
bare,29,7,15
bare,29,7,16
bare,29,7,17
bare,29,7,18
bare,29,7,19
bare,29,7,20
bare,29,7,21
bare,29,7,22
bare,29,7,23
bare,29,7,24
bare,29,7,25
bare,29,7,26
bare,29,7,27
bare,29,7,28
bare,29,7,29
bare,29,7,30
bare,29,7,31
bare,29,7,32
bare,29,7,33
bare,29,7,34
bare,29,7,35
bare,29,7,36
bare,29,7,37
bare,29,7,38
bare,29,7,39
bare,29,7,40
bare,29,7,41
bare,29,7,42
bare,29,7,43
bare,29,7,44
bare,29,7,45
bare,29,7,46
bare,29,7,47
bare,29,7,48
bare,29,7,49
bare,29,7,50
bare,29,7,51
bare,29,7,52
bare,29,7,53
bare,29,7,54
bare,29,7,55
bare,29,7,56
bare,29,7,57
bare,29,7,58
bare,29,7,59
bare,29,7,60
bare,29,7,61
bare,29,7,62
bare,29,7,63
bare,29,7,64
bare,29,7,65
bare,29,7,66
bare,29,7,67
bare,29,7,68
bare,29,7,69
bare,29,7,70
bare,29,7,71
bare,29,7,72
bare,29,7,73
bare,29,7,74
bare,29,7,75
bare,29,7,76
bare,29,7,77
bare,29,7,78
bare,29,7,79
bare,29,7,80
bare,29,7,81
bare,29,7,82
bare,29,7,83
bare,29,7,84
bare,29,7,85
bare,29,7,86
bare,29,7,87
bare,29,7,88
bare,29,7,89
bare,29,7,90
bare,29,7,91
bare,29,7,92
bare,29,7,93
bare,29,7,94
bare,29,7,95
bare,29,7,96
bare,29,7,97
bare,29,7,98
bare,29,7,99
bare,29,7,100
bare,29,7,101
bare,29,7,102
bare,29,7,103
bare,29,7,104
bare,29,7,105
bare,29,7,106
bare,29,7,107
bare,29,7,108
bare,29,7,109
bare,29,7,110
bare,29,7,111
bare,29,7,112
bare,29,7,113
bare,29,7,114
bare,29,7,115
bare,29,7,116
bare,29,7,117
bare,29,7,118
bare,29,7,119
bare,29,7,120
bare,29,7,121
bare,30,-1,-1
bare,30,-1,0
bare,30,-1,1
bare,30,-1,2
bare,30,-1,3
bare,30,-1,4
bare,30,-1,5
bare,30,-1,6
bare,30,-1,7
bare,30,-1,8
bare,30,-1,9
bare,30,-1,10
bare,30,-1,11
bare,30,-1,12
bare,30,-1,13
bare,30,-1,14
bare,30,-1,15
bare,30,-1,16
bare,30,-1,17
bare,30,-1,18
bare,30,-1,19
bare,30,-1,20
bare,30,-1,21
bare,30,-1,22
bare,30,-1,23
bare,30,-1,24
bare,30,-1,25
bare,30,-1,26
bare,30,-1,27
bare,30,-1,28
bare,30,-1,29
bare,30,-1,30
bare,30,-1,31
bare,30,-1,32
bare,30,-1,33
bare,30,-1,34
bare,30,-1,35
bare,30,-1,36
bare,30,-1,37
bare,30,-1,38
bare,30,-1,39
bare,30,-1,40
bare,30,-1,41
bare,30,-1,42
bare,30,-1,43
bare,30,-1,44
bare,30,-1,45
bare,30,-1,46
bare,30,-1,47
bare,30,-1,48
bare,30,-1,49
bare,30,-1,50
bare,30,-1,51
bare,30,-1,52
bare,30,-1,53
bare,30,-1,54
bare,30,-1,55
bare,30,-1,56
bare,30,-1,57
bare,30,-1,58
bare,30,-1,59
bare,30,-1,60
bare,30,-1,61
bare,30,-1,62
bare,30,-1,63
bare,30,-1,64
bare,30,-1,65
bare,30,-1,66
bare,30,-1,67
bare,30,-1,68
bare,30,-1,69
bare,30,-1,70
bare,30,-1,71
bare,30,-1,72
bare,30,-1,73
redstone,30,-1,74
bare,30,-1,75
bare,30,-1,76
bare,30,-1,77
bare,30,-1,78
bare,30,-1,79
bare,30,-1,80
bare,30,-1,81
bare,30,-1,82
bare,30,-1,83
bare,30,-1,84
bare,30,-1,85
bare,30,-1,86
bare,30,-1,87
bare,30,-1,88
bare,30,-1,89
bare,30,-1,90
bare,30,-1,91
bare,30,-1,92
bare,30,-1,93
bare,30,-1,94
bare,30,-1,95
tuff,30,-1,96
tuff,30,-1,97
tuff,30,-1,98
tuff,30,-1,99
tuff,30,-1,100
tuff,30,-1,101
tuff,30,-1,102
tuff,30,-1,103
bare,30,-1,104
bare,30,-1,105
bare,30,-1,106
tuff,30,-1,107
tuff,30,-1,108
tuff,30,-1,109
tuff,30,-1,110
tuff,30,-1,111
tuff,30,-1,112
tuff,30,-1,113
tuff,30,-1,114
tuff,30,-1,115
tuff,30,-1,116
tuff,30,-1,117
tuff,30,-1,118
tuff,30,-1,119
tuff,30,-1,120
tuff,30,-1,121
bare,30,0,-1
tuff,30,0,121
bare,30,1,-1
bare,30,1,121
bare,30,2,-1
bare,30,2,121
bare,30,3,-1
bare,30,3,121
tuff,30,4,-1
bare,30,4,121
tuff,30,5,-1
bare,30,5,121
tuff,30,6,-1
bare,30,6,121
tuff,30,7,-1
tuff,30,7,0
tuff,30,7,1
tuff,30,7,2
tuff,30,7,3
tuff,30,7,4
tuff,30,7,5
tuff,30,7,6
bare,30,7,7
bare,30,7,8
bare,30,7,9
bare,30,7,10
bare,30,7,11
bare,30,7,12
bare,30,7,13
bare,30,7,14
bare,30,7,15
bare,30,7,16
bare,30,7,17
bare,30,7,18
bare,30,7,19
bare,30,7,20
bare,30,7,21
bare,30,7,22
bare,30,7,23
bare,30,7,24
bare,30,7,25
bare,30,7,26
bare,30,7,27
bare,30,7,28
bare,30,7,29
bare,30,7,30
bare,30,7,31
bare,30,7,32
bare,30,7,33
bare,30,7,34
bare,30,7,35
bare,30,7,36
bare,30,7,37
bare,30,7,38
bare,30,7,39
bare,30,7,40
bare,30,7,41
bare,30,7,42
bare,30,7,43
bare,30,7,44
bare,30,7,45
bare,30,7,46
bare,30,7,47
bare,30,7,48
bare,30,7,49
bare,30,7,50
bare,30,7,51
bare,30,7,52
bare,30,7,53
bare,30,7,54
bare,30,7,55
bare,30,7,56
bare,30,7,57
bare,30,7,58
bare,30,7,59
bare,30,7,60
bare,30,7,61
bare,30,7,62
bare,30,7,63
bare,30,7,64
bare,30,7,65
bare,30,7,66
bare,30,7,67
bare,30,7,68
bare,30,7,69
bare,30,7,70
bare,30,7,71
bare,30,7,72
bare,30,7,73
bare,30,7,74
bare,30,7,75
bare,30,7,76
bare,30,7,77
bare,30,7,78
bare,30,7,79
bare,30,7,80
bare,30,7,81
bare,30,7,82
bare,30,7,83
bare,30,7,84
bare,30,7,85
bare,30,7,86
bare,30,7,87
bare,30,7,88
bare,30,7,89
bare,30,7,90
bare,30,7,91
bare,30,7,92
bare,30,7,93
bare,30,7,94
bare,30,7,95
bare,30,7,96
bare,30,7,97
bare,30,7,98
bare,30,7,99
bare,30,7,100
bare,30,7,101
bare,30,7,102
bare,30,7,103
bare,30,7,104
bare,30,7,105
bare,30,7,106
bare,30,7,107
bare,30,7,108
bare,30,7,109
bare,30,7,110
bare,30,7,111
bare,30,7,112
bare,30,7,113
bare,30,7,114
bare,30,7,115
bare,30,7,116
bare,30,7,117
bare,30,7,118
bare,30,7,119
bare,30,7,120
bare,30,7,121
bare,31,-1,-1
bare,31,-1,0
bare,31,-1,1
bare,31,-1,2
bare,31,-1,3
bare,31,-1,4
bare,31,-1,5
bare,31,-1,6
bare,31,-1,7
bare,31,-1,8
bare,31,-1,9
bare,31,-1,10
bare,31,-1,11
bare,31,-1,12
bare,31,-1,13
bare,31,-1,14
bare,31,-1,15
bare,31,-1,16
bare,31,-1,17
bare,31,-1,18
bare,31,-1,19
bare,31,-1,20
bare,31,-1,21
bare,31,-1,22
bare,31,-1,23
bare,31,-1,24
bare,31,-1,25
bare,31,-1,26
bare,31,-1,27
bare,31,-1,28
bare,31,-1,29
bare,31,-1,30
bare,31,-1,31
bare,31,-1,32
bare,31,-1,33
bare,31,-1,34
bare,31,-1,35
bare,31,-1,36
bare,31,-1,37
bare,31,-1,38
bare,31,-1,39
bare,31,-1,40
bare,31,-1,41
bare,31,-1,42
bare,31,-1,43
bare,31,-1,44
bare,31,-1,45
bare,31,-1,46
bare,31,-1,47
bare,31,-1,48
bare,31,-1,49
bare,31,-1,50
bare,31,-1,51
bare,31,-1,52
bare,31,-1,53
bare,31,-1,54
bare,31,-1,55
bare,31,-1,56
bare,31,-1,57
bare,31,-1,58
bare,31,-1,59
bare,31,-1,60
bare,31,-1,61
bare,31,-1,62
bare,31,-1,63
bare,31,-1,64
bare,31,-1,65
bare,31,-1,66
bare,31,-1,67
bare,31,-1,68
bare,31,-1,69
bare,31,-1,70
bare,31,-1,71
bare,31,-1,72
bare,31,-1,73
bare,31,-1,74
bare,31,-1,75
bare,31,-1,76
bare,31,-1,77
bare,31,-1,78
bare,31,-1,79
bare,31,-1,80
bare,31,-1,81
bare,31,-1,82
bare,31,-1,83
bare,31,-1,84
bare,31,-1,85
bare,31,-1,86
bare,31,-1,87
bare,31,-1,88
bare,31,-1,89
bare,31,-1,90
bare,31,-1,91
bare,31,-1,92
bare,31,-1,93
bare,31,-1,94
bare,31,-1,95
tuff,31,-1,96
tuff,31,-1,97
tuff,31,-1,98
tuff,31,-1,99
tuff,31,-1,100
tuff,31,-1,101
tuff,31,-1,102
tuff,31,-1,103
bare,31,-1,104
bare,31,-1,105
bare,31,-1,106
tuff,31,-1,107
tuff,31,-1,108
tuff,31,-1,109
tuff,31,-1,110
tuff,31,-1,111
tuff,31,-1,112
tuff,31,-1,113
tuff,31,-1,114
tuff,31,-1,115
tuff,31,-1,116
tuff,31,-1,117
tuff,31,-1,118
tuff,31,-1,119
tuff,31,-1,120
bare,31,-1,121
bare,31,0,-1
bare,31,0,121
bare,31,1,-1
bare,31,1,121
bare,31,2,-1
bare,31,2,121
bare,31,3,-1
bare,31,3,121
bare,31,4,-1
bare,31,4,121
tuff,31,5,-1
bare,31,5,121
tuff,31,6,-1
bare,31,6,121
tuff,31,7,-1
tuff,31,7,0
tuff,31,7,1
tuff,31,7,2
tuff,31,7,3
tuff,31,7,4
tuff,31,7,5
tuff,31,7,6
bare,31,7,7
bare,31,7,8
bare,31,7,9
bare,31,7,10
bare,31,7,11
bare,31,7,12
bare,31,7,13
bare,31,7,14
bare,31,7,15
bare,31,7,16
bare,31,7,17
bare,31,7,18
bare,31,7,19
bare,31,7,20
bare,31,7,21
bare,31,7,22
bare,31,7,23
bare,31,7,24
bare,31,7,25
bare,31,7,26
bare,31,7,27
bare,31,7,28
bare,31,7,29
bare,31,7,30
bare,31,7,31
bare,31,7,32
bare,31,7,33
bare,31,7,34
bare,31,7,35
bare,31,7,36
bare,31,7,37
bare,31,7,38
bare,31,7,39
bare,31,7,40
bare,31,7,41
bare,31,7,42
bare,31,7,43
bare,31,7,44
bare,31,7,45
bare,31,7,46
bare,31,7,47
bare,31,7,48
bare,31,7,49
bare,31,7,50
bare,31,7,51
bare,31,7,52
bare,31,7,53
bare,31,7,54
bare,31,7,55
bare,31,7,56
bare,31,7,57
bare,31,7,58
bare,31,7,59
bare,31,7,60
bare,31,7,61
bare,31,7,62
bare,31,7,63
bare,31,7,64
bare,31,7,65
bare,31,7,66
bare,31,7,67
bare,31,7,68
bare,31,7,69
bare,31,7,70
bare,31,7,71
bare,31,7,72
bare,31,7,73
bare,31,7,74
bare,31,7,75
bare,31,7,76
bare,31,7,77
bare,31,7,78
bare,31,7,79
bare,31,7,80
bare,31,7,81
bare,31,7,82
bare,31,7,83
bare,31,7,84
bare,31,7,85
bare,31,7,86
bare,31,7,87
bare,31,7,88
bare,31,7,89
bare,31,7,90
bare,31,7,91
bare,31,7,92
bare,31,7,93
bare,31,7,94
bare,31,7,95
bare,31,7,96
bare,31,7,97
bare,31,7,98
bare,31,7,99
bare,31,7,100
bare,31,7,101
bare,31,7,102
bare,31,7,103
bare,31,7,104
bare,31,7,105
bare,31,7,106
bare,31,7,107
bare,31,7,108
bare,31,7,109
bare,31,7,110
bare,31,7,111
bare,31,7,112
bare,31,7,113
bare,31,7,114
bare,31,7,115
bare,31,7,116
bare,31,7,117
bare,31,7,118
bare,31,7,119
bare,31,7,120
bare,31,7,121
bare,32,-1,-1
bare,32,-1,0
bare,32,-1,1
bare,32,-1,2
bare,32,-1,3
bare,32,-1,4
bare,32,-1,5
bare,32,-1,6
bare,32,-1,7
bare,32,-1,8
bare,32,-1,9
bare,32,-1,10
bare,32,-1,11
bare,32,-1,12
bare,32,-1,13
bare,32,-1,14
bare,32,-1,15
bare,32,-1,16
bare,32,-1,17
bare,32,-1,18
bare,32,-1,19
bare,32,-1,20
bare,32,-1,21
bare,32,-1,22
bare,32,-1,23
bare,32,-1,24
bare,32,-1,25
bare,32,-1,26
bare,32,-1,27
bare,32,-1,28
bare,32,-1,29
bare,32,-1,30
bare,32,-1,31
bare,32,-1,32
bare,32,-1,33
bare,32,-1,34
bare,32,-1,35
bare,32,-1,36
bare,32,-1,37
bare,32,-1,38
bare,32,-1,39
bare,32,-1,40
bare,32,-1,41
bare,32,-1,42
bare,32,-1,43
bare,32,-1,44
bare,32,-1,45
bare,32,-1,46
bare,32,-1,47
bare,32,-1,48
bare,32,-1,49
bare,32,-1,50
bare,32,-1,51
bare,32,-1,52
bare,32,-1,53
bare,32,-1,54
bare,32,-1,55
bare,32,-1,56
bare,32,-1,57
bare,32,-1,58
bare,32,-1,59
bare,32,-1,60
bare,32,-1,61
bare,32,-1,62
bare,32,-1,63
bare,32,-1,64
bare,32,-1,65
bare,32,-1,66
bare,32,-1,67
bare,32,-1,68
bare,32,-1,69
bare,32,-1,70
bare,32,-1,71
bare,32,-1,72
bare,32,-1,73
bare,32,-1,74
bare,32,-1,75
bare,32,-1,76
bare,32,-1,77
bare,32,-1,78
bare,32,-1,79
bare,32,-1,80
bare,32,-1,81
bare,32,-1,82
bare,32,-1,83
bare,32,-1,84
bare,32,-1,85
bare,32,-1,86
bare,32,-1,87
bare,32,-1,88
bare,32,-1,89
bare,32,-1,90
bare,32,-1,91
bare,32,-1,92
bare,32,-1,93
bare,32,-1,94
bare,32,-1,95
tuff,32,-1,96
tuff,32,-1,97
tuff,32,-1,98
tuff,32,-1,99
tuff,32,-1,100
tuff,32,-1,101
tuff,32,-1,102
tuff,32,-1,103
bare,32,-1,104
bare,32,-1,105
bare,32,-1,106
tuff,32,-1,107
tuff,32,-1,108
tuff,32,-1,109
tuff,32,-1,110
tuff,32,-1,111
tuff,32,-1,112
tuff,32,-1,113
tuff,32,-1,114
tuff,32,-1,115
tuff,32,-1,116
tuff,32,-1,117
tuff,32,-1,118
bare,32,-1,119
bare,32,-1,120
bare,32,-1,121
bare,32,0,-1
bare,32,0,121
bare,32,1,-1
bare,32,1,121
bare,32,2,-1
bare,32,2,121
bare,32,3,-1
bare,32,3,121
bare,32,4,-1
bare,32,4,121
bare,32,5,-1
bare,32,5,121
bare,32,6,-1
bare,32,6,121
bare,32,7,-1
tuff,32,7,0
tuff,32,7,1
tuff,32,7,2
tuff,32,7,3
tuff,32,7,4
tuff,32,7,5
bare,32,7,6
bare,32,7,7
bare,32,7,8
bare,32,7,9
bare,32,7,10
bare,32,7,11
bare,32,7,12
bare,32,7,13
bare,32,7,14
bare,32,7,15
bare,32,7,16
bare,32,7,17
bare,32,7,18
bare,32,7,19
bare,32,7,20
bare,32,7,21
bare,32,7,22
bare,32,7,23
bare,32,7,24
bare,32,7,25
bare,32,7,26
bare,32,7,27
bare,32,7,28
bare,32,7,29
bare,32,7,30
bare,32,7,31
bare,32,7,32
bare,32,7,33
bare,32,7,34
bare,32,7,35
bare,32,7,36
bare,32,7,37
bare,32,7,38
bare,32,7,39
bare,32,7,40
bare,32,7,41
bare,32,7,42
bare,32,7,43
bare,32,7,44
bare,32,7,45
bare,32,7,46
bare,32,7,47
bare,32,7,48
bare,32,7,49
bare,32,7,50
bare,32,7,51
bare,32,7,52
bare,32,7,53
bare,32,7,54
bare,32,7,55
bare,32,7,56
bare,32,7,57
bare,32,7,58
bare,32,7,59
bare,32,7,60
bare,32,7,61
bare,32,7,62
bare,32,7,63
bare,32,7,64
bare,32,7,65
bare,32,7,66
bare,32,7,67
bare,32,7,68
bare,32,7,69
bare,32,7,70
bare,32,7,71
bare,32,7,72
bare,32,7,73
bare,32,7,74
bare,32,7,75
bare,32,7,76
bare,32,7,77
bare,32,7,78
bare,32,7,79
bare,32,7,80
bare,32,7,81
bare,32,7,82
bare,32,7,83
bare,32,7,84
bare,32,7,85
bare,32,7,86
bare,32,7,87
bare,32,7,88
bare,32,7,89
bare,32,7,90
bare,32,7,91
bare,32,7,92
bare,32,7,93
bare,32,7,94
bare,32,7,95
bare,32,7,96
bare,32,7,97
bare,32,7,98
bare,32,7,99
bare,32,7,100
bare,32,7,101
bare,32,7,102
bare,32,7,103
bare,32,7,104
bare,32,7,105
bare,32,7,106
bare,32,7,107
bare,32,7,108
bare,32,7,109
bare,32,7,110
bare,32,7,111
bare,32,7,112
bare,32,7,113
bare,32,7,114
bare,32,7,115
bare,32,7,116
bare,32,7,117
bare,32,7,118
bare,32,7,119
bare,32,7,120
bare,32,7,121
bare,33,-1,-1
bare,33,-1,0
bare,33,-1,1
bare,33,-1,2
bare,33,-1,3
bare,33,-1,4
bare,33,-1,5
bare,33,-1,6
bare,33,-1,7
bare,33,-1,8
bare,33,-1,9
bare,33,-1,10
bare,33,-1,11
bare,33,-1,12
bare,33,-1,13
bare,33,-1,14
bare,33,-1,15
bare,33,-1,16
bare,33,-1,17
bare,33,-1,18
bare,33,-1,19
bare,33,-1,20
bare,33,-1,21
bare,33,-1,22
bare,33,-1,23
bare,33,-1,24
bare,33,-1,25
bare,33,-1,26
bare,33,-1,27
bare,33,-1,28
bare,33,-1,29
bare,33,-1,30
bare,33,-1,31
bare,33,-1,32
bare,33,-1,33
bare,33,-1,34
bare,33,-1,35
bare,33,-1,36
bare,33,-1,37
bare,33,-1,38
bare,33,-1,39
bare,33,-1,40
bare,33,-1,41
bare,33,-1,42
bare,33,-1,43
bare,33,-1,44
bare,33,-1,45
bare,33,-1,46
bare,33,-1,47
bare,33,-1,48
bare,33,-1,49
bare,33,-1,50
bare,33,-1,51
bare,33,-1,52
bare,33,-1,53
bare,33,-1,54
bare,33,-1,55
bare,33,-1,56
bare,33,-1,57
bare,33,-1,58
bare,33,-1,59
bare,33,-1,60
bare,33,-1,61
bare,33,-1,62
bare,33,-1,63
bare,33,-1,64
bare,33,-1,65
bare,33,-1,66
bare,33,-1,67
bare,33,-1,68
bare,33,-1,69
bare,33,-1,70
bare,33,-1,71
bare,33,-1,72
bare,33,-1,73
bare,33,-1,74
bare,33,-1,75
bare,33,-1,76
bare,33,-1,77
bare,33,-1,78
bare,33,-1,79
bare,33,-1,80
bare,33,-1,81
bare,33,-1,82
bare,33,-1,83
bare,33,-1,84
bare,33,-1,85
bare,33,-1,86
bare,33,-1,87
bare,33,-1,88
bare,33,-1,89
bare,33,-1,90
bare,33,-1,91
bare,33,-1,92
bare,33,-1,93
bare,33,-1,94
bare,33,-1,95
tuff,33,-1,96
tuff,33,-1,97
tuff,33,-1,98
tuff,33,-1,99
tuff,33,-1,100
tuff,33,-1,101
tuff,33,-1,102
tuff,33,-1,103
bare,33,-1,104
bare,33,-1,105
bare,33,-1,106
bare,33,-1,107
bare,33,-1,108
bare,33,-1,109
bare,33,-1,110
tuff,33,-1,111
bare,33,-1,112
bare,33,-1,113
bare,33,-1,114
bare,33,-1,115
bare,33,-1,116
bare,33,-1,117
bare,33,-1,118
bare,33,-1,119
bare,33,-1,120
bare,33,-1,121
bare,33,0,-1
bare,33,0,121
bare,33,1,-1
bare,33,1,121
bare,33,2,-1
bare,33,2,121
bare,33,3,-1
bare,33,3,121
bare,33,4,-1
bare,33,4,121
bare,33,5,-1
bare,33,5,121
bare,33,6,-1
bare,33,6,121
bare,33,7,-1
tuff,33,7,0
tuff,33,7,1
tuff,33,7,2
tuff,33,7,3
tuff,33,7,4
bare,33,7,5
bare,33,7,6
bare,33,7,7
bare,33,7,8
redstone,33,7,9
redstone,33,7,10
bare,33,7,11
bare,33,7,12
bare,33,7,13
bare,33,7,14
bare,33,7,15
bare,33,7,16
bare,33,7,17
bare,33,7,18
bare,33,7,19
bare,33,7,20
bare,33,7,21
bare,33,7,22
bare,33,7,23
bare,33,7,24
bare,33,7,25
bare,33,7,26
bare,33,7,27
bare,33,7,28
bare,33,7,29
bare,33,7,30
bare,33,7,31
bare,33,7,32
bare,33,7,33
bare,33,7,34
bare,33,7,35
bare,33,7,36
bare,33,7,37
bare,33,7,38
bare,33,7,39
bare,33,7,40
bare,33,7,41
bare,33,7,42
bare,33,7,43
bare,33,7,44
bare,33,7,45
bare,33,7,46
bare,33,7,47
bare,33,7,48
bare,33,7,49
bare,33,7,50
bare,33,7,51
bare,33,7,52
bare,33,7,53
bare,33,7,54
bare,33,7,55
bare,33,7,56
bare,33,7,57
bare,33,7,58
bare,33,7,59
bare,33,7,60
bare,33,7,61
bare,33,7,62
bare,33,7,63
bare,33,7,64
bare,33,7,65
bare,33,7,66
bare,33,7,67
bare,33,7,68
bare,33,7,69
bare,33,7,70
bare,33,7,71
bare,33,7,72
bare,33,7,73
bare,33,7,74
bare,33,7,75
bare,33,7,76
bare,33,7,77
bare,33,7,78
bare,33,7,79
bare,33,7,80
bare,33,7,81
bare,33,7,82
bare,33,7,83
bare,33,7,84
bare,33,7,85
bare,33,7,86
bare,33,7,87
bare,33,7,88
bare,33,7,89
bare,33,7,90
bare,33,7,91
bare,33,7,92
bare,33,7,93
bare,33,7,94
bare,33,7,95
bare,33,7,96
bare,33,7,97
bare,33,7,98
bare,33,7,99
bare,33,7,100
bare,33,7,101
bare,33,7,102
bare,33,7,103
bare,33,7,104
bare,33,7,105
bare,33,7,106
bare,33,7,107
bare,33,7,108
bare,33,7,109
bare,33,7,110
bare,33,7,111
bare,33,7,112
bare,33,7,113
bare,33,7,114
bare,33,7,115
bare,33,7,116
bare,33,7,117
bare,33,7,118
bare,33,7,119
bare,33,7,120
bare,33,7,121
bare,34,-1,-1
bare,34,-1,0
bare,34,-1,1
bare,34,-1,2
bare,34,-1,3
bare,34,-1,4
bare,34,-1,5
bare,34,-1,6
bare,34,-1,7
bare,34,-1,8
bare,34,-1,9
bare,34,-1,10
bare,34,-1,11
bare,34,-1,12
bare,34,-1,13
bare,34,-1,14
bare,34,-1,15
bare,34,-1,16
bare,34,-1,17
bare,34,-1,18
bare,34,-1,19
bare,34,-1,20
bare,34,-1,21
bare,34,-1,22
bare,34,-1,23
bare,34,-1,24
bare,34,-1,25
bare,34,-1,26
bare,34,-1,27
bare,34,-1,28
bare,34,-1,29
bare,34,-1,30
bare,34,-1,31
bare,34,-1,32
bare,34,-1,33
bare,34,-1,34
bare,34,-1,35
bare,34,-1,36
bare,34,-1,37
bare,34,-1,38
bare,34,-1,39
bare,34,-1,40
bare,34,-1,41
bare,34,-1,42
bare,34,-1,43
bare,34,-1,44
bare,34,-1,45
bare,34,-1,46
bare,34,-1,47
bare,34,-1,48
bare,34,-1,49
bare,34,-1,50
bare,34,-1,51
bare,34,-1,52
bare,34,-1,53
bare,34,-1,54
bare,34,-1,55
bare,34,-1,56
bare,34,-1,57
bare,34,-1,58
bare,34,-1,59
bare,34,-1,60
bare,34,-1,61
bare,34,-1,62
bare,34,-1,63
bare,34,-1,64
bare,34,-1,65
bare,34,-1,66
bare,34,-1,67
bare,34,-1,68
bare,34,-1,69
bare,34,-1,70
bare,34,-1,71
bare,34,-1,72
bare,34,-1,73
bare,34,-1,74
bare,34,-1,75
bare,34,-1,76
bare,34,-1,77
bare,34,-1,78
bare,34,-1,79
bare,34,-1,80
bare,34,-1,81
bare,34,-1,82
bare,34,-1,83
bare,34,-1,84
bare,34,-1,85
bare,34,-1,86
bare,34,-1,87
bare,34,-1,88
bare,34,-1,89
bare,34,-1,90
bare,34,-1,91
bare,34,-1,92
bare,34,-1,93
bare,34,-1,94
bare,34,-1,95
bare,34,-1,96
tuff,34,-1,97
tuff,34,-1,98
tuff,34,-1,99
tuff,34,-1,100
tuff,34,-1,101
tuff,34,-1,102
bare,34,-1,103
bare,34,-1,104
bare,34,-1,105
bare,34,-1,106
bare,34,-1,107
bare,34,-1,108
bare,34,-1,109
bare,34,-1,110
bare,34,-1,111
bare,34,-1,112
bare,34,-1,113
bare,34,-1,114
bare,34,-1,115
bare,34,-1,116
bare,34,-1,117
bare,34,-1,118
bare,34,-1,119
bare,34,-1,120
bare,34,-1,121
bare,34,0,-1
bare,34,0,121
bare,34,1,-1
bare,34,1,121
bare,34,2,-1
bare,34,2,121
bare,34,3,-1
bare,34,3,121
bare,34,4,-1
bare,34,4,121
bare,34,5,-1
bare,34,5,121
bare,34,6,-1
bare,34,6,121
bare,34,7,-1
tuff,34,7,0
tuff,34,7,1
tuff,34,7,2
tuff,34,7,3
bare,34,7,4
bare,34,7,5
bare,34,7,6
bare,34,7,7
bare,34,7,8
bare,34,7,9
redstone,34,7,10
bare,34,7,11
bare,34,7,12
bare,34,7,13
bare,34,7,14
bare,34,7,15
bare,34,7,16
bare,34,7,17
bare,34,7,18
bare,34,7,19
bare,34,7,20
bare,34,7,21
bare,34,7,22
bare,34,7,23
bare,34,7,24
bare,34,7,25
bare,34,7,26
bare,34,7,27
bare,34,7,28
bare,34,7,29
bare,34,7,30
bare,34,7,31
bare,34,7,32
bare,34,7,33
bare,34,7,34
bare,34,7,35
bare,34,7,36
bare,34,7,37
bare,34,7,38
bare,34,7,39
bare,34,7,40
bare,34,7,41
bare,34,7,42
bare,34,7,43
bare,34,7,44
bare,34,7,45
bare,34,7,46
bare,34,7,47
bare,34,7,48
bare,34,7,49
bare,34,7,50
bare,34,7,51
bare,34,7,52
bare,34,7,53
bare,34,7,54
bare,34,7,55
bare,34,7,56
bare,34,7,57
bare,34,7,58
bare,34,7,59
bare,34,7,60
bare,34,7,61
bare,34,7,62
bare,34,7,63
bare,34,7,64
bare,34,7,65
bare,34,7,66
bare,34,7,67
bare,34,7,68
bare,34,7,69
bare,34,7,70
bare,34,7,71
bare,34,7,72
bare,34,7,73
bare,34,7,74
bare,34,7,75
bare,34,7,76
bare,34,7,77
bare,34,7,78
bare,34,7,79
bare,34,7,80
bare,34,7,81
bare,34,7,82
bare,34,7,83
bare,34,7,84
bare,34,7,85
bare,34,7,86
bare,34,7,87
bare,34,7,88
bare,34,7,89
bare,34,7,90
bare,34,7,91
bare,34,7,92
bare,34,7,93
bare,34,7,94
bare,34,7,95
bare,34,7,96
bare,34,7,97
bare,34,7,98
bare,34,7,99
bare,34,7,100
bare,34,7,101
bare,34,7,102
bare,34,7,103
bare,34,7,104
bare,34,7,105
bare,34,7,106
bare,34,7,107
bare,34,7,108
bare,34,7,109
bare,34,7,110
bare,34,7,111
bare,34,7,112
bare,34,7,113
bare,34,7,114
bare,34,7,115
bare,34,7,116
bare,34,7,117
bare,34,7,118
bare,34,7,119
bare,34,7,120
bare,34,7,121
bare,35,-1,-1
bare,35,-1,0
bare,35,-1,1
bare,35,-1,2
bare,35,-1,3
bare,35,-1,4
bare,35,-1,5
bare,35,-1,6
bare,35,-1,7
bare,35,-1,8
bare,35,-1,9
bare,35,-1,10
bare,35,-1,11
bare,35,-1,12
bare,35,-1,13
bare,35,-1,14
bare,35,-1,15
bare,35,-1,16
bare,35,-1,17
bare,35,-1,18
bare,35,-1,19
bare,35,-1,20
bare,35,-1,21
bare,35,-1,22
bare,35,-1,23
bare,35,-1,24
bare,35,-1,25
bare,35,-1,26
bare,35,-1,27
bare,35,-1,28
bare,35,-1,29
bare,35,-1,30
bare,35,-1,31
bare,35,-1,32
bare,35,-1,33
bare,35,-1,34
bare,35,-1,35
bare,35,-1,36
bare,35,-1,37
bare,35,-1,38
bare,35,-1,39
bare,35,-1,40
bare,35,-1,41
bare,35,-1,42
bare,35,-1,43
bare,35,-1,44
bare,35,-1,45
bare,35,-1,46
bare,35,-1,47
bare,35,-1,48
bare,35,-1,49
bare,35,-1,50
bare,35,-1,51
bare,35,-1,52
bare,35,-1,53
bare,35,-1,54
bare,35,-1,55
bare,35,-1,56
bare,35,-1,57
bare,35,-1,58
bare,35,-1,59
bare,35,-1,60
bare,35,-1,61
bare,35,-1,62
bare,35,-1,63
bare,35,-1,64
bare,35,-1,65
bare,35,-1,66
bare,35,-1,67
bare,35,-1,68
bare,35,-1,69
bare,35,-1,70
bare,35,-1,71
bare,35,-1,72
bare,35,-1,73
bare,35,-1,74
bare,35,-1,75
bare,35,-1,76
bare,35,-1,77
bare,35,-1,78
bare,35,-1,79
bare,35,-1,80
bare,35,-1,81
bare,35,-1,82
bare,35,-1,83
bare,35,-1,84
bare,35,-1,85
bare,35,-1,86
bare,35,-1,87
redstone,35,-1,88
bare,35,-1,89
bare,35,-1,90
bare,35,-1,91
bare,35,-1,92
bare,35,-1,93
bare,35,-1,94
bare,35,-1,95
bare,35,-1,96
tuff,35,-1,97
tuff,35,-1,98
tuff,35,-1,99
tuff,35,-1,100
tuff,35,-1,101
tuff,35,-1,102
bare,35,-1,103
bare,35,-1,104
bare,35,-1,105
bare,35,-1,106
bare,35,-1,107
bare,35,-1,108
bare,35,-1,109
bare,35,-1,110
bare,35,-1,111
bare,35,-1,112
bare,35,-1,113
bare,35,-1,114
bare,35,-1,115
bare,35,-1,116
bare,35,-1,117
bare,35,-1,118
bare,35,-1,119
bare,35,-1,120
bare,35,-1,121
bare,35,0,-1
bare,35,0,121
bare,35,1,-1
bare,35,1,121
bare,35,2,-1
bare,35,2,121
bare,35,3,-1
bare,35,3,121
bare,35,4,-1
bare,35,4,121
bare,35,5,-1
bare,35,5,121
bare,35,6,-1
bare,35,6,121
bare,35,7,-1
bare,35,7,0
tuff,35,7,1
tuff,35,7,2
bare,35,7,3
bare,35,7,4
bare,35,7,5
bare,35,7,6
bare,35,7,7
bare,35,7,8
bare,35,7,9
bare,35,7,10
bare,35,7,11
bare,35,7,12
bare,35,7,13
bare,35,7,14
bare,35,7,15
bare,35,7,16
bare,35,7,17
bare,35,7,18
bare,35,7,19
bare,35,7,20
bare,35,7,21
bare,35,7,22
bare,35,7,23
bare,35,7,24
bare,35,7,25
bare,35,7,26
bare,35,7,27
bare,35,7,28
bare,35,7,29
bare,35,7,30
bare,35,7,31
bare,35,7,32
bare,35,7,33
bare,35,7,34
bare,35,7,35
bare,35,7,36
bare,35,7,37
bare,35,7,38
bare,35,7,39
bare,35,7,40
bare,35,7,41
bare,35,7,42
bare,35,7,43
bare,35,7,44
bare,35,7,45
bare,35,7,46
bare,35,7,47
bare,35,7,48
bare,35,7,49
bare,35,7,50
bare,35,7,51
bare,35,7,52
bare,35,7,53
bare,35,7,54
bare,35,7,55
bare,35,7,56
bare,35,7,57
bare,35,7,58
bare,35,7,59
bare,35,7,60
bare,35,7,61
bare,35,7,62
bare,35,7,63
bare,35,7,64
bare,35,7,65
bare,35,7,66
bare,35,7,67
bare,35,7,68
bare,35,7,69
bare,35,7,70
bare,35,7,71
bare,35,7,72
bare,35,7,73
bare,35,7,74
bare,35,7,75
bare,35,7,76
bare,35,7,77
bare,35,7,78
bare,35,7,79
bare,35,7,80
bare,35,7,81
bare,35,7,82
bare,35,7,83
bare,35,7,84
bare,35,7,85
bare,35,7,86
bare,35,7,87
bare,35,7,88
bare,35,7,89
bare,35,7,90
bare,35,7,91
bare,35,7,92
bare,35,7,93
bare,35,7,94
bare,35,7,95
bare,35,7,96
bare,35,7,97
bare,35,7,98
bare,35,7,99
bare,35,7,100
bare,35,7,101
bare,35,7,102
bare,35,7,103
bare,35,7,104
bare,35,7,105
bare,35,7,106
bare,35,7,107
bare,35,7,108
bare,35,7,109
bare,35,7,110
bare,35,7,111
bare,35,7,112
bare,35,7,113
bare,35,7,114
bare,35,7,115
bare,35,7,116
bare,35,7,117
bare,35,7,118
bare,35,7,119
bare,35,7,120
bare,35,7,121
bare,36,-1,-1
bare,36,-1,0
bare,36,-1,1
bare,36,-1,2
bare,36,-1,3
bare,36,-1,4
bare,36,-1,5
bare,36,-1,6
bare,36,-1,7
bare,36,-1,8
bare,36,-1,9
bare,36,-1,10
bare,36,-1,11
bare,36,-1,12
bare,36,-1,13
bare,36,-1,14
bare,36,-1,15
bare,36,-1,16
bare,36,-1,17
bare,36,-1,18
bare,36,-1,19
bare,36,-1,20
bare,36,-1,21
bare,36,-1,22
bare,36,-1,23
bare,36,-1,24
bare,36,-1,25
bare,36,-1,26
bare,36,-1,27
bare,36,-1,28
bare,36,-1,29
bare,36,-1,30
bare,36,-1,31
bare,36,-1,32
bare,36,-1,33
bare,36,-1,34
bare,36,-1,35
bare,36,-1,36
bare,36,-1,37
bare,36,-1,38
bare,36,-1,39
bare,36,-1,40
bare,36,-1,41
bare,36,-1,42
bare,36,-1,43
bare,36,-1,44
bare,36,-1,45
bare,36,-1,46
bare,36,-1,47
bare,36,-1,48
bare,36,-1,49
bare,36,-1,50
bare,36,-1,51
bare,36,-1,52
bare,36,-1,53
bare,36,-1,54
bare,36,-1,55
bare,36,-1,56
bare,36,-1,57
bare,36,-1,58
bare,36,-1,59
bare,36,-1,60
bare,36,-1,61
bare,36,-1,62
bare,36,-1,63
bare,36,-1,64
bare,36,-1,65
bare,36,-1,66
bare,36,-1,67
bare,36,-1,68
bare,36,-1,69
bare,36,-1,70
bare,36,-1,71
bare,36,-1,72
bare,36,-1,73
bare,36,-1,74
bare,36,-1,75
bare,36,-1,76
bare,36,-1,77
bare,36,-1,78
bare,36,-1,79
bare,36,-1,80
bare,36,-1,81
bare,36,-1,82
bare,36,-1,83
bare,36,-1,84
bare,36,-1,85
bare,36,-1,86
bare,36,-1,87
bare,36,-1,88
bare,36,-1,89
bare,36,-1,90
bare,36,-1,91
bare,36,-1,92
bare,36,-1,93
gravel,36,-1,94
gravel,36,-1,95
gravel,36,-1,96
tuff,36,-1,97
tuff,36,-1,98
tuff,36,-1,99
tuff,36,-1,100
tuff,36,-1,101
tuff,36,-1,102
bare,36,-1,103
bare,36,-1,104
bare,36,-1,105
bare,36,-1,106
bare,36,-1,107
bare,36,-1,108
bare,36,-1,109
bare,36,-1,110
bare,36,-1,111
bare,36,-1,112
bare,36,-1,113
bare,36,-1,114
bare,36,-1,115
bare,36,-1,116
bare,36,-1,117
bare,36,-1,118
bare,36,-1,119
bare,36,-1,120
bare,36,-1,121
bare,36,0,-1
bare,36,0,121
bare,36,1,-1
bare,36,1,121
bare,36,2,-1
bare,36,2,121
bare,36,3,-1
bare,36,3,121
bare,36,4,-1
bare,36,4,121
bare,36,5,-1
bare,36,5,121
bare,36,6,-1
bare,36,6,121
bare,36,7,-1
bare,36,7,0
bare,36,7,1
bare,36,7,2
bare,36,7,3
bare,36,7,4
bare,36,7,5
bare,36,7,6
bare,36,7,7
bare,36,7,8
bare,36,7,9
bare,36,7,10
bare,36,7,11
bare,36,7,12
bare,36,7,13
bare,36,7,14
bare,36,7,15
bare,36,7,16
bare,36,7,17
bare,36,7,18
bare,36,7,19
bare,36,7,20
bare,36,7,21
bare,36,7,22
bare,36,7,23
bare,36,7,24
bare,36,7,25
bare,36,7,26
bare,36,7,27
bare,36,7,28
bare,36,7,29
bare,36,7,30
bare,36,7,31
bare,36,7,32
bare,36,7,33
bare,36,7,34
bare,36,7,35
bare,36,7,36
bare,36,7,37
bare,36,7,38
bare,36,7,39
bare,36,7,40
bare,36,7,41
bare,36,7,42
bare,36,7,43
bare,36,7,44
bare,36,7,45
bare,36,7,46
bare,36,7,47
bare,36,7,48
bare,36,7,49
bare,36,7,50
bare,36,7,51
bare,36,7,52
bare,36,7,53
bare,36,7,54
bare,36,7,55
bare,36,7,56
bare,36,7,57
bare,36,7,58
bare,36,7,59
bare,36,7,60
bare,36,7,61
bare,36,7,62
bare,36,7,63
bare,36,7,64
bare,36,7,65
bare,36,7,66
bare,36,7,67
bare,36,7,68
bare,36,7,69
bare,36,7,70
bare,36,7,71
bare,36,7,72
bare,36,7,73
bare,36,7,74
bare,36,7,75
bare,36,7,76
bare,36,7,77
bare,36,7,78
bare,36,7,79
bare,36,7,80
bare,36,7,81
bare,36,7,82
bare,36,7,83
bare,36,7,84
redstone,36,7,85
redstone,36,7,86
bare,36,7,87
bare,36,7,88
bare,36,7,89
bare,36,7,90
bare,36,7,91
bare,36,7,92
bare,36,7,93
bare,36,7,94
bare,36,7,95
bare,36,7,96
bare,36,7,97
bare,36,7,98
bare,36,7,99
bare,36,7,100
bare,36,7,101
bare,36,7,102
bare,36,7,103
bare,36,7,104
bare,36,7,105
bare,36,7,106
bare,36,7,107
bare,36,7,108
bare,36,7,109
bare,36,7,110
bare,36,7,111
bare,36,7,112
bare,36,7,113
bare,36,7,114
bare,36,7,115
bare,36,7,116
bare,36,7,117
bare,36,7,118
bare,36,7,119
bare,36,7,120
bare,36,7,121
bare,37,-1,-1
bare,37,-1,0
bare,37,-1,1
bare,37,-1,2
bare,37,-1,3
bare,37,-1,4
bare,37,-1,5
bare,37,-1,6
bare,37,-1,7
bare,37,-1,8
bare,37,-1,9
bare,37,-1,10
bare,37,-1,11
bare,37,-1,12
bare,37,-1,13
bare,37,-1,14
bare,37,-1,15
bare,37,-1,16
bare,37,-1,17
bare,37,-1,18
bare,37,-1,19
bare,37,-1,20
bare,37,-1,21
bare,37,-1,22
bare,37,-1,23
bare,37,-1,24
bare,37,-1,25
bare,37,-1,26
bare,37,-1,27
bare,37,-1,28
bare,37,-1,29
bare,37,-1,30
bare,37,-1,31
bare,37,-1,32
bare,37,-1,33
bare,37,-1,34
bare,37,-1,35
bare,37,-1,36
bare,37,-1,37
bare,37,-1,38
bare,37,-1,39
bare,37,-1,40
bare,37,-1,41
bare,37,-1,42
bare,37,-1,43
bare,37,-1,44
bare,37,-1,45
bare,37,-1,46
bare,37,-1,47
bare,37,-1,48
bare,37,-1,49
bare,37,-1,50
bare,37,-1,51
bare,37,-1,52
bare,37,-1,53
bare,37,-1,54
bare,37,-1,55
bare,37,-1,56
bare,37,-1,57
bare,37,-1,58
bare,37,-1,59
bare,37,-1,60
bare,37,-1,61
bare,37,-1,62
bare,37,-1,63
bare,37,-1,64
bare,37,-1,65
bare,37,-1,66
bare,37,-1,67
bare,37,-1,68
bare,37,-1,69
bare,37,-1,70
bare,37,-1,71
bare,37,-1,72
bare,37,-1,73
bare,37,-1,74
bare,37,-1,75
bare,37,-1,76
bare,37,-1,77
bare,37,-1,78
bare,37,-1,79
bare,37,-1,80
bare,37,-1,81
bare,37,-1,82
bare,37,-1,83
bare,37,-1,84
bare,37,-1,85
bare,37,-1,86
bare,37,-1,87
bare,37,-1,88
bare,37,-1,89
bare,37,-1,90
tuff,37,-1,91
tuff,37,-1,92
tuff,37,-1,93
gravel,37,-1,94
gravel,37,-1,95
gravel,37,-1,96
gravel,37,-1,97
gravel,37,-1,98
tuff,37,-1,99
tuff,37,-1,100
tuff,37,-1,101
bare,37,-1,102
bare,37,-1,103
bare,37,-1,104
bare,37,-1,105
bare,37,-1,106
bare,37,-1,107
bare,37,-1,108
bare,37,-1,109
bare,37,-1,110
bare,37,-1,111
bare,37,-1,112
bare,37,-1,113
bare,37,-1,114
bare,37,-1,115
bare,37,-1,116
bare,37,-1,117
bare,37,-1,118
bare,37,-1,119
bare,37,-1,120
bare,37,-1,121
bare,37,0,-1
bare,37,0,121
bare,37,1,-1
bare,37,1,121
bare,37,2,-1
bare,37,2,121
bare,37,3,-1
bare,37,3,121
bare,37,4,-1
bare,37,4,121
bare,37,5,-1
bare,37,5,121
bare,37,6,-1
bare,37,6,121
bare,37,7,-1
bare,37,7,0
bare,37,7,1
bare,37,7,2
bare,37,7,3
bare,37,7,4
bare,37,7,5
bare,37,7,6
bare,37,7,7
bare,37,7,8
bare,37,7,9
bare,37,7,10
bare,37,7,11
bare,37,7,12
bare,37,7,13
bare,37,7,14
bare,37,7,15
bare,37,7,16
bare,37,7,17
bare,37,7,18
bare,37,7,19
bare,37,7,20
bare,37,7,21
bare,37,7,22
bare,37,7,23
bare,37,7,24
bare,37,7,25
bare,37,7,26
bare,37,7,27
bare,37,7,28
bare,37,7,29
bare,37,7,30
bare,37,7,31
bare,37,7,32
bare,37,7,33
bare,37,7,34
bare,37,7,35
bare,37,7,36
bare,37,7,37
bare,37,7,38
bare,37,7,39
bare,37,7,40
bare,37,7,41
bare,37,7,42
bare,37,7,43
bare,37,7,44
bare,37,7,45
bare,37,7,46
bare,37,7,47
bare,37,7,48
bare,37,7,49
bare,37,7,50
bare,37,7,51
bare,37,7,52
bare,37,7,53
bare,37,7,54
bare,37,7,55
bare,37,7,56
bare,37,7,57
bare,37,7,58
bare,37,7,59
bare,37,7,60
bare,37,7,61
bare,37,7,62
bare,37,7,63
bare,37,7,64
bare,37,7,65
bare,37,7,66
bare,37,7,67
bare,37,7,68
bare,37,7,69
bare,37,7,70
bare,37,7,71
bare,37,7,72
bare,37,7,73
bare,37,7,74
bare,37,7,75
bare,37,7,76
bare,37,7,77
bare,37,7,78
bare,37,7,79
bare,37,7,80
bare,37,7,81
bare,37,7,82
bare,37,7,83
bare,37,7,84
redstone,37,7,85
redstone,37,7,86
bare,37,7,87
bare,37,7,88
bare,37,7,89
bare,37,7,90
bare,37,7,91
bare,37,7,92
bare,37,7,93
bare,37,7,94
bare,37,7,95
bare,37,7,96
bare,37,7,97
bare,37,7,98
bare,37,7,99
bare,37,7,100
bare,37,7,101
bare,37,7,102
bare,37,7,103
bare,37,7,104
bare,37,7,105
bare,37,7,106
bare,37,7,107
bare,37,7,108
bare,37,7,109
bare,37,7,110
bare,37,7,111
bare,37,7,112
bare,37,7,113
bare,37,7,114
bare,37,7,115
bare,37,7,116
bare,37,7,117
bare,37,7,118
bare,37,7,119
bare,37,7,120
bare,37,7,121
bare,38,-1,-1
bare,38,-1,0
bare,38,-1,1
bare,38,-1,2
bare,38,-1,3
bare,38,-1,4
bare,38,-1,5
bare,38,-1,6
bare,38,-1,7
bare,38,-1,8
bare,38,-1,9
bare,38,-1,10
bare,38,-1,11
bare,38,-1,12
bare,38,-1,13
bare,38,-1,14
bare,38,-1,15
bare,38,-1,16
bare,38,-1,17
bare,38,-1,18
bare,38,-1,19
bare,38,-1,20
bare,38,-1,21
bare,38,-1,22
bare,38,-1,23
bare,38,-1,24
bare,38,-1,25
bare,38,-1,26
bare,38,-1,27
bare,38,-1,28
bare,38,-1,29
bare,38,-1,30
bare,38,-1,31
bare,38,-1,32
bare,38,-1,33
bare,38,-1,34
bare,38,-1,35
bare,38,-1,36
bare,38,-1,37
bare,38,-1,38
bare,38,-1,39
bare,38,-1,40
bare,38,-1,41
bare,38,-1,42
bare,38,-1,43
bare,38,-1,44
bare,38,-1,45
bare,38,-1,46
bare,38,-1,47
bare,38,-1,48
bare,38,-1,49
bare,38,-1,50
bare,38,-1,51
bare,38,-1,52
bare,38,-1,53
bare,38,-1,54
bare,38,-1,55
bare,38,-1,56
bare,38,-1,57
bare,38,-1,58
bare,38,-1,59
bare,38,-1,60
bare,38,-1,61
bare,38,-1,62
bare,38,-1,63
bare,38,-1,64
bare,38,-1,65
bare,38,-1,66
bare,38,-1,67
bare,38,-1,68
bare,38,-1,69
bare,38,-1,70
bare,38,-1,71
tuff,38,-1,72
tuff,38,-1,73
bare,38,-1,74
tuff,38,-1,75
tuff,38,-1,76
bare,38,-1,77
bare,38,-1,78
bare,38,-1,79
bare,38,-1,80
bare,38,-1,81
bare,38,-1,82
bare,38,-1,83
bare,38,-1,84
bare,38,-1,85
bare,38,-1,86
bare,38,-1,87
bare,38,-1,88
bare,38,-1,89
tuff,38,-1,90
tuff,38,-1,91
tuff,38,-1,92
tuff,38,-1,93
gravel,38,-1,94
gravel,38,-1,95
gravel,38,-1,96
gravel,38,-1,97
gravel,38,-1,98
gravel,38,-1,99
tuff,38,-1,100
tuff,38,-1,101
tuff,38,-1,102
tuff,38,-1,103
tuff,38,-1,104
bare,38,-1,105
bare,38,-1,106
bare,38,-1,107
bare,38,-1,108
bare,38,-1,109
bare,38,-1,110
bare,38,-1,111
bare,38,-1,112
bare,38,-1,113
bare,38,-1,114
bare,38,-1,115
bare,38,-1,116
bare,38,-1,117
bare,38,-1,118
bare,38,-1,119
bare,38,-1,120
bare,38,-1,121
bare,38,0,-1
bare,38,0,121
bare,38,1,-1
bare,38,1,121
bare,38,2,-1
bare,38,2,121
bare,38,3,-1
bare,38,3,121
bare,38,4,-1
bare,38,4,121
bare,38,5,-1
bare,38,5,121
bare,38,6,-1
bare,38,6,121
bare,38,7,-1
bare,38,7,0
bare,38,7,1
bare,38,7,2
bare,38,7,3
bare,38,7,4
bare,38,7,5
bare,38,7,6
bare,38,7,7
bare,38,7,8
bare,38,7,9
bare,38,7,10
bare,38,7,11
bare,38,7,12
bare,38,7,13
bare,38,7,14
bare,38,7,15
bare,38,7,16
bare,38,7,17
bare,38,7,18
bare,38,7,19
bare,38,7,20
bare,38,7,21
bare,38,7,22
bare,38,7,23
bare,38,7,24
bare,38,7,25
bare,38,7,26
bare,38,7,27
bare,38,7,28
bare,38,7,29
bare,38,7,30
bare,38,7,31
bare,38,7,32
bare,38,7,33
bare,38,7,34
bare,38,7,35
bare,38,7,36
bare,38,7,37
bare,38,7,38
bare,38,7,39
bare,38,7,40
bare,38,7,41
bare,38,7,42
bare,38,7,43
bare,38,7,44
bare,38,7,45
bare,38,7,46
bare,38,7,47
bare,38,7,48
bare,38,7,49
bare,38,7,50
bare,38,7,51
bare,38,7,52
bare,38,7,53
bare,38,7,54
bare,38,7,55
bare,38,7,56
bare,38,7,57
bare,38,7,58
bare,38,7,59
bare,38,7,60
bare,38,7,61
bare,38,7,62
bare,38,7,63
bare,38,7,64
bare,38,7,65
bare,38,7,66
bare,38,7,67
bare,38,7,68
bare,38,7,69
bare,38,7,70
bare,38,7,71
bare,38,7,72
bare,38,7,73
bare,38,7,74
bare,38,7,75
bare,38,7,76
bare,38,7,77
bare,38,7,78
bare,38,7,79
bare,38,7,80
bare,38,7,81
bare,38,7,82
bare,38,7,83
bare,38,7,84
bare,38,7,85
bare,38,7,86
bare,38,7,87
bare,38,7,88
bare,38,7,89
bare,38,7,90
bare,38,7,91
bare,38,7,92
bare,38,7,93
bare,38,7,94
bare,38,7,95
bare,38,7,96
bare,38,7,97
bare,38,7,98
bare,38,7,99
bare,38,7,100
bare,38,7,101
bare,38,7,102
bare,38,7,103
bare,38,7,104
bare,38,7,105
bare,38,7,106
bare,38,7,107
bare,38,7,108
bare,38,7,109
bare,38,7,110
bare,38,7,111
bare,38,7,112
bare,38,7,113
bare,38,7,114
bare,38,7,115
bare,38,7,116
bare,38,7,117
bare,38,7,118
bare,38,7,119
bare,38,7,120
bare,38,7,121
bare,39,-1,-1
bare,39,-1,0
bare,39,-1,1
bare,39,-1,2
bare,39,-1,3
bare,39,-1,4
bare,39,-1,5
bare,39,-1,6
bare,39,-1,7
bare,39,-1,8
bare,39,-1,9
bare,39,-1,10
bare,39,-1,11
bare,39,-1,12
bare,39,-1,13
bare,39,-1,14
bare,39,-1,15
bare,39,-1,16
bare,39,-1,17
bare,39,-1,18
bare,39,-1,19
bare,39,-1,20
bare,39,-1,21
bare,39,-1,22
bare,39,-1,23
bare,39,-1,24
bare,39,-1,25
bare,39,-1,26
bare,39,-1,27
bare,39,-1,28
bare,39,-1,29
bare,39,-1,30
bare,39,-1,31
bare,39,-1,32
bare,39,-1,33
bare,39,-1,34
bare,39,-1,35
bare,39,-1,36
bare,39,-1,37
bare,39,-1,38
bare,39,-1,39
bare,39,-1,40
bare,39,-1,41
bare,39,-1,42
bare,39,-1,43
bare,39,-1,44
bare,39,-1,45
bare,39,-1,46
bare,39,-1,47
bare,39,-1,48
bare,39,-1,49
bare,39,-1,50
bare,39,-1,51
bare,39,-1,52
bare,39,-1,53
bare,39,-1,54
bare,39,-1,55
bare,39,-1,56
bare,39,-1,57
bare,39,-1,58
bare,39,-1,59
bare,39,-1,60
bare,39,-1,61
bare,39,-1,62
bare,39,-1,63
bare,39,-1,64
bare,39,-1,65
bare,39,-1,66
bare,39,-1,67
bare,39,-1,68
bare,39,-1,69
tuff,39,-1,70
tuff,39,-1,71
tuff,39,-1,72
tuff,39,-1,73
tuff,39,-1,74
tuff,39,-1,75
tuff,39,-1,76
tuff,39,-1,77
tuff,39,-1,78
tuff,39,-1,79
tuff,39,-1,80
bare,39,-1,81
bare,39,-1,82
bare,39,-1,83
bare,39,-1,84
bare,39,-1,85
bare,39,-1,86
bare,39,-1,87
bare,39,-1,88
bare,39,-1,89
tuff,39,-1,90
tuff,39,-1,91
tuff,39,-1,92
tuff,39,-1,93
tuff,39,-1,94
gravel,39,-1,95
gravel,39,-1,96
gravel,39,-1,97
gravel,39,-1,98
gravel,39,-1,99
gravel,39,-1,100
tuff,39,-1,101
tuff,39,-1,102
tuff,39,-1,103
tuff,39,-1,104
tuff,39,-1,105
bare,39,-1,106
bare,39,-1,107
bare,39,-1,108
bare,39,-1,109
bare,39,-1,110
bare,39,-1,111
bare,39,-1,112
bare,39,-1,113
bare,39,-1,114
bare,39,-1,115
bare,39,-1,116
bare,39,-1,117
bare,39,-1,118
bare,39,-1,119
bare,39,-1,120
bare,39,-1,121
bare,39,0,-1
bare,39,0,121
bare,39,1,-1
bare,39,1,121
bare,39,2,-1
bare,39,2,121
bare,39,3,-1
bare,39,3,121
bare,39,4,-1
bare,39,4,121
bare,39,5,-1
bare,39,5,121
bare,39,6,-1
bare,39,6,121
bare,39,7,-1
bare,39,7,0
bare,39,7,1
bare,39,7,2
bare,39,7,3
bare,39,7,4
bare,39,7,5
bare,39,7,6
bare,39,7,7
bare,39,7,8
bare,39,7,9
bare,39,7,10
bare,39,7,11
bare,39,7,12
bare,39,7,13
bare,39,7,14
bare,39,7,15
bare,39,7,16
bare,39,7,17
bare,39,7,18
bare,39,7,19
bare,39,7,20
bare,39,7,21
bare,39,7,22
bare,39,7,23
bare,39,7,24
bare,39,7,25
bare,39,7,26
bare,39,7,27
bare,39,7,28
bare,39,7,29
bare,39,7,30
bare,39,7,31
bare,39,7,32
bare,39,7,33
bare,39,7,34
bare,39,7,35
bare,39,7,36
bare,39,7,37
bare,39,7,38
bare,39,7,39
bare,39,7,40
bare,39,7,41
bare,39,7,42
bare,39,7,43
bare,39,7,44
bare,39,7,45
bare,39,7,46
bare,39,7,47
bare,39,7,48
bare,39,7,49
bare,39,7,50
bare,39,7,51
bare,39,7,52
bare,39,7,53
bare,39,7,54
bare,39,7,55
bare,39,7,56
bare,39,7,57
bare,39,7,58
bare,39,7,59
bare,39,7,60
bare,39,7,61
bare,39,7,62
bare,39,7,63
bare,39,7,64
bare,39,7,65
bare,39,7,66
bare,39,7,67
bare,39,7,68
bare,39,7,69
bare,39,7,70
bare,39,7,71
bare,39,7,72
bare,39,7,73
bare,39,7,74
bare,39,7,75
bare,39,7,76
bare,39,7,77
bare,39,7,78
bare,39,7,79
bare,39,7,80
bare,39,7,81
bare,39,7,82
bare,39,7,83
bare,39,7,84
bare,39,7,85
bare,39,7,86
bare,39,7,87
bare,39,7,88
bare,39,7,89
bare,39,7,90
bare,39,7,91
bare,39,7,92
bare,39,7,93
bare,39,7,94
bare,39,7,95
bare,39,7,96
bare,39,7,97
bare,39,7,98
bare,39,7,99
bare,39,7,100
bare,39,7,101
bare,39,7,102
bare,39,7,103
bare,39,7,104
bare,39,7,105
bare,39,7,106
bare,39,7,107
bare,39,7,108
gravel,39,7,109
gravel,39,7,110
gravel,39,7,111
bare,39,7,112
bare,39,7,113
bare,39,7,114
bare,39,7,115
bare,39,7,116
bare,39,7,117
bare,39,7,118
bare,39,7,119
bare,39,7,120
bare,39,7,121
bare,40,-1,-1
bare,40,-1,0
bare,40,-1,1
bare,40,-1,2
bare,40,-1,3
bare,40,-1,4
bare,40,-1,5
bare,40,-1,6
bare,40,-1,7
bare,40,-1,8
bare,40,-1,9
bare,40,-1,10
bare,40,-1,11
bare,40,-1,12
bare,40,-1,13
bare,40,-1,14
bare,40,-1,15
bare,40,-1,16
bare,40,-1,17
bare,40,-1,18
bare,40,-1,19
bare,40,-1,20
bare,40,-1,21
bare,40,-1,22
bare,40,-1,23
bare,40,-1,24
bare,40,-1,25
bare,40,-1,26
bare,40,-1,27
bare,40,-1,28
bare,40,-1,29
bare,40,-1,30
bare,40,-1,31
bare,40,-1,32
bare,40,-1,33
bare,40,-1,34
bare,40,-1,35
bare,40,-1,36
bare,40,-1,37
bare,40,-1,38
bare,40,-1,39
bare,40,-1,40
bare,40,-1,41
bare,40,-1,42
bare,40,-1,43
bare,40,-1,44
bare,40,-1,45
bare,40,-1,46
bare,40,-1,47
bare,40,-1,48
bare,40,-1,49
bare,40,-1,50
bare,40,-1,51
bare,40,-1,52
bare,40,-1,53
bare,40,-1,54
bare,40,-1,55
bare,40,-1,56
bare,40,-1,57
bare,40,-1,58
bare,40,-1,59
bare,40,-1,60
bare,40,-1,61
bare,40,-1,62
bare,40,-1,63
bare,40,-1,64
bare,40,-1,65
bare,40,-1,66
tuff,40,-1,67
tuff,40,-1,68
tuff,40,-1,69
tuff,40,-1,70
tuff,40,-1,71
tuff,40,-1,72
tuff,40,-1,73
tuff,40,-1,74
tuff,40,-1,75
tuff,40,-1,76
tuff,40,-1,77
tuff,40,-1,78
tuff,40,-1,79
tuff,40,-1,80
tuff,40,-1,81
bare,40,-1,82
bare,40,-1,83
bare,40,-1,84
bare,40,-1,85
bare,40,-1,86
bare,40,-1,87
bare,40,-1,88
bare,40,-1,89
tuff,40,-1,90
tuff,40,-1,91
tuff,40,-1,92
tuff,40,-1,93
tuff,40,-1,94
gravel,40,-1,95
gravel,40,-1,96
gravel,40,-1,97
gravel,40,-1,98
gravel,40,-1,99
gravel,40,-1,100
gravel,40,-1,101
tuff,40,-1,102
tuff,40,-1,103
tuff,40,-1,104
tuff,40,-1,105
tuff,40,-1,106
bare,40,-1,107
bare,40,-1,108
bare,40,-1,109
bare,40,-1,110
bare,40,-1,111
bare,40,-1,112
bare,40,-1,113
bare,40,-1,114
bare,40,-1,115
bare,40,-1,116
bare,40,-1,117
bare,40,-1,118
bare,40,-1,119
bare,40,-1,120
bare,40,-1,121
bare,40,0,-1
bare,40,0,121
bare,40,1,-1
bare,40,1,121
redstone,40,2,-1
bare,40,2,121
bare,40,3,-1
bare,40,3,121
bare,40,4,-1
bare,40,4,121
bare,40,5,-1
bare,40,5,121
bare,40,6,-1
bare,40,6,121
bare,40,7,-1
bare,40,7,0
bare,40,7,1
bare,40,7,2
bare,40,7,3
bare,40,7,4
bare,40,7,5
bare,40,7,6
bare,40,7,7
bare,40,7,8
bare,40,7,9
bare,40,7,10
bare,40,7,11
bare,40,7,12
bare,40,7,13
bare,40,7,14
bare,40,7,15
bare,40,7,16
bare,40,7,17
bare,40,7,18
bare,40,7,19
bare,40,7,20
bare,40,7,21
bare,40,7,22
bare,40,7,23
bare,40,7,24
bare,40,7,25
bare,40,7,26
bare,40,7,27
bare,40,7,28
bare,40,7,29
bare,40,7,30
bare,40,7,31
bare,40,7,32
bare,40,7,33
bare,40,7,34
bare,40,7,35
bare,40,7,36
bare,40,7,37
bare,40,7,38
bare,40,7,39
bare,40,7,40
bare,40,7,41
bare,40,7,42
bare,40,7,43
bare,40,7,44
bare,40,7,45
bare,40,7,46
bare,40,7,47
bare,40,7,48
bare,40,7,49
bare,40,7,50
bare,40,7,51
bare,40,7,52
bare,40,7,53
bare,40,7,54
bare,40,7,55
bare,40,7,56
bare,40,7,57
bare,40,7,58
bare,40,7,59
bare,40,7,60
bare,40,7,61
bare,40,7,62
bare,40,7,63
bare,40,7,64
bare,40,7,65
bare,40,7,66
bare,40,7,67
bare,40,7,68
bare,40,7,69
bare,40,7,70
bare,40,7,71
bare,40,7,72
bare,40,7,73
bare,40,7,74
bare,40,7,75
bare,40,7,76
bare,40,7,77
bare,40,7,78
bare,40,7,79
bare,40,7,80
bare,40,7,81
bare,40,7,82
bare,40,7,83
bare,40,7,84
bare,40,7,85
bare,40,7,86
bare,40,7,87
bare,40,7,88
bare,40,7,89
bare,40,7,90
bare,40,7,91
bare,40,7,92
bare,40,7,93
bare,40,7,94
bare,40,7,95
bare,40,7,96
bare,40,7,97
bare,40,7,98
bare,40,7,99
bare,40,7,100
bare,40,7,101
bare,40,7,102
bare,40,7,103
bare,40,7,104
bare,40,7,105
bare,40,7,106
bare,40,7,107
bare,40,7,108
gravel,40,7,109
gravel,40,7,110
gravel,40,7,111
bare,40,7,112
bare,40,7,113
bare,40,7,114
bare,40,7,115
bare,40,7,116
bare,40,7,117
bare,40,7,118
bare,40,7,119
bare,40,7,120
bare,40,7,121
bare,41,-1,-1
bare,41,-1,0
bare,41,-1,1
bare,41,-1,2
bare,41,-1,3
bare,41,-1,4
bare,41,-1,5
bare,41,-1,6
bare,41,-1,7
bare,41,-1,8
bare,41,-1,9
bare,41,-1,10
bare,41,-1,11
bare,41,-1,12
bare,41,-1,13
bare,41,-1,14
bare,41,-1,15
bare,41,-1,16
bare,41,-1,17
bare,41,-1,18
bare,41,-1,19
bare,41,-1,20
bare,41,-1,21
bare,41,-1,22
bare,41,-1,23
bare,41,-1,24
bare,41,-1,25
bare,41,-1,26
bare,41,-1,27
bare,41,-1,28
bare,41,-1,29
bare,41,-1,30
bare,41,-1,31
bare,41,-1,32
bare,41,-1,33
bare,41,-1,34
bare,41,-1,35
bare,41,-1,36
bare,41,-1,37
bare,41,-1,38
bare,41,-1,39
bare,41,-1,40
bare,41,-1,41
bare,41,-1,42
bare,41,-1,43
bare,41,-1,44
bare,41,-1,45
bare,41,-1,46
bare,41,-1,47
bare,41,-1,48
bare,41,-1,49
bare,41,-1,50
bare,41,-1,51
bare,41,-1,52
bare,41,-1,53
bare,41,-1,54
bare,41,-1,55
bare,41,-1,56
bare,41,-1,57
bare,41,-1,58
bare,41,-1,59
bare,41,-1,60
bare,41,-1,61
bare,41,-1,62
bare,41,-1,63
bare,41,-1,64
bare,41,-1,65
tuff,41,-1,66
tuff,41,-1,67
tuff,41,-1,68
tuff,41,-1,69
tuff,41,-1,70
tuff,41,-1,71
tuff,41,-1,72
tuff,41,-1,73
tuff,41,-1,74
tuff,41,-1,75
tuff,41,-1,76
tuff,41,-1,77
tuff,41,-1,78
tuff,41,-1,79
tuff,41,-1,80
tuff,41,-1,81
tuff,41,-1,82
bare,41,-1,83
bare,41,-1,84
bare,41,-1,85
bare,41,-1,86
bare,41,-1,87
bare,41,-1,88
bare,41,-1,89
bare,41,-1,90
tuff,41,-1,91
tuff,41,-1,92
tuff,41,-1,93
tuff,41,-1,94
tuff,41,-1,95
gravel,41,-1,96
gravel,41,-1,97
gravel,41,-1,98
gravel,41,-1,99
gravel,41,-1,100
gravel,41,-1,101
tuff,41,-1,102
tuff,41,-1,103
tuff,41,-1,104
tuff,41,-1,105
tuff,41,-1,106
tuff,41,-1,107
bare,41,-1,108
bare,41,-1,109
bare,41,-1,110
bare,41,-1,111
bare,41,-1,112
bare,41,-1,113
bare,41,-1,114
bare,41,-1,115
bare,41,-1,116
bare,41,-1,117
bare,41,-1,118
bare,41,-1,119
bare,41,-1,120
bare,41,-1,121
bare,41,0,-1
bare,41,0,121
bare,41,1,-1
bare,41,1,121
redstone,41,2,-1
bare,41,2,121
bare,41,3,-1
bare,41,3,121
bare,41,4,-1
bare,41,4,121
bare,41,5,-1
bare,41,5,121
bare,41,6,-1
bare,41,6,121
bare,41,7,-1
bare,41,7,0
bare,41,7,1
bare,41,7,2
bare,41,7,3
bare,41,7,4
bare,41,7,5
bare,41,7,6
bare,41,7,7
bare,41,7,8
bare,41,7,9
bare,41,7,10
bare,41,7,11
bare,41,7,12
bare,41,7,13
bare,41,7,14
bare,41,7,15
bare,41,7,16
bare,41,7,17
bare,41,7,18
bare,41,7,19
bare,41,7,20
bare,41,7,21
bare,41,7,22
bare,41,7,23
bare,41,7,24
bare,41,7,25
bare,41,7,26
bare,41,7,27
bare,41,7,28
bare,41,7,29
bare,41,7,30
bare,41,7,31
bare,41,7,32
bare,41,7,33
bare,41,7,34
bare,41,7,35
bare,41,7,36
bare,41,7,37
bare,41,7,38
bare,41,7,39
bare,41,7,40
bare,41,7,41
bare,41,7,42
bare,41,7,43
bare,41,7,44
bare,41,7,45
bare,41,7,46
bare,41,7,47
bare,41,7,48
bare,41,7,49
bare,41,7,50
bare,41,7,51
bare,41,7,52
bare,41,7,53
bare,41,7,54
bare,41,7,55
bare,41,7,56
bare,41,7,57
bare,41,7,58
bare,41,7,59
bare,41,7,60
bare,41,7,61
bare,41,7,62
bare,41,7,63
bare,41,7,64
bare,41,7,65
bare,41,7,66
bare,41,7,67
bare,41,7,68
bare,41,7,69
bare,41,7,70
bare,41,7,71
bare,41,7,72
bare,41,7,73
bare,41,7,74
bare,41,7,75
bare,41,7,76
bare,41,7,77
bare,41,7,78
bare,41,7,79
bare,41,7,80
bare,41,7,81
bare,41,7,82
bare,41,7,83
bare,41,7,84
bare,41,7,85
bare,41,7,86
bare,41,7,87
bare,41,7,88
bare,41,7,89
bare,41,7,90
bare,41,7,91
bare,41,7,92
bare,41,7,93
bare,41,7,94
bare,41,7,95
bare,41,7,96
bare,41,7,97
bare,41,7,98
bare,41,7,99
bare,41,7,100
bare,41,7,101
bare,41,7,102
bare,41,7,103
bare,41,7,104
bare,41,7,105
bare,41,7,106
bare,41,7,107
bare,41,7,108
gravel,41,7,109
gravel,41,7,110
gravel,41,7,111
bare,41,7,112
bare,41,7,113
bare,41,7,114
bare,41,7,115
bare,41,7,116
bare,41,7,117
bare,41,7,118
bare,41,7,119
bare,41,7,120
bare,41,7,121
bare,42,-1,-1
bare,42,-1,0
bare,42,-1,1
bare,42,-1,2
bare,42,-1,3
bare,42,-1,4
bare,42,-1,5
bare,42,-1,6
bare,42,-1,7
bare,42,-1,8
bare,42,-1,9
bare,42,-1,10
bare,42,-1,11
bare,42,-1,12
bare,42,-1,13
bare,42,-1,14
bare,42,-1,15
bare,42,-1,16
bare,42,-1,17
bare,42,-1,18
bare,42,-1,19
bare,42,-1,20
bare,42,-1,21
bare,42,-1,22
bare,42,-1,23
bare,42,-1,24
bare,42,-1,25
bare,42,-1,26
bare,42,-1,27
bare,42,-1,28
bare,42,-1,29
bare,42,-1,30
bare,42,-1,31
bare,42,-1,32
bare,42,-1,33
bare,42,-1,34
bare,42,-1,35
bare,42,-1,36
bare,42,-1,37
bare,42,-1,38
bare,42,-1,39
bare,42,-1,40
bare,42,-1,41
bare,42,-1,42
bare,42,-1,43
bare,42,-1,44
bare,42,-1,45
bare,42,-1,46
bare,42,-1,47
bare,42,-1,48
bare,42,-1,49
bare,42,-1,50
bare,42,-1,51
bare,42,-1,52
bare,42,-1,53
bare,42,-1,54
bare,42,-1,55
bare,42,-1,56
bare,42,-1,57
bare,42,-1,58
bare,42,-1,59
bare,42,-1,60
bare,42,-1,61
bare,42,-1,62
bare,42,-1,63
bare,42,-1,64
bare,42,-1,65
tuff,42,-1,66
tuff,42,-1,67
tuff,42,-1,68
tuff,42,-1,69
tuff,42,-1,70
tuff,42,-1,71
tuff,42,-1,72
tuff,42,-1,73
tuff,42,-1,74
tuff,42,-1,75
tuff,42,-1,76
tuff,42,-1,77
tuff,42,-1,78
tuff,42,-1,79
tuff,42,-1,80
tuff,42,-1,81
tuff,42,-1,82
bare,42,-1,83
bare,42,-1,84
bare,42,-1,85
bare,42,-1,86
bare,42,-1,87
bare,42,-1,88
bare,42,-1,89
bare,42,-1,90
bare,42,-1,91
tuff,42,-1,92
tuff,42,-1,93
tuff,42,-1,94
tuff,42,-1,95
tuff,42,-1,96
gravel,42,-1,97
gravel,42,-1,98
gravel,42,-1,99
gravel,42,-1,100
gravel,42,-1,101
tuff,42,-1,102
tuff,42,-1,103
tuff,42,-1,104
tuff,42,-1,105
tuff,42,-1,106
tuff,42,-1,107
tuff,42,-1,108
bare,42,-1,109
bare,42,-1,110
bare,42,-1,111
bare,42,-1,112
bare,42,-1,113
bare,42,-1,114
bare,42,-1,115
bare,42,-1,116
bare,42,-1,117
bare,42,-1,118
bare,42,-1,119
bare,42,-1,120
bare,42,-1,121
bare,42,0,-1
bare,42,0,121
bare,42,1,-1
bare,42,1,121
bare,42,2,-1
bare,42,2,121
bare,42,3,-1
bare,42,3,121
bare,42,4,-1
bare,42,4,121
bare,42,5,-1
bare,42,5,121
bare,42,6,-1
bare,42,6,121
bare,42,7,-1
bare,42,7,0
bare,42,7,1
bare,42,7,2
bare,42,7,3
bare,42,7,4
bare,42,7,5
bare,42,7,6
bare,42,7,7
bare,42,7,8
bare,42,7,9
bare,42,7,10
bare,42,7,11
bare,42,7,12
bare,42,7,13
bare,42,7,14
bare,42,7,15
bare,42,7,16
bare,42,7,17
bare,42,7,18
bare,42,7,19
bare,42,7,20
bare,42,7,21
bare,42,7,22
bare,42,7,23
bare,42,7,24
bare,42,7,25
bare,42,7,26
bare,42,7,27
bare,42,7,28
bare,42,7,29
bare,42,7,30
bare,42,7,31
bare,42,7,32
bare,42,7,33
bare,42,7,34
bare,42,7,35
bare,42,7,36
bare,42,7,37
bare,42,7,38
bare,42,7,39
bare,42,7,40
bare,42,7,41
bare,42,7,42
bare,42,7,43
bare,42,7,44
bare,42,7,45
bare,42,7,46
bare,42,7,47
bare,42,7,48
bare,42,7,49
bare,42,7,50
bare,42,7,51
bare,42,7,52
bare,42,7,53
bare,42,7,54
bare,42,7,55
bare,42,7,56
bare,42,7,57
bare,42,7,58
bare,42,7,59
bare,42,7,60
bare,42,7,61
bare,42,7,62
bare,42,7,63
bare,42,7,64
bare,42,7,65
bare,42,7,66
bare,42,7,67
bare,42,7,68
bare,42,7,69
bare,42,7,70
bare,42,7,71
bare,42,7,72
bare,42,7,73
bare,42,7,74
bare,42,7,75
bare,42,7,76
bare,42,7,77
bare,42,7,78
bare,42,7,79
bare,42,7,80
bare,42,7,81
bare,42,7,82
bare,42,7,83
bare,42,7,84
bare,42,7,85
bare,42,7,86
bare,42,7,87
bare,42,7,88
bare,42,7,89
bare,42,7,90
bare,42,7,91
bare,42,7,92
bare,42,7,93
bare,42,7,94
bare,42,7,95
bare,42,7,96
bare,42,7,97
bare,42,7,98
bare,42,7,99
bare,42,7,100
bare,42,7,101
bare,42,7,102
bare,42,7,103
bare,42,7,104
bare,42,7,105
bare,42,7,106
bare,42,7,107
bare,42,7,108
gravel,42,7,109
gravel,42,7,110
gravel,42,7,111
gravel,42,7,112
bare,42,7,113
bare,42,7,114
bare,42,7,115
bare,42,7,116
bare,42,7,117
bare,42,7,118
bare,42,7,119
bare,42,7,120
bare,42,7,121
bare,43,-1,-1
bare,43,-1,0
bare,43,-1,1
bare,43,-1,2
bare,43,-1,3
bare,43,-1,4
bare,43,-1,5
bare,43,-1,6
bare,43,-1,7
bare,43,-1,8
bare,43,-1,9
bare,43,-1,10
bare,43,-1,11
bare,43,-1,12
bare,43,-1,13
bare,43,-1,14
bare,43,-1,15
bare,43,-1,16
bare,43,-1,17
bare,43,-1,18
bare,43,-1,19
bare,43,-1,20
bare,43,-1,21
bare,43,-1,22
bare,43,-1,23
bare,43,-1,24
bare,43,-1,25
bare,43,-1,26
bare,43,-1,27
bare,43,-1,28
bare,43,-1,29
bare,43,-1,30
bare,43,-1,31
bare,43,-1,32
bare,43,-1,33
bare,43,-1,34
bare,43,-1,35
bare,43,-1,36
bare,43,-1,37
bare,43,-1,38
bare,43,-1,39
bare,43,-1,40
bare,43,-1,41
bare,43,-1,42
bare,43,-1,43
bare,43,-1,44
bare,43,-1,45
bare,43,-1,46
bare,43,-1,47
bare,43,-1,48
bare,43,-1,49
bare,43,-1,50
bare,43,-1,51
bare,43,-1,52
bare,43,-1,53
bare,43,-1,54
bare,43,-1,55
bare,43,-1,56
bare,43,-1,57
bare,43,-1,58
bare,43,-1,59
bare,43,-1,60
bare,43,-1,61
bare,43,-1,62
bare,43,-1,63
bare,43,-1,64
bare,43,-1,65
bare,43,-1,66
tuff,43,-1,67
tuff,43,-1,68
tuff,43,-1,69
tuff,43,-1,70
tuff,43,-1,71
tuff,43,-1,72
tuff,43,-1,73
tuff,43,-1,74
tuff,43,-1,75
tuff,43,-1,76
tuff,43,-1,77
tuff,43,-1,78
tuff,43,-1,79
tuff,43,-1,80
tuff,43,-1,81
bare,43,-1,82
bare,43,-1,83
bare,43,-1,84
bare,43,-1,85
bare,43,-1,86
bare,43,-1,87
bare,43,-1,88
bare,43,-1,89
bare,43,-1,90
bare,43,-1,91
bare,43,-1,92
bare,43,-1,93
bare,43,-1,94
bare,43,-1,95
tuff,43,-1,96
tuff,43,-1,97
tuff,43,-1,98
gravel,43,-1,99
gravel,43,-1,100
gravel,43,-1,101
tuff,43,-1,102
tuff,43,-1,103
tuff,43,-1,104
tuff,43,-1,105
tuff,43,-1,106
tuff,43,-1,107
tuff,43,-1,108
bare,43,-1,109
bare,43,-1,110
bare,43,-1,111
bare,43,-1,112
bare,43,-1,113
bare,43,-1,114
bare,43,-1,115
bare,43,-1,116
bare,43,-1,117
bare,43,-1,118
bare,43,-1,119
bare,43,-1,120
bare,43,-1,121
bare,43,0,-1
bare,43,0,121
bare,43,1,-1
bare,43,1,121
bare,43,2,-1
bare,43,2,121
bare,43,3,-1
bare,43,3,121
bare,43,4,-1
bare,43,4,121
bare,43,5,-1
bare,43,5,121
bare,43,6,-1
bare,43,6,121
bare,43,7,-1
bare,43,7,0
bare,43,7,1
bare,43,7,2
bare,43,7,3
bare,43,7,4
bare,43,7,5
bare,43,7,6
bare,43,7,7
bare,43,7,8
bare,43,7,9
bare,43,7,10
bare,43,7,11
bare,43,7,12
bare,43,7,13
bare,43,7,14
bare,43,7,15
bare,43,7,16
bare,43,7,17
bare,43,7,18
bare,43,7,19
bare,43,7,20
bare,43,7,21
bare,43,7,22
bare,43,7,23
bare,43,7,24
bare,43,7,25
bare,43,7,26
bare,43,7,27
bare,43,7,28
bare,43,7,29
bare,43,7,30
bare,43,7,31
bare,43,7,32
bare,43,7,33
bare,43,7,34
bare,43,7,35
bare,43,7,36
bare,43,7,37
bare,43,7,38
bare,43,7,39
bare,43,7,40
bare,43,7,41
bare,43,7,42
bare,43,7,43
bare,43,7,44
bare,43,7,45
bare,43,7,46
bare,43,7,47
bare,43,7,48
bare,43,7,49
bare,43,7,50
bare,43,7,51
bare,43,7,52
bare,43,7,53
bare,43,7,54
bare,43,7,55
bare,43,7,56
bare,43,7,57
bare,43,7,58
bare,43,7,59
bare,43,7,60
bare,43,7,61
bare,43,7,62
bare,43,7,63
bare,43,7,64
bare,43,7,65
bare,43,7,66
bare,43,7,67
bare,43,7,68
bare,43,7,69
bare,43,7,70
bare,43,7,71
bare,43,7,72
bare,43,7,73
bare,43,7,74
bare,43,7,75
bare,43,7,76
bare,43,7,77
bare,43,7,78
bare,43,7,79
bare,43,7,80
bare,43,7,81
bare,43,7,82
bare,43,7,83
bare,43,7,84
bare,43,7,85
bare,43,7,86
bare,43,7,87
bare,43,7,88
bare,43,7,89
bare,43,7,90
bare,43,7,91
bare,43,7,92
bare,43,7,93
bare,43,7,94
bare,43,7,95
bare,43,7,96
bare,43,7,97
bare,43,7,98
bare,43,7,99
bare,43,7,100
bare,43,7,101
bare,43,7,102
bare,43,7,103
bare,43,7,104
bare,43,7,105
bare,43,7,106
bare,43,7,107
bare,43,7,108
gravel,43,7,109
gravel,43,7,110
gravel,43,7,111
gravel,43,7,112
bare,43,7,113
bare,43,7,114
bare,43,7,115
bare,43,7,116
bare,43,7,117
bare,43,7,118
bare,43,7,119
bare,43,7,120
bare,43,7,121
bare,44,-1,-1
bare,44,-1,0
bare,44,-1,1
bare,44,-1,2
bare,44,-1,3
bare,44,-1,4
bare,44,-1,5
bare,44,-1,6
bare,44,-1,7
bare,44,-1,8
bare,44,-1,9
bare,44,-1,10
bare,44,-1,11
bare,44,-1,12
bare,44,-1,13
bare,44,-1,14
bare,44,-1,15
bare,44,-1,16
bare,44,-1,17
bare,44,-1,18
bare,44,-1,19
bare,44,-1,20
bare,44,-1,21
bare,44,-1,22
bare,44,-1,23
bare,44,-1,24
bare,44,-1,25
bare,44,-1,26
bare,44,-1,27
bare,44,-1,28
bare,44,-1,29
bare,44,-1,30
bare,44,-1,31
bare,44,-1,32
bare,44,-1,33
bare,44,-1,34
bare,44,-1,35
bare,44,-1,36
bare,44,-1,37
bare,44,-1,38
bare,44,-1,39
bare,44,-1,40
bare,44,-1,41
bare,44,-1,42
bare,44,-1,43
bare,44,-1,44
bare,44,-1,45
bare,44,-1,46
bare,44,-1,47
bare,44,-1,48
bare,44,-1,49
bare,44,-1,50
bare,44,-1,51
bare,44,-1,52
bare,44,-1,53
bare,44,-1,54
bare,44,-1,55
bare,44,-1,56
bare,44,-1,57
bare,44,-1,58
bare,44,-1,59
bare,44,-1,60
bare,44,-1,61
bare,44,-1,62
bare,44,-1,63
bare,44,-1,64
bare,44,-1,65
bare,44,-1,66
bare,44,-1,67
bare,44,-1,68
bare,44,-1,69
tuff,44,-1,70
tuff,44,-1,71
tuff,44,-1,72
tuff,44,-1,73
tuff,44,-1,74
tuff,44,-1,75
tuff,44,-1,76
tuff,44,-1,77
tuff,44,-1,78
tuff,44,-1,79
bare,44,-1,80
bare,44,-1,81
bare,44,-1,82
bare,44,-1,83
bare,44,-1,84
bare,44,-1,85
bare,44,-1,86
bare,44,-1,87
bare,44,-1,88
bare,44,-1,89
bare,44,-1,90
bare,44,-1,91
bare,44,-1,92
bare,44,-1,93
lapis,44,-1,94
lapis,44,-1,95
bare,44,-1,96
bare,44,-1,97
tuff,44,-1,98
tuff,44,-1,99
tuff,44,-1,100
tuff,44,-1,101
tuff,44,-1,102
tuff,44,-1,103
tuff,44,-1,104
tuff,44,-1,105
tuff,44,-1,106
tuff,44,-1,107
bare,44,-1,108
bare,44,-1,109
bare,44,-1,110
bare,44,-1,111
bare,44,-1,112
bare,44,-1,113
bare,44,-1,114
bare,44,-1,115
bare,44,-1,116
bare,44,-1,117
bare,44,-1,118
bare,44,-1,119
bare,44,-1,120
bare,44,-1,121
bare,44,0,-1
bare,44,0,121
bare,44,1,-1
bare,44,1,121
bare,44,2,-1
bare,44,2,121
bare,44,3,-1
bare,44,3,121
bare,44,4,-1
bare,44,4,121
bare,44,5,-1
bare,44,5,121
bare,44,6,-1
bare,44,6,121
bare,44,7,-1
bare,44,7,0
bare,44,7,1
bare,44,7,2
bare,44,7,3
bare,44,7,4
bare,44,7,5
bare,44,7,6
bare,44,7,7
bare,44,7,8
bare,44,7,9
bare,44,7,10
bare,44,7,11
bare,44,7,12
bare,44,7,13
bare,44,7,14
bare,44,7,15
bare,44,7,16
bare,44,7,17
bare,44,7,18
bare,44,7,19
bare,44,7,20
bare,44,7,21
bare,44,7,22
bare,44,7,23
bare,44,7,24
bare,44,7,25
bare,44,7,26
bare,44,7,27
bare,44,7,28
bare,44,7,29
bare,44,7,30
bare,44,7,31
bare,44,7,32
bare,44,7,33
bare,44,7,34
bare,44,7,35
bare,44,7,36
bare,44,7,37
bare,44,7,38
bare,44,7,39
bare,44,7,40
bare,44,7,41
bare,44,7,42
bare,44,7,43
bare,44,7,44
bare,44,7,45
bare,44,7,46
bare,44,7,47
bare,44,7,48
bare,44,7,49
bare,44,7,50
bare,44,7,51
bare,44,7,52
bare,44,7,53
bare,44,7,54
bare,44,7,55
bare,44,7,56
redstone,44,7,57
bare,44,7,58
bare,44,7,59
bare,44,7,60
bare,44,7,61
bare,44,7,62
bare,44,7,63
bare,44,7,64
bare,44,7,65
bare,44,7,66
bare,44,7,67
bare,44,7,68
bare,44,7,69
bare,44,7,70
bare,44,7,71
bare,44,7,72
bare,44,7,73
bare,44,7,74
bare,44,7,75
bare,44,7,76
bare,44,7,77
bare,44,7,78
bare,44,7,79
bare,44,7,80
bare,44,7,81
bare,44,7,82
bare,44,7,83
bare,44,7,84
bare,44,7,85
bare,44,7,86
bare,44,7,87
bare,44,7,88
bare,44,7,89
bare,44,7,90
bare,44,7,91
bare,44,7,92
bare,44,7,93
bare,44,7,94
bare,44,7,95
bare,44,7,96
bare,44,7,97
gravel,44,7,98
gravel,44,7,99
gravel,44,7,100
bare,44,7,101
bare,44,7,102
bare,44,7,103
bare,44,7,104
bare,44,7,105
bare,44,7,106
bare,44,7,107
bare,44,7,108
gravel,44,7,109
gravel,44,7,110
gravel,44,7,111
gravel,44,7,112
bare,44,7,113
bare,44,7,114
bare,44,7,115
bare,44,7,116
bare,44,7,117
bare,44,7,118
bare,44,7,119
bare,44,7,120
bare,44,7,121
bare,45,-1,-1
bare,45,-1,0
bare,45,-1,1
bare,45,-1,2
bare,45,-1,3
bare,45,-1,4
bare,45,-1,5
bare,45,-1,6
bare,45,-1,7
bare,45,-1,8
bare,45,-1,9
bare,45,-1,10
bare,45,-1,11
bare,45,-1,12
bare,45,-1,13
bare,45,-1,14
bare,45,-1,15
bare,45,-1,16
bare,45,-1,17
bare,45,-1,18
bare,45,-1,19
bare,45,-1,20
bare,45,-1,21
bare,45,-1,22
bare,45,-1,23
bare,45,-1,24
bare,45,-1,25
bare,45,-1,26
bare,45,-1,27
bare,45,-1,28
bare,45,-1,29
bare,45,-1,30
bare,45,-1,31
bare,45,-1,32
bare,45,-1,33
bare,45,-1,34
bare,45,-1,35
bare,45,-1,36
bare,45,-1,37
bare,45,-1,38
bare,45,-1,39
bare,45,-1,40
bare,45,-1,41
bare,45,-1,42
bare,45,-1,43
bare,45,-1,44
bare,45,-1,45
bare,45,-1,46
bare,45,-1,47
bare,45,-1,48
bare,45,-1,49
bare,45,-1,50
bare,45,-1,51
bare,45,-1,52
bare,45,-1,53
bare,45,-1,54
bare,45,-1,55
bare,45,-1,56
bare,45,-1,57
bare,45,-1,58
bare,45,-1,59
bare,45,-1,60
bare,45,-1,61
bare,45,-1,62
bare,45,-1,63
bare,45,-1,64
bare,45,-1,65
bare,45,-1,66
bare,45,-1,67
bare,45,-1,68
bare,45,-1,69
bare,45,-1,70
bare,45,-1,71
tuff,45,-1,72
tuff,45,-1,73
bare,45,-1,74
tuff,45,-1,75
tuff,45,-1,76
bare,45,-1,77
bare,45,-1,78
bare,45,-1,79
bare,45,-1,80
bare,45,-1,81
bare,45,-1,82
bare,45,-1,83
bare,45,-1,84
bare,45,-1,85
bare,45,-1,86
bare,45,-1,87
bare,45,-1,88
bare,45,-1,89
bare,45,-1,90
bare,45,-1,91
bare,45,-1,92
bare,45,-1,93
lapis,45,-1,94
lapis,45,-1,95
bare,45,-1,96
bare,45,-1,97
bare,45,-1,98
bare,45,-1,99
bare,45,-1,100
tuff,45,-1,101
tuff,45,-1,102
tuff,45,-1,103
bare,45,-1,104
bare,45,-1,105
bare,45,-1,106
bare,45,-1,107
bare,45,-1,108
bare,45,-1,109
bare,45,-1,110
bare,45,-1,111
bare,45,-1,112
bare,45,-1,113
bare,45,-1,114
bare,45,-1,115
bare,45,-1,116
bare,45,-1,117
bare,45,-1,118
bare,45,-1,119
bare,45,-1,120
bare,45,-1,121
bare,45,0,-1
bare,45,0,121
bare,45,1,-1
bare,45,1,121
bare,45,2,-1
bare,45,2,121
bare,45,3,-1
bare,45,3,121
bare,45,4,-1
bare,45,4,121
bare,45,5,-1
bare,45,5,121
bare,45,6,-1
bare,45,6,121
bare,45,7,-1
bare,45,7,0
bare,45,7,1
bare,45,7,2
bare,45,7,3
bare,45,7,4
bare,45,7,5
bare,45,7,6
bare,45,7,7
bare,45,7,8
bare,45,7,9
bare,45,7,10
bare,45,7,11
bare,45,7,12
bare,45,7,13
bare,45,7,14
bare,45,7,15
bare,45,7,16
bare,45,7,17
bare,45,7,18
bare,45,7,19
bare,45,7,20
bare,45,7,21
bare,45,7,22
bare,45,7,23
bare,45,7,24
bare,45,7,25
bare,45,7,26
bare,45,7,27
bare,45,7,28
bare,45,7,29
bare,45,7,30
bare,45,7,31
bare,45,7,32
bare,45,7,33
bare,45,7,34
bare,45,7,35
bare,45,7,36
bare,45,7,37
bare,45,7,38
bare,45,7,39
bare,45,7,40
bare,45,7,41
bare,45,7,42
bare,45,7,43
bare,45,7,44
bare,45,7,45
bare,45,7,46
bare,45,7,47
bare,45,7,48
bare,45,7,49
bare,45,7,50
bare,45,7,51
bare,45,7,52
bare,45,7,53
bare,45,7,54
bare,45,7,55
bare,45,7,56
bare,45,7,57
bare,45,7,58
bare,45,7,59
bare,45,7,60
bare,45,7,61
bare,45,7,62
bare,45,7,63
bare,45,7,64
bare,45,7,65
bare,45,7,66
bare,45,7,67
bare,45,7,68
bare,45,7,69
bare,45,7,70
bare,45,7,71
bare,45,7,72
bare,45,7,73
bare,45,7,74
bare,45,7,75
bare,45,7,76
bare,45,7,77
bare,45,7,78
bare,45,7,79
bare,45,7,80
bare,45,7,81
bare,45,7,82
bare,45,7,83
bare,45,7,84
bare,45,7,85
bare,45,7,86
bare,45,7,87
bare,45,7,88
bare,45,7,89
bare,45,7,90
bare,45,7,91
bare,45,7,92
bare,45,7,93
bare,45,7,94
bare,45,7,95
bare,45,7,96
bare,45,7,97
gravel,45,7,98
gravel,45,7,99
gravel,45,7,100
bare,45,7,101
bare,45,7,102
bare,45,7,103
bare,45,7,104
bare,45,7,105
bare,45,7,106
bare,45,7,107
bare,45,7,108
gravel,45,7,109
gravel,45,7,110
gravel,45,7,111
gravel,45,7,112
bare,45,7,113
bare,45,7,114
bare,45,7,115
bare,45,7,116
bare,45,7,117
bare,45,7,118
bare,45,7,119
bare,45,7,120
bare,45,7,121
bare,46,-1,-1
bare,46,-1,0
bare,46,-1,1
bare,46,-1,2
bare,46,-1,3
bare,46,-1,4
bare,46,-1,5
bare,46,-1,6
bare,46,-1,7
bare,46,-1,8
bare,46,-1,9
bare,46,-1,10
bare,46,-1,11
bare,46,-1,12
bare,46,-1,13
bare,46,-1,14
bare,46,-1,15
bare,46,-1,16
bare,46,-1,17
bare,46,-1,18
bare,46,-1,19
bare,46,-1,20
bare,46,-1,21
bare,46,-1,22
bare,46,-1,23
bare,46,-1,24
bare,46,-1,25
bare,46,-1,26
bare,46,-1,27
bare,46,-1,28
bare,46,-1,29
bare,46,-1,30
bare,46,-1,31
bare,46,-1,32
bare,46,-1,33
bare,46,-1,34
bare,46,-1,35
bare,46,-1,36
bare,46,-1,37
bare,46,-1,38
bare,46,-1,39
bare,46,-1,40
bare,46,-1,41
bare,46,-1,42
bare,46,-1,43
bare,46,-1,44
bare,46,-1,45
bare,46,-1,46
bare,46,-1,47
bare,46,-1,48
bare,46,-1,49
bare,46,-1,50
bare,46,-1,51
bare,46,-1,52
bare,46,-1,53
bare,46,-1,54
bare,46,-1,55
bare,46,-1,56
bare,46,-1,57
bare,46,-1,58
bare,46,-1,59
bare,46,-1,60
bare,46,-1,61
bare,46,-1,62
bare,46,-1,63
bare,46,-1,64
bare,46,-1,65
bare,46,-1,66
bare,46,-1,67
bare,46,-1,68
bare,46,-1,69
bare,46,-1,70
bare,46,-1,71
bare,46,-1,72
bare,46,-1,73
bare,46,-1,74
bare,46,-1,75
bare,46,-1,76
bare,46,-1,77
bare,46,-1,78
bare,46,-1,79
bare,46,-1,80
bare,46,-1,81
bare,46,-1,82
bare,46,-1,83
bare,46,-1,84
bare,46,-1,85
bare,46,-1,86
bare,46,-1,87
bare,46,-1,88
bare,46,-1,89
bare,46,-1,90
bare,46,-1,91
bare,46,-1,92
bare,46,-1,93
bare,46,-1,94
bare,46,-1,95
bare,46,-1,96
bare,46,-1,97
bare,46,-1,98
bare,46,-1,99
bare,46,-1,100
bare,46,-1,101
bare,46,-1,102
bare,46,-1,103
bare,46,-1,104
bare,46,-1,105
bare,46,-1,106
bare,46,-1,107
bare,46,-1,108
bare,46,-1,109
bare,46,-1,110
bare,46,-1,111
bare,46,-1,112
bare,46,-1,113
bare,46,-1,114
bare,46,-1,115
bare,46,-1,116
bare,46,-1,117
bare,46,-1,118
bare,46,-1,119
bare,46,-1,120
bare,46,-1,121
bare,46,0,-1
bare,46,0,121
bare,46,1,-1
bare,46,1,121
bare,46,2,-1
bare,46,2,121
bare,46,3,-1
bare,46,3,121
bare,46,4,-1
bare,46,4,121
bare,46,5,-1
bare,46,5,121
bare,46,6,-1
bare,46,6,121
bare,46,7,-1
bare,46,7,0
bare,46,7,1
bare,46,7,2
bare,46,7,3
bare,46,7,4
bare,46,7,5
bare,46,7,6
bare,46,7,7
bare,46,7,8
bare,46,7,9
bare,46,7,10
bare,46,7,11
bare,46,7,12
bare,46,7,13
bare,46,7,14
bare,46,7,15
bare,46,7,16
bare,46,7,17
bare,46,7,18
bare,46,7,19
bare,46,7,20
bare,46,7,21
bare,46,7,22
bare,46,7,23
bare,46,7,24
bare,46,7,25
bare,46,7,26
bare,46,7,27
bare,46,7,28
tuff,46,7,29
bare,46,7,30
bare,46,7,31
bare,46,7,32
bare,46,7,33
bare,46,7,34
bare,46,7,35
bare,46,7,36
bare,46,7,37
bare,46,7,38
bare,46,7,39
bare,46,7,40
bare,46,7,41
bare,46,7,42
bare,46,7,43
bare,46,7,44
bare,46,7,45
bare,46,7,46
bare,46,7,47
bare,46,7,48
bare,46,7,49
bare,46,7,50
bare,46,7,51
bare,46,7,52
bare,46,7,53
bare,46,7,54
bare,46,7,55
bare,46,7,56
bare,46,7,57
bare,46,7,58
bare,46,7,59
bare,46,7,60
bare,46,7,61
bare,46,7,62
bare,46,7,63
bare,46,7,64
bare,46,7,65
bare,46,7,66
bare,46,7,67
bare,46,7,68
bare,46,7,69
bare,46,7,70
bare,46,7,71
bare,46,7,72
bare,46,7,73
bare,46,7,74
bare,46,7,75
bare,46,7,76
bare,46,7,77
bare,46,7,78
bare,46,7,79
bare,46,7,80
bare,46,7,81
bare,46,7,82
bare,46,7,83
bare,46,7,84
bare,46,7,85
bare,46,7,86
bare,46,7,87
bare,46,7,88
bare,46,7,89
bare,46,7,90
bare,46,7,91
bare,46,7,92
bare,46,7,93
bare,46,7,94
bare,46,7,95
bare,46,7,96
bare,46,7,97
gravel,46,7,98
gravel,46,7,99
gravel,46,7,100
bare,46,7,101
bare,46,7,102
bare,46,7,103
bare,46,7,104
bare,46,7,105
redstone,46,7,106
redstone,46,7,107
bare,46,7,108
bare,46,7,109
gravel,46,7,110
gravel,46,7,111
gravel,46,7,112
bare,46,7,113
bare,46,7,114
bare,46,7,115
bare,46,7,116
bare,46,7,117
bare,46,7,118
bare,46,7,119
bare,46,7,120
bare,46,7,121
bare,47,-1,-1
bare,47,-1,0
bare,47,-1,1
bare,47,-1,2
bare,47,-1,3
bare,47,-1,4
bare,47,-1,5
bare,47,-1,6
bare,47,-1,7
bare,47,-1,8
bare,47,-1,9
bare,47,-1,10
bare,47,-1,11
bare,47,-1,12
bare,47,-1,13
bare,47,-1,14
bare,47,-1,15
bare,47,-1,16
bare,47,-1,17
bare,47,-1,18
bare,47,-1,19
bare,47,-1,20
bare,47,-1,21
bare,47,-1,22
bare,47,-1,23
bare,47,-1,24
bare,47,-1,25
bare,47,-1,26
bare,47,-1,27
bare,47,-1,28
bare,47,-1,29
bare,47,-1,30
bare,47,-1,31
bare,47,-1,32
bare,47,-1,33
bare,47,-1,34
bare,47,-1,35
bare,47,-1,36
bare,47,-1,37
bare,47,-1,38
bare,47,-1,39
bare,47,-1,40
bare,47,-1,41
bare,47,-1,42
bare,47,-1,43
bare,47,-1,44
bare,47,-1,45
bare,47,-1,46
bare,47,-1,47
bare,47,-1,48
bare,47,-1,49
bare,47,-1,50
bare,47,-1,51
bare,47,-1,52
bare,47,-1,53
bare,47,-1,54
bare,47,-1,55
bare,47,-1,56
bare,47,-1,57
bare,47,-1,58
bare,47,-1,59
bare,47,-1,60
bare,47,-1,61
bare,47,-1,62
bare,47,-1,63
bare,47,-1,64
bare,47,-1,65
bare,47,-1,66
bare,47,-1,67
bare,47,-1,68
bare,47,-1,69
bare,47,-1,70
bare,47,-1,71
bare,47,-1,72
bare,47,-1,73
bare,47,-1,74
bare,47,-1,75
bare,47,-1,76
bare,47,-1,77
bare,47,-1,78
bare,47,-1,79
gravel,47,-1,80
gravel,47,-1,81
gravel,47,-1,82
bare,47,-1,83
bare,47,-1,84
bare,47,-1,85
bare,47,-1,86
bare,47,-1,87
bare,47,-1,88
bare,47,-1,89
bare,47,-1,90
bare,47,-1,91
bare,47,-1,92
bare,47,-1,93
bare,47,-1,94
bare,47,-1,95
bare,47,-1,96
bare,47,-1,97
bare,47,-1,98
bare,47,-1,99
bare,47,-1,100
bare,47,-1,101
bare,47,-1,102
bare,47,-1,103
bare,47,-1,104
bare,47,-1,105
bare,47,-1,106
bare,47,-1,107
bare,47,-1,108
bare,47,-1,109
bare,47,-1,110
bare,47,-1,111
bare,47,-1,112
bare,47,-1,113
bare,47,-1,114
bare,47,-1,115
bare,47,-1,116
bare,47,-1,117
bare,47,-1,118
bare,47,-1,119
bare,47,-1,120
bare,47,-1,121
bare,47,0,-1
bare,47,0,121
bare,47,1,-1
bare,47,1,121
bare,47,2,-1
bare,47,2,121
bare,47,3,-1
bare,47,3,121
bare,47,4,-1
bare,47,4,121
bare,47,5,-1
bare,47,5,121
bare,47,6,-1
bare,47,6,121
bare,47,7,-1
bare,47,7,0
bare,47,7,1
bare,47,7,2
bare,47,7,3
bare,47,7,4
bare,47,7,5
bare,47,7,6
bare,47,7,7
bare,47,7,8
bare,47,7,9
bare,47,7,10
bare,47,7,11
bare,47,7,12
bare,47,7,13
bare,47,7,14
bare,47,7,15
bare,47,7,16
bare,47,7,17
bare,47,7,18
bare,47,7,19
bare,47,7,20
bare,47,7,21
bare,47,7,22
bare,47,7,23
bare,47,7,24
bare,47,7,25
bare,47,7,26
tuff,47,7,27
tuff,47,7,28
tuff,47,7,29
bare,47,7,30
bare,47,7,31
bare,47,7,32
bare,47,7,33
bare,47,7,34
bare,47,7,35
bare,47,7,36
bare,47,7,37
bare,47,7,38
bare,47,7,39
bare,47,7,40
bare,47,7,41
bare,47,7,42
bare,47,7,43
bare,47,7,44
bare,47,7,45
bare,47,7,46
bare,47,7,47
bare,47,7,48
bare,47,7,49
bare,47,7,50
bare,47,7,51
bare,47,7,52
bare,47,7,53
bare,47,7,54
bare,47,7,55
bare,47,7,56
bare,47,7,57
bare,47,7,58
bare,47,7,59
bare,47,7,60
bare,47,7,61
bare,47,7,62
bare,47,7,63
bare,47,7,64
bare,47,7,65
bare,47,7,66
bare,47,7,67
bare,47,7,68
bare,47,7,69
bare,47,7,70
bare,47,7,71
bare,47,7,72
bare,47,7,73
bare,47,7,74
bare,47,7,75
bare,47,7,76
bare,47,7,77
bare,47,7,78
bare,47,7,79
bare,47,7,80
bare,47,7,81
bare,47,7,82
bare,47,7,83
bare,47,7,84
bare,47,7,85
bare,47,7,86
bare,47,7,87
bare,47,7,88
bare,47,7,89
bare,47,7,90
bare,47,7,91
bare,47,7,92
bare,47,7,93
bare,47,7,94
bare,47,7,95
bare,47,7,96
bare,47,7,97
gravel,47,7,98
gravel,47,7,99
gravel,47,7,100
bare,47,7,101
bare,47,7,102
bare,47,7,103
bare,47,7,104
bare,47,7,105
redstone,47,7,106
redstone,47,7,107
bare,47,7,108
bare,47,7,109
gravel,47,7,110
gravel,47,7,111
gravel,47,7,112
bare,47,7,113
bare,47,7,114
bare,47,7,115
bare,47,7,116
bare,47,7,117
bare,47,7,118
bare,47,7,119
bare,47,7,120
bare,47,7,121
bare,48,-1,-1
bare,48,-1,0
bare,48,-1,1
bare,48,-1,2
bare,48,-1,3
bare,48,-1,4
bare,48,-1,5
bare,48,-1,6
bare,48,-1,7
bare,48,-1,8
bare,48,-1,9
bare,48,-1,10
bare,48,-1,11
bare,48,-1,12
bare,48,-1,13
bare,48,-1,14
bare,48,-1,15
bare,48,-1,16
bare,48,-1,17
bare,48,-1,18
bare,48,-1,19
bare,48,-1,20
bare,48,-1,21
bare,48,-1,22
bare,48,-1,23
bare,48,-1,24
bare,48,-1,25
bare,48,-1,26
bare,48,-1,27
bare,48,-1,28
bare,48,-1,29
bare,48,-1,30
bare,48,-1,31
bare,48,-1,32
bare,48,-1,33
bare,48,-1,34
bare,48,-1,35
bare,48,-1,36
bare,48,-1,37
bare,48,-1,38
bare,48,-1,39
bare,48,-1,40
bare,48,-1,41
bare,48,-1,42
bare,48,-1,43
bare,48,-1,44
bare,48,-1,45
bare,48,-1,46
bare,48,-1,47
bare,48,-1,48
bare,48,-1,49
bare,48,-1,50
bare,48,-1,51
bare,48,-1,52
bare,48,-1,53
bare,48,-1,54
bare,48,-1,55
bare,48,-1,56
bare,48,-1,57
bare,48,-1,58
bare,48,-1,59
bare,48,-1,60
bare,48,-1,61
bare,48,-1,62
bare,48,-1,63
bare,48,-1,64
bare,48,-1,65
bare,48,-1,66
bare,48,-1,67
bare,48,-1,68
bare,48,-1,69
bare,48,-1,70
bare,48,-1,71
bare,48,-1,72
bare,48,-1,73
bare,48,-1,74
bare,48,-1,75
bare,48,-1,76
bare,48,-1,77
bare,48,-1,78
bare,48,-1,79
bare,48,-1,80
gravel,48,-1,81
gravel,48,-1,82
gravel,48,-1,83
bare,48,-1,84
bare,48,-1,85
bare,48,-1,86
bare,48,-1,87
bare,48,-1,88
bare,48,-1,89
bare,48,-1,90
bare,48,-1,91
bare,48,-1,92
bare,48,-1,93
bare,48,-1,94
bare,48,-1,95
bare,48,-1,96
bare,48,-1,97
bare,48,-1,98
bare,48,-1,99
bare,48,-1,100
bare,48,-1,101
bare,48,-1,102
bare,48,-1,103
bare,48,-1,104
bare,48,-1,105
bare,48,-1,106
bare,48,-1,107
bare,48,-1,108
bare,48,-1,109
bare,48,-1,110
bare,48,-1,111
bare,48,-1,112
bare,48,-1,113
bare,48,-1,114
bare,48,-1,115
bare,48,-1,116
bare,48,-1,117
bare,48,-1,118
bare,48,-1,119
bare,48,-1,120
bare,48,-1,121
bare,48,0,-1
bare,48,0,121
bare,48,1,-1
bare,48,1,121
bare,48,2,-1
bare,48,2,121
bare,48,3,-1
bare,48,3,121
bare,48,4,-1
bare,48,4,121
bare,48,5,-1
bare,48,5,121
bare,48,6,-1
bare,48,6,121
bare,48,7,-1
bare,48,7,0
bare,48,7,1
bare,48,7,2
bare,48,7,3
bare,48,7,4
bare,48,7,5
bare,48,7,6
bare,48,7,7
bare,48,7,8
bare,48,7,9
bare,48,7,10
bare,48,7,11
bare,48,7,12
bare,48,7,13
bare,48,7,14
bare,48,7,15
bare,48,7,16
bare,48,7,17
bare,48,7,18
bare,48,7,19
bare,48,7,20
bare,48,7,21
bare,48,7,22
bare,48,7,23
bare,48,7,24
bare,48,7,25
bare,48,7,26
tuff,48,7,27
tuff,48,7,28
tuff,48,7,29
tuff,48,7,30
bare,48,7,31
bare,48,7,32
bare,48,7,33
bare,48,7,34
bare,48,7,35
bare,48,7,36
bare,48,7,37
bare,48,7,38
bare,48,7,39
bare,48,7,40
bare,48,7,41
bare,48,7,42
bare,48,7,43
bare,48,7,44
bare,48,7,45
bare,48,7,46
bare,48,7,47
bare,48,7,48
bare,48,7,49
bare,48,7,50
bare,48,7,51
bare,48,7,52
bare,48,7,53
bare,48,7,54
bare,48,7,55
bare,48,7,56
bare,48,7,57
bare,48,7,58
bare,48,7,59
bare,48,7,60
bare,48,7,61
bare,48,7,62
bare,48,7,63
bare,48,7,64
bare,48,7,65
bare,48,7,66
bare,48,7,67
bare,48,7,68
bare,48,7,69
bare,48,7,70
bare,48,7,71
bare,48,7,72
bare,48,7,73
bare,48,7,74
bare,48,7,75
bare,48,7,76
bare,48,7,77
bare,48,7,78
bare,48,7,79
bare,48,7,80
bare,48,7,81
bare,48,7,82
bare,48,7,83
bare,48,7,84
bare,48,7,85
bare,48,7,86
bare,48,7,87
bare,48,7,88
bare,48,7,89
bare,48,7,90
bare,48,7,91
bare,48,7,92
bare,48,7,93
bare,48,7,94
bare,48,7,95
bare,48,7,96
bare,48,7,97
gravel,48,7,98
gravel,48,7,99
bare,48,7,100
bare,48,7,101
bare,48,7,102
bare,48,7,103
bare,48,7,104
bare,48,7,105
bare,48,7,106
bare,48,7,107
bare,48,7,108
bare,48,7,109
bare,48,7,110
bare,48,7,111
bare,48,7,112
bare,48,7,113
bare,48,7,114
bare,48,7,115
bare,48,7,116
bare,48,7,117
bare,48,7,118
bare,48,7,119
bare,48,7,120
bare,48,7,121
bare,49,-1,-1
bare,49,-1,0
bare,49,-1,1
bare,49,-1,2
bare,49,-1,3
bare,49,-1,4
bare,49,-1,5
bare,49,-1,6
bare,49,-1,7
bare,49,-1,8
bare,49,-1,9
bare,49,-1,10
bare,49,-1,11
bare,49,-1,12
bare,49,-1,13
bare,49,-1,14
bare,49,-1,15
bare,49,-1,16
bare,49,-1,17
bare,49,-1,18
bare,49,-1,19
bare,49,-1,20
bare,49,-1,21
bare,49,-1,22
bare,49,-1,23
bare,49,-1,24
bare,49,-1,25
bare,49,-1,26
bare,49,-1,27
bare,49,-1,28
bare,49,-1,29
bare,49,-1,30
bare,49,-1,31
bare,49,-1,32
bare,49,-1,33
bare,49,-1,34
bare,49,-1,35
bare,49,-1,36
bare,49,-1,37
bare,49,-1,38
bare,49,-1,39
bare,49,-1,40
bare,49,-1,41
bare,49,-1,42
bare,49,-1,43
bare,49,-1,44
bare,49,-1,45
bare,49,-1,46
bare,49,-1,47
lapis,49,-1,48
lapis,49,-1,49
bare,49,-1,50
bare,49,-1,51
bare,49,-1,52
bare,49,-1,53
bare,49,-1,54
bare,49,-1,55
bare,49,-1,56
bare,49,-1,57
bare,49,-1,58
bare,49,-1,59
bare,49,-1,60
bare,49,-1,61
bare,49,-1,62
bare,49,-1,63
bare,49,-1,64
bare,49,-1,65
bare,49,-1,66
bare,49,-1,67
bare,49,-1,68
bare,49,-1,69
bare,49,-1,70
bare,49,-1,71
bare,49,-1,72
bare,49,-1,73
bare,49,-1,74
bare,49,-1,75
bare,49,-1,76
bare,49,-1,77
bare,49,-1,78
bare,49,-1,79
bare,49,-1,80
bare,49,-1,81
bare,49,-1,82
gravel,49,-1,83
gravel,49,-1,84
bare,49,-1,85
bare,49,-1,86
bare,49,-1,87
bare,49,-1,88
bare,49,-1,89
bare,49,-1,90
bare,49,-1,91
bare,49,-1,92
bare,49,-1,93
bare,49,-1,94
bare,49,-1,95
bare,49,-1,96
bare,49,-1,97
bare,49,-1,98
bare,49,-1,99
bare,49,-1,100
bare,49,-1,101
bare,49,-1,102
bare,49,-1,103
bare,49,-1,104
bare,49,-1,105
bare,49,-1,106
bare,49,-1,107
bare,49,-1,108
bare,49,-1,109
bare,49,-1,110
bare,49,-1,111
bare,49,-1,112
bare,49,-1,113
bare,49,-1,114
bare,49,-1,115
bare,49,-1,116
bare,49,-1,117
bare,49,-1,118
bare,49,-1,119
bare,49,-1,120
bare,49,-1,121
bare,49,0,-1
bare,49,0,121
bare,49,1,-1
bare,49,1,121
bare,49,2,-1
bare,49,2,121
bare,49,3,-1
bare,49,3,121
bare,49,4,-1
bare,49,4,121
bare,49,5,-1
bare,49,5,121
bare,49,6,-1
bare,49,6,121
bare,49,7,-1
bare,49,7,0
bare,49,7,1
bare,49,7,2
bare,49,7,3
bare,49,7,4
bare,49,7,5
bare,49,7,6
bare,49,7,7
bare,49,7,8
bare,49,7,9
bare,49,7,10
bare,49,7,11
bare,49,7,12
bare,49,7,13
bare,49,7,14
bare,49,7,15
bare,49,7,16
bare,49,7,17
bare,49,7,18
bare,49,7,19
bare,49,7,20
bare,49,7,21
bare,49,7,22
bare,49,7,23
bare,49,7,24
bare,49,7,25
bare,49,7,26
tuff,49,7,27
tuff,49,7,28
tuff,49,7,29
tuff,49,7,30
bare,49,7,31
bare,49,7,32
bare,49,7,33
bare,49,7,34
bare,49,7,35
bare,49,7,36
bare,49,7,37
bare,49,7,38
bare,49,7,39
bare,49,7,40
bare,49,7,41
bare,49,7,42
bare,49,7,43
bare,49,7,44
bare,49,7,45
bare,49,7,46
bare,49,7,47
bare,49,7,48
bare,49,7,49
bare,49,7,50
bare,49,7,51
bare,49,7,52
bare,49,7,53
bare,49,7,54
bare,49,7,55
bare,49,7,56
bare,49,7,57
bare,49,7,58
bare,49,7,59
bare,49,7,60
bare,49,7,61
bare,49,7,62
bare,49,7,63
bare,49,7,64
bare,49,7,65
bare,49,7,66
bare,49,7,67
bare,49,7,68
bare,49,7,69
bare,49,7,70
bare,49,7,71
bare,49,7,72
bare,49,7,73
bare,49,7,74
bare,49,7,75
bare,49,7,76
bare,49,7,77
bare,49,7,78
bare,49,7,79
bare,49,7,80
bare,49,7,81
bare,49,7,82
bare,49,7,83
bare,49,7,84
bare,49,7,85
bare,49,7,86
bare,49,7,87
bare,49,7,88
bare,49,7,89
bare,49,7,90
bare,49,7,91
bare,49,7,92
bare,49,7,93
bare,49,7,94
bare,49,7,95
bare,49,7,96
bare,49,7,97
gravel,49,7,98
gravel,49,7,99
bare,49,7,100
bare,49,7,101
bare,49,7,102
bare,49,7,103
bare,49,7,104
bare,49,7,105
bare,49,7,106
bare,49,7,107
bare,49,7,108
bare,49,7,109
bare,49,7,110
bare,49,7,111
bare,49,7,112
bare,49,7,113
bare,49,7,114
bare,49,7,115
bare,49,7,116
bare,49,7,117
bare,49,7,118
bare,49,7,119
bare,49,7,120
bare,49,7,121
bare,50,-1,-1
bare,50,-1,0
bare,50,-1,1
bare,50,-1,2
bare,50,-1,3
bare,50,-1,4
bare,50,-1,5
bare,50,-1,6
bare,50,-1,7
bare,50,-1,8
bare,50,-1,9
bare,50,-1,10
bare,50,-1,11
bare,50,-1,12
bare,50,-1,13
bare,50,-1,14
bare,50,-1,15
bare,50,-1,16
bare,50,-1,17
bare,50,-1,18
bare,50,-1,19
bare,50,-1,20
bare,50,-1,21
bare,50,-1,22
bare,50,-1,23
bare,50,-1,24
bare,50,-1,25
bare,50,-1,26
bare,50,-1,27
bare,50,-1,28
bare,50,-1,29
bare,50,-1,30
bare,50,-1,31
bare,50,-1,32
bare,50,-1,33
bare,50,-1,34
bare,50,-1,35
bare,50,-1,36
bare,50,-1,37
bare,50,-1,38
bare,50,-1,39
bare,50,-1,40
bare,50,-1,41
bare,50,-1,42
bare,50,-1,43
bare,50,-1,44
bare,50,-1,45
bare,50,-1,46
bare,50,-1,47
lapis,50,-1,48
lapis,50,-1,49
bare,50,-1,50
bare,50,-1,51
bare,50,-1,52
bare,50,-1,53
bare,50,-1,54
bare,50,-1,55
bare,50,-1,56
bare,50,-1,57
bare,50,-1,58
bare,50,-1,59
bare,50,-1,60
bare,50,-1,61
bare,50,-1,62
bare,50,-1,63
bare,50,-1,64
bare,50,-1,65
bare,50,-1,66
bare,50,-1,67
bare,50,-1,68
bare,50,-1,69
bare,50,-1,70
bare,50,-1,71
bare,50,-1,72
bare,50,-1,73
bare,50,-1,74
bare,50,-1,75
bare,50,-1,76
bare,50,-1,77
bare,50,-1,78
bare,50,-1,79
bare,50,-1,80
bare,50,-1,81
bare,50,-1,82
gravel,50,-1,83
bare,50,-1,84
bare,50,-1,85
bare,50,-1,86
bare,50,-1,87
bare,50,-1,88
bare,50,-1,89
bare,50,-1,90
bare,50,-1,91
bare,50,-1,92
bare,50,-1,93
bare,50,-1,94
bare,50,-1,95
bare,50,-1,96
bare,50,-1,97
bare,50,-1,98
bare,50,-1,99
bare,50,-1,100
bare,50,-1,101
bare,50,-1,102
bare,50,-1,103
bare,50,-1,104
bare,50,-1,105
bare,50,-1,106
bare,50,-1,107
bare,50,-1,108
bare,50,-1,109
bare,50,-1,110
bare,50,-1,111
bare,50,-1,112
bare,50,-1,113
bare,50,-1,114
bare,50,-1,115
bare,50,-1,116
bare,50,-1,117
bare,50,-1,118
bare,50,-1,119
bare,50,-1,120
bare,50,-1,121
bare,50,0,-1
bare,50,0,121
bare,50,1,-1
bare,50,1,121
bare,50,2,-1
bare,50,2,121
bare,50,3,-1
bare,50,3,121
bare,50,4,-1
bare,50,4,121
bare,50,5,-1
bare,50,5,121
bare,50,6,-1
bare,50,6,121
bare,50,7,-1
bare,50,7,0
bare,50,7,1
bare,50,7,2
bare,50,7,3
bare,50,7,4
bare,50,7,5
bare,50,7,6
bare,50,7,7
bare,50,7,8
bare,50,7,9
bare,50,7,10
bare,50,7,11
bare,50,7,12
bare,50,7,13
bare,50,7,14
bare,50,7,15
bare,50,7,16
bare,50,7,17
bare,50,7,18
bare,50,7,19
bare,50,7,20
bare,50,7,21
bare,50,7,22
bare,50,7,23
bare,50,7,24
bare,50,7,25
bare,50,7,26
tuff,50,7,27
tuff,50,7,28
tuff,50,7,29
bare,50,7,30
bare,50,7,31
bare,50,7,32
bare,50,7,33
bare,50,7,34
bare,50,7,35
bare,50,7,36
bare,50,7,37
bare,50,7,38
bare,50,7,39
bare,50,7,40
bare,50,7,41
bare,50,7,42
bare,50,7,43
bare,50,7,44
bare,50,7,45
bare,50,7,46
bare,50,7,47
bare,50,7,48
bare,50,7,49
bare,50,7,50
bare,50,7,51
bare,50,7,52
bare,50,7,53
bare,50,7,54
bare,50,7,55
bare,50,7,56
bare,50,7,57
bare,50,7,58
bare,50,7,59
bare,50,7,60
bare,50,7,61
bare,50,7,62
bare,50,7,63
bare,50,7,64
bare,50,7,65
bare,50,7,66
bare,50,7,67
bare,50,7,68
bare,50,7,69
bare,50,7,70
bare,50,7,71
bare,50,7,72
bare,50,7,73
bare,50,7,74
bare,50,7,75
bare,50,7,76
bare,50,7,77
bare,50,7,78
bare,50,7,79
bare,50,7,80
bare,50,7,81
bare,50,7,82
bare,50,7,83
bare,50,7,84
bare,50,7,85
bare,50,7,86
bare,50,7,87
bare,50,7,88
bare,50,7,89
bare,50,7,90
bare,50,7,91
bare,50,7,92
bare,50,7,93
bare,50,7,94
bare,50,7,95
bare,50,7,96
bare,50,7,97
gravel,50,7,98
bare,50,7,99
bare,50,7,100
bare,50,7,101
bare,50,7,102
bare,50,7,103
bare,50,7,104
bare,50,7,105
bare,50,7,106
bare,50,7,107
bare,50,7,108
bare,50,7,109
bare,50,7,110
bare,50,7,111
bare,50,7,112
bare,50,7,113
bare,50,7,114
bare,50,7,115
bare,50,7,116
bare,50,7,117
bare,50,7,118
bare,50,7,119
bare,50,7,120
bare,50,7,121
bare,51,-1,-1
bare,51,-1,0
bare,51,-1,1
bare,51,-1,2
bare,51,-1,3
bare,51,-1,4
bare,51,-1,5
bare,51,-1,6
bare,51,-1,7
bare,51,-1,8
bare,51,-1,9
bare,51,-1,10
bare,51,-1,11
bare,51,-1,12
bare,51,-1,13
bare,51,-1,14
bare,51,-1,15
bare,51,-1,16
bare,51,-1,17
bare,51,-1,18
bare,51,-1,19
bare,51,-1,20
bare,51,-1,21
bare,51,-1,22
bare,51,-1,23
bare,51,-1,24
bare,51,-1,25
bare,51,-1,26
bare,51,-1,27
bare,51,-1,28
bare,51,-1,29
bare,51,-1,30
bare,51,-1,31
bare,51,-1,32
bare,51,-1,33
bare,51,-1,34
bare,51,-1,35
bare,51,-1,36
bare,51,-1,37
bare,51,-1,38
bare,51,-1,39
bare,51,-1,40
bare,51,-1,41
bare,51,-1,42
bare,51,-1,43
bare,51,-1,44
bare,51,-1,45
bare,51,-1,46
bare,51,-1,47
bare,51,-1,48
bare,51,-1,49
bare,51,-1,50
bare,51,-1,51
bare,51,-1,52
bare,51,-1,53
bare,51,-1,54
bare,51,-1,55
bare,51,-1,56
bare,51,-1,57
bare,51,-1,58
bare,51,-1,59
bare,51,-1,60
bare,51,-1,61
bare,51,-1,62
bare,51,-1,63
bare,51,-1,64
bare,51,-1,65
bare,51,-1,66
bare,51,-1,67
bare,51,-1,68
bare,51,-1,69
bare,51,-1,70
bare,51,-1,71
bare,51,-1,72
bare,51,-1,73
bare,51,-1,74
bare,51,-1,75
bare,51,-1,76
bare,51,-1,77
bare,51,-1,78
bare,51,-1,79
bare,51,-1,80
bare,51,-1,81
bare,51,-1,82
bare,51,-1,83
bare,51,-1,84
bare,51,-1,85
bare,51,-1,86
bare,51,-1,87
bare,51,-1,88
bare,51,-1,89
bare,51,-1,90
bare,51,-1,91
bare,51,-1,92
bare,51,-1,93
bare,51,-1,94
bare,51,-1,95
bare,51,-1,96
bare,51,-1,97
bare,51,-1,98
bare,51,-1,99
bare,51,-1,100
bare,51,-1,101
bare,51,-1,102
tuff,51,-1,103
tuff,51,-1,104
tuff,51,-1,105
tuff,51,-1,106
bare,51,-1,107
bare,51,-1,108
bare,51,-1,109
bare,51,-1,110
bare,51,-1,111
bare,51,-1,112
bare,51,-1,113
bare,51,-1,114
bare,51,-1,115
bare,51,-1,116
bare,51,-1,117
bare,51,-1,118
bare,51,-1,119
bare,51,-1,120
bare,51,-1,121
bare,51,0,-1
bare,51,0,121
bare,51,1,-1
bare,51,1,121
bare,51,2,-1
bare,51,2,121
bare,51,3,-1
bare,51,3,121
bare,51,4,-1
bare,51,4,121
bare,51,5,-1
bare,51,5,121
bare,51,6,-1
bare,51,6,121
bare,51,7,-1
bare,51,7,0
bare,51,7,1
bare,51,7,2
bare,51,7,3
bare,51,7,4
bare,51,7,5
bare,51,7,6
bare,51,7,7
bare,51,7,8
bare,51,7,9
bare,51,7,10
bare,51,7,11
bare,51,7,12
bare,51,7,13
bare,51,7,14
bare,51,7,15
bare,51,7,16
bare,51,7,17
bare,51,7,18
bare,51,7,19
bare,51,7,20
bare,51,7,21
bare,51,7,22
bare,51,7,23
bare,51,7,24
bare,51,7,25
tuff,51,7,26
tuff,51,7,27
tuff,51,7,28
tuff,51,7,29
bare,51,7,30
bare,51,7,31
bare,51,7,32
bare,51,7,33
bare,51,7,34
bare,51,7,35
bare,51,7,36
bare,51,7,37
bare,51,7,38
bare,51,7,39
bare,51,7,40
bare,51,7,41
bare,51,7,42
bare,51,7,43
bare,51,7,44
bare,51,7,45
bare,51,7,46
bare,51,7,47
bare,51,7,48
bare,51,7,49
bare,51,7,50
bare,51,7,51
bare,51,7,52
bare,51,7,53
bare,51,7,54
bare,51,7,55
bare,51,7,56
bare,51,7,57
bare,51,7,58
bare,51,7,59
bare,51,7,60
bare,51,7,61
bare,51,7,62
bare,51,7,63
bare,51,7,64
bare,51,7,65
bare,51,7,66
bare,51,7,67
bare,51,7,68
bare,51,7,69
bare,51,7,70
bare,51,7,71
bare,51,7,72
bare,51,7,73
bare,51,7,74
bare,51,7,75
bare,51,7,76
bare,51,7,77
bare,51,7,78
bare,51,7,79
bare,51,7,80
bare,51,7,81
bare,51,7,82
bare,51,7,83
bare,51,7,84
bare,51,7,85
bare,51,7,86
bare,51,7,87
bare,51,7,88
bare,51,7,89
bare,51,7,90
bare,51,7,91
bare,51,7,92
bare,51,7,93
bare,51,7,94
bare,51,7,95
bare,51,7,96
bare,51,7,97
bare,51,7,98
bare,51,7,99
bare,51,7,100
bare,51,7,101
bare,51,7,102
bare,51,7,103
bare,51,7,104
bare,51,7,105
bare,51,7,106
bare,51,7,107
bare,51,7,108
bare,51,7,109
bare,51,7,110
bare,51,7,111
bare,51,7,112
bare,51,7,113
bare,51,7,114
bare,51,7,115
bare,51,7,116
bare,51,7,117
bare,51,7,118
bare,51,7,119
bare,51,7,120
bare,51,7,121
bare,52,-1,-1
bare,52,-1,0
bare,52,-1,1
bare,52,-1,2
bare,52,-1,3
bare,52,-1,4
bare,52,-1,5
bare,52,-1,6
bare,52,-1,7
bare,52,-1,8
bare,52,-1,9
bare,52,-1,10
bare,52,-1,11
bare,52,-1,12
bare,52,-1,13
bare,52,-1,14
bare,52,-1,15
bare,52,-1,16
bare,52,-1,17
bare,52,-1,18
bare,52,-1,19
bare,52,-1,20
bare,52,-1,21
bare,52,-1,22
bare,52,-1,23
bare,52,-1,24
bare,52,-1,25
bare,52,-1,26
bare,52,-1,27
bare,52,-1,28
bare,52,-1,29
bare,52,-1,30
bare,52,-1,31
bare,52,-1,32
bare,52,-1,33
bare,52,-1,34
bare,52,-1,35
bare,52,-1,36
bare,52,-1,37
bare,52,-1,38
bare,52,-1,39
bare,52,-1,40
bare,52,-1,41
bare,52,-1,42
bare,52,-1,43
bare,52,-1,44
bare,52,-1,45
bare,52,-1,46
bare,52,-1,47
bare,52,-1,48
bare,52,-1,49
bare,52,-1,50
bare,52,-1,51
bare,52,-1,52
bare,52,-1,53
bare,52,-1,54
bare,52,-1,55
bare,52,-1,56
bare,52,-1,57
bare,52,-1,58
bare,52,-1,59
bare,52,-1,60
bare,52,-1,61
bare,52,-1,62
bare,52,-1,63
bare,52,-1,64
bare,52,-1,65
bare,52,-1,66
bare,52,-1,67
bare,52,-1,68
bare,52,-1,69
bare,52,-1,70
bare,52,-1,71
bare,52,-1,72
bare,52,-1,73
bare,52,-1,74
bare,52,-1,75
bare,52,-1,76
bare,52,-1,77
bare,52,-1,78
bare,52,-1,79
bare,52,-1,80
bare,52,-1,81
bare,52,-1,82
bare,52,-1,83
bare,52,-1,84
bare,52,-1,85
bare,52,-1,86
bare,52,-1,87
bare,52,-1,88
bare,52,-1,89
bare,52,-1,90
bare,52,-1,91
bare,52,-1,92
bare,52,-1,93
bare,52,-1,94
bare,52,-1,95
bare,52,-1,96
bare,52,-1,97
bare,52,-1,98
bare,52,-1,99
bare,52,-1,100
bare,52,-1,101
tuff,52,-1,102
tuff,52,-1,103
tuff,52,-1,104
tuff,52,-1,105
tuff,52,-1,106
tuff,52,-1,107
tuff,52,-1,108
bare,52,-1,109
bare,52,-1,110
bare,52,-1,111
bare,52,-1,112
bare,52,-1,113
bare,52,-1,114
bare,52,-1,115
bare,52,-1,116
bare,52,-1,117
bare,52,-1,118
bare,52,-1,119
bare,52,-1,120
bare,52,-1,121
bare,52,0,-1
bare,52,0,121
bare,52,1,-1
bare,52,1,121
bare,52,2,-1
bare,52,2,121
bare,52,3,-1
bare,52,3,121
bare,52,4,-1
bare,52,4,121
bare,52,5,-1
bare,52,5,121
bare,52,6,-1
bare,52,6,121
bare,52,7,-1
bare,52,7,0
bare,52,7,1
bare,52,7,2
bare,52,7,3
bare,52,7,4
bare,52,7,5
bare,52,7,6
bare,52,7,7
bare,52,7,8
bare,52,7,9
bare,52,7,10
bare,52,7,11
bare,52,7,12
bare,52,7,13
bare,52,7,14
bare,52,7,15
bare,52,7,16
bare,52,7,17
bare,52,7,18
bare,52,7,19
bare,52,7,20
bare,52,7,21
bare,52,7,22
bare,52,7,23
bare,52,7,24
bare,52,7,25
tuff,52,7,26
tuff,52,7,27
tuff,52,7,28
tuff,52,7,29
bare,52,7,30
bare,52,7,31
bare,52,7,32
bare,52,7,33
bare,52,7,34
bare,52,7,35
bare,52,7,36
bare,52,7,37
bare,52,7,38
bare,52,7,39
bare,52,7,40
bare,52,7,41
bare,52,7,42
bare,52,7,43
bare,52,7,44
bare,52,7,45
bare,52,7,46
bare,52,7,47
bare,52,7,48
bare,52,7,49
bare,52,7,50
bare,52,7,51
bare,52,7,52
bare,52,7,53
bare,52,7,54
bare,52,7,55
bare,52,7,56
bare,52,7,57
bare,52,7,58
bare,52,7,59
bare,52,7,60
bare,52,7,61
bare,52,7,62
bare,52,7,63
bare,52,7,64
bare,52,7,65
tuff,52,7,66
tuff,52,7,67
tuff,52,7,68
bare,52,7,69
bare,52,7,70
bare,52,7,71
bare,52,7,72
bare,52,7,73
bare,52,7,74
bare,52,7,75
bare,52,7,76
bare,52,7,77
bare,52,7,78
bare,52,7,79
bare,52,7,80
bare,52,7,81
bare,52,7,82
bare,52,7,83
bare,52,7,84
bare,52,7,85
bare,52,7,86
bare,52,7,87
bare,52,7,88
bare,52,7,89
bare,52,7,90
bare,52,7,91
bare,52,7,92
bare,52,7,93
bare,52,7,94
bare,52,7,95
bare,52,7,96
bare,52,7,97
bare,52,7,98
bare,52,7,99
bare,52,7,100
bare,52,7,101
bare,52,7,102
bare,52,7,103
bare,52,7,104
bare,52,7,105
bare,52,7,106
bare,52,7,107
bare,52,7,108
bare,52,7,109
bare,52,7,110
bare,52,7,111
bare,52,7,112
bare,52,7,113
bare,52,7,114
bare,52,7,115
bare,52,7,116
bare,52,7,117
bare,52,7,118
bare,52,7,119
bare,52,7,120
bare,52,7,121
bare,53,-1,-1
bare,53,-1,0
bare,53,-1,1
bare,53,-1,2
bare,53,-1,3
bare,53,-1,4
bare,53,-1,5
bare,53,-1,6
bare,53,-1,7
bare,53,-1,8
bare,53,-1,9
bare,53,-1,10
bare,53,-1,11
bare,53,-1,12
bare,53,-1,13
bare,53,-1,14
bare,53,-1,15
bare,53,-1,16
bare,53,-1,17
bare,53,-1,18
bare,53,-1,19
bare,53,-1,20
bare,53,-1,21
bare,53,-1,22
bare,53,-1,23
bare,53,-1,24
bare,53,-1,25
bare,53,-1,26
bare,53,-1,27
bare,53,-1,28
bare,53,-1,29
bare,53,-1,30
bare,53,-1,31
bare,53,-1,32
bare,53,-1,33
bare,53,-1,34
bare,53,-1,35
bare,53,-1,36
bare,53,-1,37
bare,53,-1,38
bare,53,-1,39
bare,53,-1,40
bare,53,-1,41
bare,53,-1,42
bare,53,-1,43
bare,53,-1,44
bare,53,-1,45
bare,53,-1,46
bare,53,-1,47
bare,53,-1,48
bare,53,-1,49
bare,53,-1,50
bare,53,-1,51
bare,53,-1,52
bare,53,-1,53
bare,53,-1,54
bare,53,-1,55
bare,53,-1,56
bare,53,-1,57
bare,53,-1,58
bare,53,-1,59
bare,53,-1,60
bare,53,-1,61
bare,53,-1,62
bare,53,-1,63
bare,53,-1,64
bare,53,-1,65
bare,53,-1,66
bare,53,-1,67
bare,53,-1,68
bare,53,-1,69
bare,53,-1,70
bare,53,-1,71
bare,53,-1,72
bare,53,-1,73
bare,53,-1,74
bare,53,-1,75
bare,53,-1,76
bare,53,-1,77
bare,53,-1,78
bare,53,-1,79
bare,53,-1,80
bare,53,-1,81
bare,53,-1,82
bare,53,-1,83
bare,53,-1,84
bare,53,-1,85
bare,53,-1,86
bare,53,-1,87
bare,53,-1,88
bare,53,-1,89
bare,53,-1,90
bare,53,-1,91
bare,53,-1,92
bare,53,-1,93
bare,53,-1,94
bare,53,-1,95
bare,53,-1,96
bare,53,-1,97
bare,53,-1,98
bare,53,-1,99
bare,53,-1,100
bare,53,-1,101
tuff,53,-1,102
tuff,53,-1,103
tuff,53,-1,104
tuff,53,-1,105
tuff,53,-1,106
tuff,53,-1,107
bare,53,-1,108
bare,53,-1,109
bare,53,-1,110
bare,53,-1,111
bare,53,-1,112
bare,53,-1,113
bare,53,-1,114
bare,53,-1,115
bare,53,-1,116
bare,53,-1,117
bare,53,-1,118
bare,53,-1,119
bare,53,-1,120
bare,53,-1,121
bare,53,0,-1
bare,53,0,121
bare,53,1,-1
bare,53,1,121
bare,53,2,-1
bare,53,2,121
bare,53,3,-1
bare,53,3,121
bare,53,4,-1
bare,53,4,121
bare,53,5,-1
bare,53,5,121
bare,53,6,-1
bare,53,6,121
bare,53,7,-1
bare,53,7,0
bare,53,7,1
bare,53,7,2
bare,53,7,3
bare,53,7,4
bare,53,7,5
bare,53,7,6
bare,53,7,7
bare,53,7,8
bare,53,7,9
bare,53,7,10
bare,53,7,11
bare,53,7,12
bare,53,7,13
bare,53,7,14
bare,53,7,15
bare,53,7,16
bare,53,7,17
bare,53,7,18
bare,53,7,19
bare,53,7,20
bare,53,7,21
bare,53,7,22
bare,53,7,23
bare,53,7,24
bare,53,7,25
bare,53,7,26
bare,53,7,27
bare,53,7,28
bare,53,7,29
bare,53,7,30
bare,53,7,31
bare,53,7,32
bare,53,7,33
bare,53,7,34
bare,53,7,35
bare,53,7,36
bare,53,7,37
bare,53,7,38
bare,53,7,39
bare,53,7,40
bare,53,7,41
bare,53,7,42
bare,53,7,43
bare,53,7,44
bare,53,7,45
bare,53,7,46
bare,53,7,47
bare,53,7,48
bare,53,7,49
bare,53,7,50
bare,53,7,51
bare,53,7,52
bare,53,7,53
bare,53,7,54
bare,53,7,55
bare,53,7,56
bare,53,7,57
bare,53,7,58
bare,53,7,59
bare,53,7,60
bare,53,7,61
bare,53,7,62
bare,53,7,63
bare,53,7,64
tuff,53,7,65
tuff,53,7,66
tuff,53,7,67
tuff,53,7,68
tuff,53,7,69
bare,53,7,70
bare,53,7,71
bare,53,7,72
bare,53,7,73
bare,53,7,74
bare,53,7,75
bare,53,7,76
bare,53,7,77
bare,53,7,78
bare,53,7,79
bare,53,7,80
bare,53,7,81
bare,53,7,82
bare,53,7,83
bare,53,7,84
bare,53,7,85
bare,53,7,86
bare,53,7,87
bare,53,7,88
bare,53,7,89
bare,53,7,90
bare,53,7,91
bare,53,7,92
bare,53,7,93
bare,53,7,94
bare,53,7,95
bare,53,7,96
bare,53,7,97
bare,53,7,98
bare,53,7,99
bare,53,7,100
bare,53,7,101
bare,53,7,102
bare,53,7,103
bare,53,7,104
bare,53,7,105
bare,53,7,106
bare,53,7,107
bare,53,7,108
bare,53,7,109
bare,53,7,110
bare,53,7,111
bare,53,7,112
bare,53,7,113
bare,53,7,114
bare,53,7,115
bare,53,7,116
bare,53,7,117
bare,53,7,118
bare,53,7,119
bare,53,7,120
bare,53,7,121
bare,54,-1,-1
bare,54,-1,0
bare,54,-1,1
bare,54,-1,2
bare,54,-1,3
bare,54,-1,4
bare,54,-1,5
bare,54,-1,6
bare,54,-1,7
bare,54,-1,8
bare,54,-1,9
bare,54,-1,10
bare,54,-1,11
bare,54,-1,12
bare,54,-1,13
bare,54,-1,14
bare,54,-1,15
bare,54,-1,16
bare,54,-1,17
bare,54,-1,18
bare,54,-1,19
bare,54,-1,20
bare,54,-1,21
bare,54,-1,22
bare,54,-1,23
bare,54,-1,24
bare,54,-1,25
bare,54,-1,26
bare,54,-1,27
bare,54,-1,28
bare,54,-1,29
bare,54,-1,30
bare,54,-1,31
bare,54,-1,32
bare,54,-1,33
bare,54,-1,34
bare,54,-1,35
bare,54,-1,36
bare,54,-1,37
bare,54,-1,38
bare,54,-1,39
bare,54,-1,40
bare,54,-1,41
bare,54,-1,42
bare,54,-1,43
bare,54,-1,44
bare,54,-1,45
bare,54,-1,46
bare,54,-1,47
bare,54,-1,48
bare,54,-1,49
bare,54,-1,50
bare,54,-1,51
bare,54,-1,52
bare,54,-1,53
bare,54,-1,54
bare,54,-1,55
bare,54,-1,56
bare,54,-1,57
bare,54,-1,58
bare,54,-1,59
bare,54,-1,60
bare,54,-1,61
bare,54,-1,62
bare,54,-1,63
bare,54,-1,64
bare,54,-1,65
bare,54,-1,66
bare,54,-1,67
bare,54,-1,68
bare,54,-1,69
bare,54,-1,70
bare,54,-1,71
bare,54,-1,72
bare,54,-1,73
bare,54,-1,74
bare,54,-1,75
bare,54,-1,76
bare,54,-1,77
bare,54,-1,78
bare,54,-1,79
bare,54,-1,80
bare,54,-1,81
bare,54,-1,82
bare,54,-1,83
bare,54,-1,84
bare,54,-1,85
bare,54,-1,86
bare,54,-1,87
bare,54,-1,88
bare,54,-1,89
bare,54,-1,90
bare,54,-1,91
bare,54,-1,92
bare,54,-1,93
bare,54,-1,94
bare,54,-1,95
bare,54,-1,96
bare,54,-1,97
bare,54,-1,98
bare,54,-1,99
bare,54,-1,100
bare,54,-1,101
bare,54,-1,102
tuff,54,-1,103
tuff,54,-1,104
tuff,54,-1,105
tuff,54,-1,106
bare,54,-1,107
bare,54,-1,108
bare,54,-1,109
bare,54,-1,110
bare,54,-1,111
bare,54,-1,112
bare,54,-1,113
bare,54,-1,114
bare,54,-1,115
bare,54,-1,116
bare,54,-1,117
bare,54,-1,118
bare,54,-1,119
bare,54,-1,120
bare,54,-1,121
bare,54,0,-1
bare,54,0,121
bare,54,1,-1
bare,54,1,121
bare,54,2,-1
bare,54,2,121
bare,54,3,-1
bare,54,3,121
bare,54,4,-1
bare,54,4,121
bare,54,5,-1
bare,54,5,121
bare,54,6,-1
bare,54,6,121
bare,54,7,-1
bare,54,7,0
bare,54,7,1
bare,54,7,2
bare,54,7,3
bare,54,7,4
bare,54,7,5
bare,54,7,6
bare,54,7,7
bare,54,7,8
bare,54,7,9
bare,54,7,10
bare,54,7,11
bare,54,7,12
bare,54,7,13
bare,54,7,14
bare,54,7,15
bare,54,7,16
bare,54,7,17
bare,54,7,18
bare,54,7,19
bare,54,7,20
bare,54,7,21
bare,54,7,22
bare,54,7,23
bare,54,7,24
bare,54,7,25
bare,54,7,26
bare,54,7,27
bare,54,7,28
bare,54,7,29
bare,54,7,30
bare,54,7,31
bare,54,7,32
bare,54,7,33
bare,54,7,34
bare,54,7,35
bare,54,7,36
bare,54,7,37
bare,54,7,38
bare,54,7,39
bare,54,7,40
bare,54,7,41
bare,54,7,42
bare,54,7,43
bare,54,7,44
bare,54,7,45
bare,54,7,46
bare,54,7,47
bare,54,7,48
bare,54,7,49
bare,54,7,50
bare,54,7,51
bare,54,7,52
bare,54,7,53
bare,54,7,54
bare,54,7,55
bare,54,7,56
bare,54,7,57
bare,54,7,58
bare,54,7,59
bare,54,7,60
bare,54,7,61
bare,54,7,62
bare,54,7,63
bare,54,7,64
tuff,54,7,65
tuff,54,7,66
tuff,54,7,67
tuff,54,7,68
tuff,54,7,69
bare,54,7,70
bare,54,7,71
bare,54,7,72
bare,54,7,73
bare,54,7,74
bare,54,7,75
bare,54,7,76
bare,54,7,77
bare,54,7,78
bare,54,7,79
bare,54,7,80
bare,54,7,81
bare,54,7,82
bare,54,7,83
bare,54,7,84
bare,54,7,85
bare,54,7,86
bare,54,7,87
bare,54,7,88
bare,54,7,89
bare,54,7,90
bare,54,7,91
bare,54,7,92
bare,54,7,93
bare,54,7,94
bare,54,7,95
bare,54,7,96
bare,54,7,97
bare,54,7,98
bare,54,7,99
bare,54,7,100
bare,54,7,101
bare,54,7,102
bare,54,7,103
bare,54,7,104
bare,54,7,105
bare,54,7,106
bare,54,7,107
bare,54,7,108
bare,54,7,109
bare,54,7,110
bare,54,7,111
bare,54,7,112
bare,54,7,113
bare,54,7,114
bare,54,7,115
bare,54,7,116
bare,54,7,117
bare,54,7,118
bare,54,7,119
bare,54,7,120
bare,54,7,121
bare,55,-1,-1
bare,55,-1,0
bare,55,-1,1
bare,55,-1,2
bare,55,-1,3
bare,55,-1,4
bare,55,-1,5
bare,55,-1,6
bare,55,-1,7
bare,55,-1,8
bare,55,-1,9
bare,55,-1,10
bare,55,-1,11
bare,55,-1,12
bare,55,-1,13
bare,55,-1,14
bare,55,-1,15
bare,55,-1,16
bare,55,-1,17
bare,55,-1,18
bare,55,-1,19
bare,55,-1,20
bare,55,-1,21
bare,55,-1,22
bare,55,-1,23
bare,55,-1,24
bare,55,-1,25
bare,55,-1,26
bare,55,-1,27
bare,55,-1,28
bare,55,-1,29
bare,55,-1,30
bare,55,-1,31
bare,55,-1,32
bare,55,-1,33
bare,55,-1,34
bare,55,-1,35
bare,55,-1,36
bare,55,-1,37
bare,55,-1,38
bare,55,-1,39
bare,55,-1,40
bare,55,-1,41
bare,55,-1,42
bare,55,-1,43
bare,55,-1,44
bare,55,-1,45
bare,55,-1,46
bare,55,-1,47
bare,55,-1,48
bare,55,-1,49
bare,55,-1,50
bare,55,-1,51
bare,55,-1,52
bare,55,-1,53
bare,55,-1,54
bare,55,-1,55
bare,55,-1,56
bare,55,-1,57
bare,55,-1,58
bare,55,-1,59
bare,55,-1,60
bare,55,-1,61
bare,55,-1,62
bare,55,-1,63
bare,55,-1,64
bare,55,-1,65
bare,55,-1,66
bare,55,-1,67
bare,55,-1,68
bare,55,-1,69
bare,55,-1,70
bare,55,-1,71
bare,55,-1,72
bare,55,-1,73
bare,55,-1,74
bare,55,-1,75
bare,55,-1,76
bare,55,-1,77
bare,55,-1,78
bare,55,-1,79
bare,55,-1,80
bare,55,-1,81
bare,55,-1,82
bare,55,-1,83
bare,55,-1,84
bare,55,-1,85
bare,55,-1,86
bare,55,-1,87
bare,55,-1,88
bare,55,-1,89
bare,55,-1,90
bare,55,-1,91
bare,55,-1,92
bare,55,-1,93
bare,55,-1,94
bare,55,-1,95
bare,55,-1,96
bare,55,-1,97
bare,55,-1,98
bare,55,-1,99
bare,55,-1,100
bare,55,-1,101
bare,55,-1,102
bare,55,-1,103
tuff,55,-1,104
bare,55,-1,105
bare,55,-1,106
bare,55,-1,107
bare,55,-1,108
bare,55,-1,109
bare,55,-1,110
bare,55,-1,111
bare,55,-1,112
bare,55,-1,113
bare,55,-1,114
bare,55,-1,115
bare,55,-1,116
bare,55,-1,117
bare,55,-1,118
bare,55,-1,119
bare,55,-1,120
bare,55,-1,121
bare,55,0,-1
bare,55,0,121
bare,55,1,-1
bare,55,1,121
bare,55,2,-1
bare,55,2,121
bare,55,3,-1
bare,55,3,121
bare,55,4,-1
bare,55,4,121
bare,55,5,-1
bare,55,5,121
bare,55,6,-1
bare,55,6,121
bare,55,7,-1
bare,55,7,0
bare,55,7,1
bare,55,7,2
bare,55,7,3
bare,55,7,4
bare,55,7,5
bare,55,7,6
bare,55,7,7
bare,55,7,8
bare,55,7,9
bare,55,7,10
bare,55,7,11
bare,55,7,12
bare,55,7,13
bare,55,7,14
bare,55,7,15
bare,55,7,16
bare,55,7,17
bare,55,7,18
bare,55,7,19
bare,55,7,20
bare,55,7,21
bare,55,7,22
bare,55,7,23
bare,55,7,24
bare,55,7,25
bare,55,7,26
bare,55,7,27
bare,55,7,28
bare,55,7,29
bare,55,7,30
bare,55,7,31
bare,55,7,32
bare,55,7,33
bare,55,7,34
bare,55,7,35
bare,55,7,36
bare,55,7,37
bare,55,7,38
bare,55,7,39
bare,55,7,40
bare,55,7,41
bare,55,7,42
bare,55,7,43
bare,55,7,44
bare,55,7,45
bare,55,7,46
bare,55,7,47
bare,55,7,48
bare,55,7,49
bare,55,7,50
bare,55,7,51
bare,55,7,52
bare,55,7,53
bare,55,7,54
bare,55,7,55
bare,55,7,56
bare,55,7,57
bare,55,7,58
bare,55,7,59
bare,55,7,60
bare,55,7,61
bare,55,7,62
bare,55,7,63
bare,55,7,64
tuff,55,7,65
tuff,55,7,66
tuff,55,7,67
tuff,55,7,68
tuff,55,7,69
bare,55,7,70
bare,55,7,71
bare,55,7,72
bare,55,7,73
bare,55,7,74
bare,55,7,75
bare,55,7,76
bare,55,7,77
bare,55,7,78
bare,55,7,79
bare,55,7,80
bare,55,7,81
bare,55,7,82
bare,55,7,83
bare,55,7,84
bare,55,7,85
bare,55,7,86
bare,55,7,87
bare,55,7,88
bare,55,7,89
bare,55,7,90
bare,55,7,91
bare,55,7,92
bare,55,7,93
bare,55,7,94
bare,55,7,95
bare,55,7,96
bare,55,7,97
bare,55,7,98
bare,55,7,99
bare,55,7,100
bare,55,7,101
bare,55,7,102
bare,55,7,103
bare,55,7,104
bare,55,7,105
bare,55,7,106
bare,55,7,107
bare,55,7,108
bare,55,7,109
bare,55,7,110
bare,55,7,111
bare,55,7,112
bare,55,7,113
bare,55,7,114
bare,55,7,115
bare,55,7,116
bare,55,7,117
bare,55,7,118
bare,55,7,119
bare,55,7,120
bare,55,7,121
bare,56,-1,-1
bare,56,-1,0
bare,56,-1,1
bare,56,-1,2
bare,56,-1,3
bare,56,-1,4
bare,56,-1,5
bare,56,-1,6
bare,56,-1,7
bare,56,-1,8
bare,56,-1,9
bare,56,-1,10
bare,56,-1,11
bare,56,-1,12
bare,56,-1,13
bare,56,-1,14
bare,56,-1,15
bare,56,-1,16
bare,56,-1,17
bare,56,-1,18
bare,56,-1,19
bare,56,-1,20
bare,56,-1,21
bare,56,-1,22
bare,56,-1,23
bare,56,-1,24
bare,56,-1,25
bare,56,-1,26
bare,56,-1,27
bare,56,-1,28
bare,56,-1,29
bare,56,-1,30
bare,56,-1,31
bare,56,-1,32
bare,56,-1,33
bare,56,-1,34
bare,56,-1,35
bare,56,-1,36
bare,56,-1,37
bare,56,-1,38
bare,56,-1,39
bare,56,-1,40
bare,56,-1,41
bare,56,-1,42
bare,56,-1,43
bare,56,-1,44
bare,56,-1,45
bare,56,-1,46
bare,56,-1,47
bare,56,-1,48
bare,56,-1,49
bare,56,-1,50
bare,56,-1,51
bare,56,-1,52
bare,56,-1,53
bare,56,-1,54
bare,56,-1,55
bare,56,-1,56
bare,56,-1,57
bare,56,-1,58
bare,56,-1,59
bare,56,-1,60
bare,56,-1,61
bare,56,-1,62
bare,56,-1,63
bare,56,-1,64
bare,56,-1,65
bare,56,-1,66
bare,56,-1,67
bare,56,-1,68
bare,56,-1,69
bare,56,-1,70
bare,56,-1,71
bare,56,-1,72
bare,56,-1,73
bare,56,-1,74
bare,56,-1,75
bare,56,-1,76
bare,56,-1,77
bare,56,-1,78
bare,56,-1,79
bare,56,-1,80
bare,56,-1,81
bare,56,-1,82
bare,56,-1,83
bare,56,-1,84
bare,56,-1,85
bare,56,-1,86
bare,56,-1,87
bare,56,-1,88
bare,56,-1,89
bare,56,-1,90
bare,56,-1,91
bare,56,-1,92
bare,56,-1,93
bare,56,-1,94
bare,56,-1,95
bare,56,-1,96
bare,56,-1,97
bare,56,-1,98
bare,56,-1,99
bare,56,-1,100
bare,56,-1,101
bare,56,-1,102
bare,56,-1,103
bare,56,-1,104
bare,56,-1,105
bare,56,-1,106
bare,56,-1,107
bare,56,-1,108
bare,56,-1,109
bare,56,-1,110
bare,56,-1,111
bare,56,-1,112
bare,56,-1,113
bare,56,-1,114
bare,56,-1,115
bare,56,-1,116
bare,56,-1,117
bare,56,-1,118
bare,56,-1,119
bare,56,-1,120
bare,56,-1,121
bare,56,0,-1
bare,56,0,121
bare,56,1,-1
bare,56,1,121
bare,56,2,-1
bare,56,2,121
bare,56,3,-1
bare,56,3,121
bare,56,4,-1
bare,56,4,121
bare,56,5,-1
bare,56,5,121
bare,56,6,-1
bare,56,6,121
bare,56,7,-1
bare,56,7,0
bare,56,7,1
bare,56,7,2
bare,56,7,3
tuff,56,7,4
tuff,56,7,5
tuff,56,7,6
tuff,56,7,7
tuff,56,7,8
bare,56,7,9
bare,56,7,10
bare,56,7,11
bare,56,7,12
bare,56,7,13
bare,56,7,14
bare,56,7,15
bare,56,7,16
bare,56,7,17
bare,56,7,18
bare,56,7,19
bare,56,7,20
bare,56,7,21
bare,56,7,22
bare,56,7,23
bare,56,7,24
bare,56,7,25
bare,56,7,26
bare,56,7,27
bare,56,7,28
bare,56,7,29
bare,56,7,30
bare,56,7,31
bare,56,7,32
bare,56,7,33
bare,56,7,34
bare,56,7,35
bare,56,7,36
bare,56,7,37
bare,56,7,38
bare,56,7,39
bare,56,7,40
bare,56,7,41
bare,56,7,42
bare,56,7,43
bare,56,7,44
bare,56,7,45
bare,56,7,46
bare,56,7,47
bare,56,7,48
bare,56,7,49
bare,56,7,50
bare,56,7,51
bare,56,7,52
bare,56,7,53
bare,56,7,54
bare,56,7,55
bare,56,7,56
bare,56,7,57
bare,56,7,58
bare,56,7,59
bare,56,7,60
bare,56,7,61
bare,56,7,62
bare,56,7,63
tuff,56,7,64
tuff,56,7,65
tuff,56,7,66
tuff,56,7,67
tuff,56,7,68
tuff,56,7,69
bare,56,7,70
bare,56,7,71
bare,56,7,72
bare,56,7,73
bare,56,7,74
bare,56,7,75
bare,56,7,76
bare,56,7,77
bare,56,7,78
bare,56,7,79
bare,56,7,80
bare,56,7,81
bare,56,7,82
bare,56,7,83
bare,56,7,84
bare,56,7,85
bare,56,7,86
bare,56,7,87
bare,56,7,88
bare,56,7,89
bare,56,7,90
bare,56,7,91
bare,56,7,92
bare,56,7,93
bare,56,7,94
bare,56,7,95
bare,56,7,96
bare,56,7,97
bare,56,7,98
bare,56,7,99
bare,56,7,100
bare,56,7,101
bare,56,7,102
bare,56,7,103
bare,56,7,104
bare,56,7,105
bare,56,7,106
bare,56,7,107
bare,56,7,108
bare,56,7,109
bare,56,7,110
bare,56,7,111
bare,56,7,112
bare,56,7,113
bare,56,7,114
bare,56,7,115
bare,56,7,116
bare,56,7,117
bare,56,7,118
bare,56,7,119
bare,56,7,120
bare,56,7,121
bare,57,-1,-1
bare,57,-1,0
bare,57,-1,1
bare,57,-1,2
bare,57,-1,3
bare,57,-1,4
bare,57,-1,5
bare,57,-1,6
bare,57,-1,7
bare,57,-1,8
bare,57,-1,9
bare,57,-1,10
bare,57,-1,11
bare,57,-1,12
bare,57,-1,13
bare,57,-1,14
bare,57,-1,15
bare,57,-1,16
bare,57,-1,17
bare,57,-1,18
bare,57,-1,19
bare,57,-1,20
bare,57,-1,21
bare,57,-1,22
bare,57,-1,23
bare,57,-1,24
bare,57,-1,25
bare,57,-1,26
bare,57,-1,27
bare,57,-1,28
bare,57,-1,29
bare,57,-1,30
bare,57,-1,31
bare,57,-1,32
bare,57,-1,33
bare,57,-1,34
bare,57,-1,35
bare,57,-1,36
bare,57,-1,37
bare,57,-1,38
bare,57,-1,39
bare,57,-1,40
bare,57,-1,41
bare,57,-1,42
bare,57,-1,43
bare,57,-1,44
bare,57,-1,45
bare,57,-1,46
bare,57,-1,47
bare,57,-1,48
bare,57,-1,49
bare,57,-1,50
bare,57,-1,51
bare,57,-1,52
bare,57,-1,53
bare,57,-1,54
bare,57,-1,55
bare,57,-1,56
bare,57,-1,57
bare,57,-1,58
bare,57,-1,59
bare,57,-1,60
bare,57,-1,61
bare,57,-1,62
bare,57,-1,63
bare,57,-1,64
bare,57,-1,65
bare,57,-1,66
bare,57,-1,67
bare,57,-1,68
bare,57,-1,69
bare,57,-1,70
bare,57,-1,71
bare,57,-1,72
bare,57,-1,73
bare,57,-1,74
bare,57,-1,75
bare,57,-1,76
bare,57,-1,77
bare,57,-1,78
bare,57,-1,79
bare,57,-1,80
bare,57,-1,81
bare,57,-1,82
bare,57,-1,83
bare,57,-1,84
bare,57,-1,85
bare,57,-1,86
bare,57,-1,87
bare,57,-1,88
bare,57,-1,89
bare,57,-1,90
bare,57,-1,91
bare,57,-1,92
bare,57,-1,93
bare,57,-1,94
bare,57,-1,95
bare,57,-1,96
bare,57,-1,97
bare,57,-1,98
bare,57,-1,99
bare,57,-1,100
bare,57,-1,101
bare,57,-1,102
bare,57,-1,103
bare,57,-1,104
bare,57,-1,105
bare,57,-1,106
bare,57,-1,107
bare,57,-1,108
bare,57,-1,109
bare,57,-1,110
bare,57,-1,111
bare,57,-1,112
bare,57,-1,113
bare,57,-1,114
bare,57,-1,115
bare,57,-1,116
bare,57,-1,117
bare,57,-1,118
bare,57,-1,119
bare,57,-1,120
bare,57,-1,121
bare,57,0,-1
bare,57,0,121
bare,57,1,-1
bare,57,1,121
bare,57,2,-1
bare,57,2,121
bare,57,3,-1
bare,57,3,121
bare,57,4,-1
bare,57,4,121
bare,57,5,-1
bare,57,5,121
bare,57,6,-1
bare,57,6,121
bare,57,7,-1
bare,57,7,0
tuff,57,7,1
tuff,57,7,2
tuff,57,7,3
tuff,57,7,4
tuff,57,7,5
tuff,57,7,6
tuff,57,7,7
tuff,57,7,8
tuff,57,7,9
bare,57,7,10
bare,57,7,11
bare,57,7,12
bare,57,7,13
bare,57,7,14
bare,57,7,15
bare,57,7,16
bare,57,7,17
bare,57,7,18
bare,57,7,19
bare,57,7,20
bare,57,7,21
bare,57,7,22
bare,57,7,23
bare,57,7,24
bare,57,7,25
bare,57,7,26
bare,57,7,27
bare,57,7,28
bare,57,7,29
bare,57,7,30
bare,57,7,31
bare,57,7,32
bare,57,7,33
bare,57,7,34
bare,57,7,35
bare,57,7,36
bare,57,7,37
bare,57,7,38
bare,57,7,39
bare,57,7,40
bare,57,7,41
bare,57,7,42
bare,57,7,43
bare,57,7,44
bare,57,7,45
bare,57,7,46
bare,57,7,47
bare,57,7,48
bare,57,7,49
bare,57,7,50
bare,57,7,51
bare,57,7,52
bare,57,7,53
bare,57,7,54
bare,57,7,55
bare,57,7,56
bare,57,7,57
bare,57,7,58
bare,57,7,59
bare,57,7,60
bare,57,7,61
bare,57,7,62
bare,57,7,63
tuff,57,7,64
tuff,57,7,65
tuff,57,7,66
tuff,57,7,67
tuff,57,7,68
tuff,57,7,69
bare,57,7,70
bare,57,7,71
bare,57,7,72
bare,57,7,73
bare,57,7,74
bare,57,7,75
bare,57,7,76
bare,57,7,77
bare,57,7,78
bare,57,7,79
bare,57,7,80
bare,57,7,81
bare,57,7,82
bare,57,7,83
bare,57,7,84
bare,57,7,85
bare,57,7,86
bare,57,7,87
bare,57,7,88
bare,57,7,89
bare,57,7,90
bare,57,7,91
bare,57,7,92
bare,57,7,93
bare,57,7,94
bare,57,7,95
bare,57,7,96
bare,57,7,97
bare,57,7,98
bare,57,7,99
bare,57,7,100
bare,57,7,101
bare,57,7,102
bare,57,7,103
bare,57,7,104
bare,57,7,105
bare,57,7,106
bare,57,7,107
bare,57,7,108
bare,57,7,109
bare,57,7,110
bare,57,7,111
bare,57,7,112
bare,57,7,113
bare,57,7,114
bare,57,7,115
bare,57,7,116
bare,57,7,117
bare,57,7,118
bare,57,7,119
bare,57,7,120
bare,57,7,121
tuff,58,-1,-1
bare,58,-1,0
bare,58,-1,1
bare,58,-1,2
bare,58,-1,3
bare,58,-1,4
bare,58,-1,5
bare,58,-1,6
bare,58,-1,7
bare,58,-1,8
bare,58,-1,9
bare,58,-1,10
bare,58,-1,11
bare,58,-1,12
bare,58,-1,13
bare,58,-1,14
bare,58,-1,15
bare,58,-1,16
bare,58,-1,17
bare,58,-1,18
bare,58,-1,19
bare,58,-1,20
bare,58,-1,21
bare,58,-1,22
bare,58,-1,23
bare,58,-1,24
bare,58,-1,25
bare,58,-1,26
bare,58,-1,27
bare,58,-1,28
bare,58,-1,29
bare,58,-1,30
bare,58,-1,31
bare,58,-1,32
bare,58,-1,33
bare,58,-1,34
bare,58,-1,35
bare,58,-1,36
bare,58,-1,37
bare,58,-1,38
bare,58,-1,39
bare,58,-1,40
bare,58,-1,41
bare,58,-1,42
bare,58,-1,43
bare,58,-1,44
bare,58,-1,45
bare,58,-1,46
bare,58,-1,47
bare,58,-1,48
bare,58,-1,49
bare,58,-1,50
bare,58,-1,51
bare,58,-1,52
bare,58,-1,53
bare,58,-1,54
bare,58,-1,55
bare,58,-1,56
bare,58,-1,57
bare,58,-1,58
bare,58,-1,59
bare,58,-1,60
bare,58,-1,61
bare,58,-1,62
bare,58,-1,63
bare,58,-1,64
bare,58,-1,65
bare,58,-1,66
bare,58,-1,67
bare,58,-1,68
bare,58,-1,69
bare,58,-1,70
bare,58,-1,71
bare,58,-1,72
bare,58,-1,73
bare,58,-1,74
bare,58,-1,75
bare,58,-1,76
bare,58,-1,77
bare,58,-1,78
bare,58,-1,79
bare,58,-1,80
bare,58,-1,81
bare,58,-1,82
bare,58,-1,83
bare,58,-1,84
bare,58,-1,85
bare,58,-1,86
bare,58,-1,87
bare,58,-1,88
bare,58,-1,89
bare,58,-1,90
bare,58,-1,91
bare,58,-1,92
bare,58,-1,93
bare,58,-1,94
bare,58,-1,95
bare,58,-1,96
bare,58,-1,97
bare,58,-1,98
bare,58,-1,99
bare,58,-1,100
bare,58,-1,101
bare,58,-1,102
bare,58,-1,103
bare,58,-1,104
bare,58,-1,105
bare,58,-1,106
bare,58,-1,107
bare,58,-1,108
bare,58,-1,109
bare,58,-1,110
bare,58,-1,111
bare,58,-1,112
bare,58,-1,113
bare,58,-1,114
bare,58,-1,115
bare,58,-1,116
bare,58,-1,117
bare,58,-1,118
bare,58,-1,119
bare,58,-1,120
bare,58,-1,121
tuff,58,0,-1
bare,58,0,121
tuff,58,1,-1
bare,58,1,121
bare,58,2,-1
bare,58,2,121
bare,58,3,-1
bare,58,3,121
bare,58,4,-1
bare,58,4,121
bare,58,5,-1
bare,58,5,121
bare,58,6,-1
bare,58,6,121
bare,58,7,-1
tuff,58,7,0
tuff,58,7,1
tuff,58,7,2
tuff,58,7,3
tuff,58,7,4
tuff,58,7,5
tuff,58,7,6
tuff,58,7,7
tuff,58,7,8
tuff,58,7,9
bare,58,7,10
bare,58,7,11
bare,58,7,12
bare,58,7,13
bare,58,7,14
bare,58,7,15
bare,58,7,16
bare,58,7,17
bare,58,7,18
bare,58,7,19
bare,58,7,20
bare,58,7,21
bare,58,7,22
bare,58,7,23
bare,58,7,24
bare,58,7,25
bare,58,7,26
bare,58,7,27
bare,58,7,28
bare,58,7,29
bare,58,7,30
bare,58,7,31
bare,58,7,32
bare,58,7,33
bare,58,7,34
bare,58,7,35
bare,58,7,36
bare,58,7,37
bare,58,7,38
bare,58,7,39
bare,58,7,40
bare,58,7,41
bare,58,7,42
bare,58,7,43
bare,58,7,44
bare,58,7,45
bare,58,7,46
bare,58,7,47
bare,58,7,48
bare,58,7,49
bare,58,7,50
bare,58,7,51
bare,58,7,52
bare,58,7,53
tuff,58,7,54
tuff,58,7,55
tuff,58,7,56
bare,58,7,57
bare,58,7,58
bare,58,7,59
bare,58,7,60
bare,58,7,61
bare,58,7,62
bare,58,7,63
tuff,58,7,64
tuff,58,7,65
tuff,58,7,66
tuff,58,7,67
tuff,58,7,68
tuff,58,7,69
bare,58,7,70
bare,58,7,71
bare,58,7,72
bare,58,7,73
bare,58,7,74
bare,58,7,75
bare,58,7,76
bare,58,7,77
bare,58,7,78
bare,58,7,79
bare,58,7,80
bare,58,7,81
bare,58,7,82
bare,58,7,83
bare,58,7,84
bare,58,7,85
bare,58,7,86
bare,58,7,87
bare,58,7,88
bare,58,7,89
bare,58,7,90
bare,58,7,91
bare,58,7,92
bare,58,7,93
bare,58,7,94
bare,58,7,95
bare,58,7,96
bare,58,7,97
bare,58,7,98
bare,58,7,99
bare,58,7,100
bare,58,7,101
bare,58,7,102
bare,58,7,103
bare,58,7,104
bare,58,7,105
bare,58,7,106
bare,58,7,107
bare,58,7,108
bare,58,7,109
bare,58,7,110
bare,58,7,111
bare,58,7,112
bare,58,7,113
bare,58,7,114
bare,58,7,115
bare,58,7,116
bare,58,7,117
bare,58,7,118
bare,58,7,119
bare,58,7,120
bare,58,7,121
tuff,59,-1,-1
tuff,59,-1,0
bare,59,-1,1
bare,59,-1,2
bare,59,-1,3
bare,59,-1,4
bare,59,-1,5
bare,59,-1,6
bare,59,-1,7
bare,59,-1,8
bare,59,-1,9
bare,59,-1,10
bare,59,-1,11
bare,59,-1,12
bare,59,-1,13
bare,59,-1,14
bare,59,-1,15
bare,59,-1,16
bare,59,-1,17
bare,59,-1,18
bare,59,-1,19
bare,59,-1,20
bare,59,-1,21
bare,59,-1,22
bare,59,-1,23
bare,59,-1,24
bare,59,-1,25
bare,59,-1,26
bare,59,-1,27
bare,59,-1,28
bare,59,-1,29
bare,59,-1,30
bare,59,-1,31
redstone,59,-1,32
bare,59,-1,33
bare,59,-1,34
bare,59,-1,35
bare,59,-1,36
bare,59,-1,37
bare,59,-1,38
bare,59,-1,39
bare,59,-1,40
bare,59,-1,41
bare,59,-1,42
bare,59,-1,43
bare,59,-1,44
bare,59,-1,45
bare,59,-1,46
bare,59,-1,47
bare,59,-1,48
bare,59,-1,49
bare,59,-1,50
bare,59,-1,51
bare,59,-1,52
bare,59,-1,53
bare,59,-1,54
bare,59,-1,55
bare,59,-1,56
bare,59,-1,57
bare,59,-1,58
bare,59,-1,59
bare,59,-1,60
bare,59,-1,61
bare,59,-1,62
bare,59,-1,63
bare,59,-1,64
bare,59,-1,65
bare,59,-1,66
bare,59,-1,67
bare,59,-1,68
bare,59,-1,69
bare,59,-1,70
bare,59,-1,71
bare,59,-1,72
bare,59,-1,73
bare,59,-1,74
bare,59,-1,75
bare,59,-1,76
bare,59,-1,77
bare,59,-1,78
bare,59,-1,79
bare,59,-1,80
bare,59,-1,81
bare,59,-1,82
bare,59,-1,83
bare,59,-1,84
bare,59,-1,85
bare,59,-1,86
bare,59,-1,87
bare,59,-1,88
bare,59,-1,89
bare,59,-1,90
bare,59,-1,91
bare,59,-1,92
bare,59,-1,93
bare,59,-1,94
bare,59,-1,95
bare,59,-1,96
bare,59,-1,97
bare,59,-1,98
bare,59,-1,99
bare,59,-1,100
bare,59,-1,101
bare,59,-1,102
bare,59,-1,103
bare,59,-1,104
bare,59,-1,105
bare,59,-1,106
bare,59,-1,107
bare,59,-1,108
bare,59,-1,109
bare,59,-1,110
bare,59,-1,111
bare,59,-1,112
bare,59,-1,113
bare,59,-1,114
bare,59,-1,115
bare,59,-1,116
bare,59,-1,117
bare,59,-1,118
bare,59,-1,119
bare,59,-1,120
bare,59,-1,121
tuff,59,0,-1
bare,59,0,121
tuff,59,1,-1
bare,59,1,121
tuff,59,2,-1
bare,59,2,121
bare,59,3,-1
bare,59,3,121
bare,59,4,-1
bare,59,4,121
tuff,59,5,-1
bare,59,5,121
tuff,59,6,-1
bare,59,6,121
tuff,59,7,-1
tuff,59,7,0
tuff,59,7,1
tuff,59,7,2
tuff,59,7,3
tuff,59,7,4
tuff,59,7,5
tuff,59,7,6
tuff,59,7,7
tuff,59,7,8
bare,59,7,9
bare,59,7,10
bare,59,7,11
bare,59,7,12
bare,59,7,13
bare,59,7,14
bare,59,7,15
bare,59,7,16
bare,59,7,17
bare,59,7,18
bare,59,7,19
bare,59,7,20
bare,59,7,21
bare,59,7,22
bare,59,7,23
bare,59,7,24
bare,59,7,25
bare,59,7,26
bare,59,7,27
bare,59,7,28
bare,59,7,29
bare,59,7,30
bare,59,7,31
bare,59,7,32
bare,59,7,33
bare,59,7,34
bare,59,7,35
bare,59,7,36
bare,59,7,37
bare,59,7,38
bare,59,7,39
bare,59,7,40
bare,59,7,41
bare,59,7,42
bare,59,7,43
bare,59,7,44
bare,59,7,45
bare,59,7,46
bare,59,7,47
bare,59,7,48
bare,59,7,49
bare,59,7,50
bare,59,7,51
tuff,59,7,52
tuff,59,7,53
tuff,59,7,54
tuff,59,7,55
tuff,59,7,56
bare,59,7,57
bare,59,7,58
bare,59,7,59
bare,59,7,60
bare,59,7,61
bare,59,7,62
bare,59,7,63
tuff,59,7,64
tuff,59,7,65
tuff,59,7,66
tuff,59,7,67
tuff,59,7,68
tuff,59,7,69
bare,59,7,70
bare,59,7,71
bare,59,7,72
bare,59,7,73
bare,59,7,74
bare,59,7,75
bare,59,7,76
bare,59,7,77
bare,59,7,78
bare,59,7,79
bare,59,7,80
bare,59,7,81
bare,59,7,82
bare,59,7,83
bare,59,7,84
bare,59,7,85
bare,59,7,86
bare,59,7,87
bare,59,7,88
bare,59,7,89
bare,59,7,90
bare,59,7,91
bare,59,7,92
bare,59,7,93
bare,59,7,94
bare,59,7,95
bare,59,7,96
bare,59,7,97
bare,59,7,98
bare,59,7,99
bare,59,7,100
bare,59,7,101
bare,59,7,102
bare,59,7,103
bare,59,7,104
bare,59,7,105
bare,59,7,106
bare,59,7,107
bare,59,7,108
bare,59,7,109
bare,59,7,110
bare,59,7,111
bare,59,7,112
bare,59,7,113
bare,59,7,114
bare,59,7,115
bare,59,7,116
bare,59,7,117
bare,59,7,118
bare,59,7,119
bare,59,7,120
bare,59,7,121
tuff,60,-1,-1
tuff,60,-1,0
tuff,60,-1,1
tuff,60,-1,2
tuff,60,-1,3
bare,60,-1,4
bare,60,-1,5
bare,60,-1,6
bare,60,-1,7
bare,60,-1,8
bare,60,-1,9
bare,60,-1,10
bare,60,-1,11
bare,60,-1,12
bare,60,-1,13
bare,60,-1,14
bare,60,-1,15
bare,60,-1,16
bare,60,-1,17
bare,60,-1,18
bare,60,-1,19
bare,60,-1,20
bare,60,-1,21
bare,60,-1,22
bare,60,-1,23
bare,60,-1,24
bare,60,-1,25
bare,60,-1,26
bare,60,-1,27
bare,60,-1,28
bare,60,-1,29
bare,60,-1,30
bare,60,-1,31
bare,60,-1,32
bare,60,-1,33
bare,60,-1,34
bare,60,-1,35
bare,60,-1,36
bare,60,-1,37
bare,60,-1,38
bare,60,-1,39
bare,60,-1,40
bare,60,-1,41
bare,60,-1,42
bare,60,-1,43
bare,60,-1,44
bare,60,-1,45
bare,60,-1,46
bare,60,-1,47
bare,60,-1,48
bare,60,-1,49
bare,60,-1,50
bare,60,-1,51
bare,60,-1,52
bare,60,-1,53
bare,60,-1,54
bare,60,-1,55
bare,60,-1,56
bare,60,-1,57
bare,60,-1,58
bare,60,-1,59
bare,60,-1,60
bare,60,-1,61
bare,60,-1,62
bare,60,-1,63
bare,60,-1,64
bare,60,-1,65
bare,60,-1,66
bare,60,-1,67
bare,60,-1,68
bare,60,-1,69
bare,60,-1,70
bare,60,-1,71
bare,60,-1,72
bare,60,-1,73
bare,60,-1,74
bare,60,-1,75
bare,60,-1,76
bare,60,-1,77
bare,60,-1,78
bare,60,-1,79
bare,60,-1,80
bare,60,-1,81
bare,60,-1,82
bare,60,-1,83
bare,60,-1,84
bare,60,-1,85
bare,60,-1,86
bare,60,-1,87
bare,60,-1,88
bare,60,-1,89
bare,60,-1,90
bare,60,-1,91
bare,60,-1,92
bare,60,-1,93
bare,60,-1,94
bare,60,-1,95
bare,60,-1,96
bare,60,-1,97
bare,60,-1,98
bare,60,-1,99
bare,60,-1,100
bare,60,-1,101
bare,60,-1,102
bare,60,-1,103
bare,60,-1,104
bare,60,-1,105
bare,60,-1,106
bare,60,-1,107
bare,60,-1,108
bare,60,-1,109
bare,60,-1,110
bare,60,-1,111
bare,60,-1,112
bare,60,-1,113
bare,60,-1,114
bare,60,-1,115
bare,60,-1,116
bare,60,-1,117
bare,60,-1,118
bare,60,-1,119
bare,60,-1,120
bare,60,-1,121
tuff,60,0,-1
bare,60,0,121
tuff,60,1,-1
bare,60,1,121
tuff,60,2,-1
bare,60,2,121
tuff,60,3,-1
bare,60,3,121
tuff,60,4,-1
bare,60,4,121
tuff,60,5,-1
bare,60,5,121
tuff,60,6,-1
bare,60,6,121
tuff,60,7,-1
tuff,60,7,0
tuff,60,7,1
tuff,60,7,2
tuff,60,7,3
tuff,60,7,4
tuff,60,7,5
tuff,60,7,6
tuff,60,7,7
tuff,60,7,8
bare,60,7,9
bare,60,7,10
bare,60,7,11
bare,60,7,12
bare,60,7,13
bare,60,7,14
bare,60,7,15
bare,60,7,16
bare,60,7,17
bare,60,7,18
bare,60,7,19
bare,60,7,20
bare,60,7,21
bare,60,7,22
bare,60,7,23
bare,60,7,24
bare,60,7,25
bare,60,7,26
bare,60,7,27
bare,60,7,28
bare,60,7,29
bare,60,7,30
bare,60,7,31
bare,60,7,32
bare,60,7,33
bare,60,7,34
bare,60,7,35
bare,60,7,36
bare,60,7,37
bare,60,7,38
bare,60,7,39
bare,60,7,40
bare,60,7,41
bare,60,7,42
bare,60,7,43
bare,60,7,44
bare,60,7,45
bare,60,7,46
bare,60,7,47
bare,60,7,48
bare,60,7,49
bare,60,7,50
tuff,60,7,51
tuff,60,7,52
tuff,60,7,53
tuff,60,7,54
tuff,60,7,55
tuff,60,7,56
bare,60,7,57
bare,60,7,58
bare,60,7,59
bare,60,7,60
bare,60,7,61
bare,60,7,62
bare,60,7,63
tuff,60,7,64
tuff,60,7,65
tuff,60,7,66
tuff,60,7,67
tuff,60,7,68
tuff,60,7,69
bare,60,7,70
bare,60,7,71
bare,60,7,72
bare,60,7,73
bare,60,7,74
bare,60,7,75
bare,60,7,76
bare,60,7,77
bare,60,7,78
bare,60,7,79
bare,60,7,80
bare,60,7,81
bare,60,7,82
bare,60,7,83
bare,60,7,84
bare,60,7,85
bare,60,7,86
bare,60,7,87
bare,60,7,88
bare,60,7,89
bare,60,7,90
bare,60,7,91
bare,60,7,92
bare,60,7,93
bare,60,7,94
bare,60,7,95
bare,60,7,96
bare,60,7,97
bare,60,7,98
bare,60,7,99
bare,60,7,100
bare,60,7,101
bare,60,7,102
bare,60,7,103
bare,60,7,104
bare,60,7,105
bare,60,7,106
bare,60,7,107
bare,60,7,108
bare,60,7,109
bare,60,7,110
bare,60,7,111
bare,60,7,112
bare,60,7,113
bare,60,7,114
bare,60,7,115
bare,60,7,116
bare,60,7,117
bare,60,7,118
bare,60,7,119
bare,60,7,120
bare,60,7,121
tuff,61,-1,-1
tuff,61,-1,0
tuff,61,-1,1
tuff,61,-1,2
tuff,61,-1,3
tuff,61,-1,4
bare,61,-1,5
bare,61,-1,6
bare,61,-1,7
bare,61,-1,8
bare,61,-1,9
bare,61,-1,10
bare,61,-1,11
bare,61,-1,12
bare,61,-1,13
bare,61,-1,14
bare,61,-1,15
bare,61,-1,16
bare,61,-1,17
bare,61,-1,18
bare,61,-1,19
bare,61,-1,20
bare,61,-1,21
bare,61,-1,22
bare,61,-1,23
bare,61,-1,24
bare,61,-1,25
bare,61,-1,26
bare,61,-1,27
bare,61,-1,28
bare,61,-1,29
bare,61,-1,30
bare,61,-1,31
bare,61,-1,32
bare,61,-1,33
bare,61,-1,34
bare,61,-1,35
bare,61,-1,36
bare,61,-1,37
bare,61,-1,38
bare,61,-1,39
bare,61,-1,40
bare,61,-1,41
bare,61,-1,42
bare,61,-1,43
bare,61,-1,44
bare,61,-1,45
bare,61,-1,46
bare,61,-1,47
bare,61,-1,48
bare,61,-1,49
bare,61,-1,50
bare,61,-1,51
bare,61,-1,52
bare,61,-1,53
bare,61,-1,54
bare,61,-1,55
bare,61,-1,56
bare,61,-1,57
bare,61,-1,58
bare,61,-1,59
bare,61,-1,60
bare,61,-1,61
bare,61,-1,62
bare,61,-1,63
bare,61,-1,64
bare,61,-1,65
bare,61,-1,66
bare,61,-1,67
bare,61,-1,68
bare,61,-1,69
bare,61,-1,70
bare,61,-1,71
bare,61,-1,72
bare,61,-1,73
bare,61,-1,74
bare,61,-1,75
bare,61,-1,76
bare,61,-1,77
bare,61,-1,78
bare,61,-1,79
bare,61,-1,80
bare,61,-1,81
bare,61,-1,82
bare,61,-1,83
bare,61,-1,84
bare,61,-1,85
bare,61,-1,86
bare,61,-1,87
bare,61,-1,88
bare,61,-1,89
bare,61,-1,90
bare,61,-1,91
bare,61,-1,92
bare,61,-1,93
bare,61,-1,94
bare,61,-1,95
bare,61,-1,96
bare,61,-1,97
bare,61,-1,98
bare,61,-1,99
bare,61,-1,100
bare,61,-1,101
bare,61,-1,102
bare,61,-1,103
bare,61,-1,104
bare,61,-1,105
bare,61,-1,106
bare,61,-1,107
bare,61,-1,108
bare,61,-1,109
bare,61,-1,110
bare,61,-1,111
bare,61,-1,112
bare,61,-1,113
bare,61,-1,114
bare,61,-1,115
bare,61,-1,116
bare,61,-1,117
bare,61,-1,118
bare,61,-1,119
bare,61,-1,120
bare,61,-1,121
tuff,61,0,-1
bare,61,0,121
tuff,61,1,-1
bare,61,1,121
tuff,61,2,-1
bare,61,2,121
tuff,61,3,-1
bare,61,3,121
tuff,61,4,-1
bare,61,4,121
tuff,61,5,-1
bare,61,5,121
tuff,61,6,-1
bare,61,6,121
tuff,61,7,-1
tuff,61,7,0
tuff,61,7,1
tuff,61,7,2
tuff,61,7,3
tuff,61,7,4
tuff,61,7,5
tuff,61,7,6
tuff,61,7,7
tuff,61,7,8
bare,61,7,9
bare,61,7,10
bare,61,7,11
bare,61,7,12
bare,61,7,13
bare,61,7,14
bare,61,7,15
bare,61,7,16
bare,61,7,17
bare,61,7,18
bare,61,7,19
bare,61,7,20
bare,61,7,21
bare,61,7,22
bare,61,7,23
bare,61,7,24
bare,61,7,25
bare,61,7,26
bare,61,7,27
bare,61,7,28
bare,61,7,29
bare,61,7,30
bare,61,7,31
bare,61,7,32
bare,61,7,33
bare,61,7,34
bare,61,7,35
bare,61,7,36
bare,61,7,37
bare,61,7,38
bare,61,7,39
bare,61,7,40
bare,61,7,41
bare,61,7,42
bare,61,7,43
bare,61,7,44
bare,61,7,45
bare,61,7,46
bare,61,7,47
bare,61,7,48
bare,61,7,49
tuff,61,7,50
tuff,61,7,51
tuff,61,7,52
tuff,61,7,53
tuff,61,7,54
tuff,61,7,55
tuff,61,7,56
redstone,61,7,57
bare,61,7,58
bare,61,7,59
bare,61,7,60
bare,61,7,61
bare,61,7,62
bare,61,7,63
tuff,61,7,64
tuff,61,7,65
tuff,61,7,66
tuff,61,7,67
tuff,61,7,68
tuff,61,7,69
bare,61,7,70
bare,61,7,71
bare,61,7,72
bare,61,7,73
bare,61,7,74
bare,61,7,75
bare,61,7,76
bare,61,7,77
bare,61,7,78
bare,61,7,79
bare,61,7,80
bare,61,7,81
bare,61,7,82
bare,61,7,83
bare,61,7,84
bare,61,7,85
bare,61,7,86
bare,61,7,87
bare,61,7,88
bare,61,7,89
bare,61,7,90
bare,61,7,91
bare,61,7,92
bare,61,7,93
bare,61,7,94
bare,61,7,95
bare,61,7,96
bare,61,7,97
bare,61,7,98
bare,61,7,99
bare,61,7,100
bare,61,7,101
bare,61,7,102
bare,61,7,103
bare,61,7,104
bare,61,7,105
bare,61,7,106
bare,61,7,107
bare,61,7,108
bare,61,7,109
bare,61,7,110
bare,61,7,111
bare,61,7,112
bare,61,7,113
bare,61,7,114
bare,61,7,115
bare,61,7,116
bare,61,7,117
bare,61,7,118
bare,61,7,119
bare,61,7,120
bare,61,7,121
tuff,62,-1,-1
tuff,62,-1,0
tuff,62,-1,1
tuff,62,-1,2
tuff,62,-1,3
tuff,62,-1,4
tuff,62,-1,5
bare,62,-1,6
bare,62,-1,7
bare,62,-1,8
bare,62,-1,9
bare,62,-1,10
bare,62,-1,11
bare,62,-1,12
bare,62,-1,13
bare,62,-1,14
bare,62,-1,15
bare,62,-1,16
bare,62,-1,17
bare,62,-1,18
bare,62,-1,19
bare,62,-1,20
bare,62,-1,21
bare,62,-1,22
bare,62,-1,23
bare,62,-1,24
bare,62,-1,25
bare,62,-1,26
bare,62,-1,27
bare,62,-1,28
bare,62,-1,29
bare,62,-1,30
bare,62,-1,31
bare,62,-1,32
bare,62,-1,33
bare,62,-1,34
bare,62,-1,35
bare,62,-1,36
bare,62,-1,37
bare,62,-1,38
bare,62,-1,39
bare,62,-1,40
bare,62,-1,41
bare,62,-1,42
bare,62,-1,43
bare,62,-1,44
bare,62,-1,45
bare,62,-1,46
bare,62,-1,47
bare,62,-1,48
bare,62,-1,49
bare,62,-1,50
bare,62,-1,51
bare,62,-1,52
bare,62,-1,53
bare,62,-1,54
bare,62,-1,55
bare,62,-1,56
bare,62,-1,57
bare,62,-1,58
bare,62,-1,59
bare,62,-1,60
bare,62,-1,61
bare,62,-1,62
bare,62,-1,63
bare,62,-1,64
bare,62,-1,65
bare,62,-1,66
bare,62,-1,67
bare,62,-1,68
bare,62,-1,69
bare,62,-1,70
bare,62,-1,71
bare,62,-1,72
bare,62,-1,73
bare,62,-1,74
bare,62,-1,75
bare,62,-1,76
bare,62,-1,77
bare,62,-1,78
bare,62,-1,79
bare,62,-1,80
bare,62,-1,81
bare,62,-1,82
bare,62,-1,83
bare,62,-1,84
bare,62,-1,85
bare,62,-1,86
bare,62,-1,87
bare,62,-1,88
bare,62,-1,89
bare,62,-1,90
bare,62,-1,91
bare,62,-1,92
bare,62,-1,93
bare,62,-1,94
bare,62,-1,95
bare,62,-1,96
bare,62,-1,97
bare,62,-1,98
bare,62,-1,99
bare,62,-1,100
bare,62,-1,101
bare,62,-1,102
bare,62,-1,103
bare,62,-1,104
bare,62,-1,105
bare,62,-1,106
bare,62,-1,107
bare,62,-1,108
bare,62,-1,109
bare,62,-1,110
bare,62,-1,111
bare,62,-1,112
bare,62,-1,113
bare,62,-1,114
bare,62,-1,115
bare,62,-1,116
bare,62,-1,117
bare,62,-1,118
bare,62,-1,119
bare,62,-1,120
bare,62,-1,121
tuff,62,0,-1
bare,62,0,121
tuff,62,1,-1
bare,62,1,121
tuff,62,2,-1
bare,62,2,121
tuff,62,3,-1
bare,62,3,121
tuff,62,4,-1
bare,62,4,121
tuff,62,5,-1
bare,62,5,121
tuff,62,6,-1
bare,62,6,121
tuff,62,7,-1
tuff,62,7,0
tuff,62,7,1
tuff,62,7,2
tuff,62,7,3
tuff,62,7,4
tuff,62,7,5
tuff,62,7,6
tuff,62,7,7
bare,62,7,8
bare,62,7,9
bare,62,7,10
bare,62,7,11
bare,62,7,12
bare,62,7,13
bare,62,7,14
bare,62,7,15
bare,62,7,16
bare,62,7,17
bare,62,7,18
bare,62,7,19
bare,62,7,20
bare,62,7,21
bare,62,7,22
bare,62,7,23
bare,62,7,24
bare,62,7,25
bare,62,7,26
bare,62,7,27
bare,62,7,28
bare,62,7,29
bare,62,7,30
bare,62,7,31
bare,62,7,32
bare,62,7,33
bare,62,7,34
bare,62,7,35
bare,62,7,36
bare,62,7,37
bare,62,7,38
bare,62,7,39
bare,62,7,40
bare,62,7,41
bare,62,7,42
bare,62,7,43
bare,62,7,44
bare,62,7,45
bare,62,7,46
bare,62,7,47
bare,62,7,48
bare,62,7,49
tuff,62,7,50
tuff,62,7,51
tuff,62,7,52
tuff,62,7,53
tuff,62,7,54
bare,62,7,55
redstone,62,7,56
redstone,62,7,57
bare,62,7,58
bare,62,7,59
bare,62,7,60
bare,62,7,61
bare,62,7,62
bare,62,7,63
tuff,62,7,64
tuff,62,7,65
tuff,62,7,66
tuff,62,7,67
tuff,62,7,68
bare,62,7,69
bare,62,7,70
bare,62,7,71
bare,62,7,72
bare,62,7,73
bare,62,7,74
bare,62,7,75
bare,62,7,76
bare,62,7,77
bare,62,7,78
bare,62,7,79
bare,62,7,80
bare,62,7,81
bare,62,7,82
bare,62,7,83
bare,62,7,84
bare,62,7,85
bare,62,7,86
bare,62,7,87
bare,62,7,88
bare,62,7,89
bare,62,7,90
bare,62,7,91
bare,62,7,92
bare,62,7,93
bare,62,7,94
bare,62,7,95
bare,62,7,96
bare,62,7,97
bare,62,7,98
bare,62,7,99
bare,62,7,100
bare,62,7,101
bare,62,7,102
bare,62,7,103
bare,62,7,104
bare,62,7,105
bare,62,7,106
bare,62,7,107
bare,62,7,108
bare,62,7,109
bare,62,7,110
bare,62,7,111
bare,62,7,112
bare,62,7,113
bare,62,7,114
bare,62,7,115
bare,62,7,116
bare,62,7,117
bare,62,7,118
bare,62,7,119
bare,62,7,120
bare,62,7,121
tuff,63,-1,-1
tuff,63,-1,0
tuff,63,-1,1
tuff,63,-1,2
tuff,63,-1,3
tuff,63,-1,4
tuff,63,-1,5
tuff,63,-1,6
bare,63,-1,7
bare,63,-1,8
bare,63,-1,9
bare,63,-1,10
bare,63,-1,11
bare,63,-1,12
bare,63,-1,13
bare,63,-1,14
bare,63,-1,15
bare,63,-1,16
bare,63,-1,17
bare,63,-1,18
bare,63,-1,19
bare,63,-1,20
bare,63,-1,21
bare,63,-1,22
bare,63,-1,23
bare,63,-1,24
bare,63,-1,25
bare,63,-1,26
bare,63,-1,27
bare,63,-1,28
bare,63,-1,29
bare,63,-1,30
bare,63,-1,31
bare,63,-1,32
bare,63,-1,33
bare,63,-1,34
bare,63,-1,35
bare,63,-1,36
bare,63,-1,37
bare,63,-1,38
bare,63,-1,39
bare,63,-1,40
bare,63,-1,41
bare,63,-1,42
bare,63,-1,43
bare,63,-1,44
bare,63,-1,45
bare,63,-1,46
bare,63,-1,47
bare,63,-1,48
bare,63,-1,49
bare,63,-1,50
bare,63,-1,51
bare,63,-1,52
bare,63,-1,53
bare,63,-1,54
bare,63,-1,55
bare,63,-1,56
bare,63,-1,57
bare,63,-1,58
bare,63,-1,59
bare,63,-1,60
bare,63,-1,61
bare,63,-1,62
bare,63,-1,63
bare,63,-1,64
bare,63,-1,65
bare,63,-1,66
bare,63,-1,67
bare,63,-1,68
bare,63,-1,69
bare,63,-1,70
bare,63,-1,71
bare,63,-1,72
bare,63,-1,73
bare,63,-1,74
bare,63,-1,75
bare,63,-1,76
bare,63,-1,77
bare,63,-1,78
bare,63,-1,79
bare,63,-1,80
bare,63,-1,81
redstone,63,-1,82
bare,63,-1,83
bare,63,-1,84
bare,63,-1,85
bare,63,-1,86
bare,63,-1,87
bare,63,-1,88
bare,63,-1,89
bare,63,-1,90
bare,63,-1,91
bare,63,-1,92
bare,63,-1,93
bare,63,-1,94
bare,63,-1,95
bare,63,-1,96
bare,63,-1,97
bare,63,-1,98
bare,63,-1,99
bare,63,-1,100
bare,63,-1,101
bare,63,-1,102
bare,63,-1,103
bare,63,-1,104
bare,63,-1,105
bare,63,-1,106
bare,63,-1,107
bare,63,-1,108
bare,63,-1,109
bare,63,-1,110
bare,63,-1,111
bare,63,-1,112
bare,63,-1,113
bare,63,-1,114
bare,63,-1,115
bare,63,-1,116
bare,63,-1,117
bare,63,-1,118
bare,63,-1,119
bare,63,-1,120
bare,63,-1,121
tuff,63,0,-1
bare,63,0,121
tuff,63,1,-1
bare,63,1,121
tuff,63,2,-1
bare,63,2,121
tuff,63,3,-1
bare,63,3,121
tuff,63,4,-1
bare,63,4,121
tuff,63,5,-1
bare,63,5,121
tuff,63,6,-1
bare,63,6,121
tuff,63,7,-1
tuff,63,7,0
tuff,63,7,1
tuff,63,7,2
tuff,63,7,3
tuff,63,7,4
tuff,63,7,5
tuff,63,7,6
bare,63,7,7
bare,63,7,8
bare,63,7,9
bare,63,7,10
bare,63,7,11
bare,63,7,12
bare,63,7,13
bare,63,7,14
bare,63,7,15
bare,63,7,16
bare,63,7,17
bare,63,7,18
bare,63,7,19
bare,63,7,20
bare,63,7,21
bare,63,7,22
bare,63,7,23
bare,63,7,24
bare,63,7,25
bare,63,7,26
bare,63,7,27
bare,63,7,28
bare,63,7,29
bare,63,7,30
bare,63,7,31
bare,63,7,32
bare,63,7,33
bare,63,7,34
bare,63,7,35
bare,63,7,36
bare,63,7,37
bare,63,7,38
bare,63,7,39
bare,63,7,40
bare,63,7,41
bare,63,7,42
bare,63,7,43
bare,63,7,44
bare,63,7,45
bare,63,7,46
bare,63,7,47
bare,63,7,48
bare,63,7,49
tuff,63,7,50
tuff,63,7,51
tuff,63,7,52
tuff,63,7,53
tuff,63,7,54
bare,63,7,55
bare,63,7,56
bare,63,7,57
bare,63,7,58
bare,63,7,59
bare,63,7,60
bare,63,7,61
bare,63,7,62
bare,63,7,63
bare,63,7,64
tuff,63,7,65
tuff,63,7,66
tuff,63,7,67
bare,63,7,68
bare,63,7,69
bare,63,7,70
bare,63,7,71
bare,63,7,72
bare,63,7,73
bare,63,7,74
bare,63,7,75
bare,63,7,76
bare,63,7,77
bare,63,7,78
bare,63,7,79
bare,63,7,80
bare,63,7,81
bare,63,7,82
bare,63,7,83
bare,63,7,84
bare,63,7,85
bare,63,7,86
bare,63,7,87
bare,63,7,88
bare,63,7,89
bare,63,7,90
bare,63,7,91
bare,63,7,92
bare,63,7,93
bare,63,7,94
bare,63,7,95
bare,63,7,96
bare,63,7,97
bare,63,7,98
bare,63,7,99
bare,63,7,100
bare,63,7,101
bare,63,7,102
bare,63,7,103
bare,63,7,104
bare,63,7,105
bare,63,7,106
bare,63,7,107
bare,63,7,108
bare,63,7,109
bare,63,7,110
bare,63,7,111
bare,63,7,112
bare,63,7,113
bare,63,7,114
bare,63,7,115
bare,63,7,116
bare,63,7,117
bare,63,7,118
bare,63,7,119
bare,63,7,120
bare,63,7,121
tuff,64,-1,-1
tuff,64,-1,0
tuff,64,-1,1
tuff,64,-1,2
tuff,64,-1,3
tuff,64,-1,4
tuff,64,-1,5
tuff,64,-1,6
tuff,64,-1,7
bare,64,-1,8
bare,64,-1,9
bare,64,-1,10
bare,64,-1,11
bare,64,-1,12
bare,64,-1,13
bare,64,-1,14
bare,64,-1,15
bare,64,-1,16
bare,64,-1,17
bare,64,-1,18
bare,64,-1,19
bare,64,-1,20
bare,64,-1,21
bare,64,-1,22
bare,64,-1,23
bare,64,-1,24
bare,64,-1,25
bare,64,-1,26
bare,64,-1,27
bare,64,-1,28
bare,64,-1,29
bare,64,-1,30
bare,64,-1,31
bare,64,-1,32
bare,64,-1,33
bare,64,-1,34
bare,64,-1,35
bare,64,-1,36
bare,64,-1,37
bare,64,-1,38
bare,64,-1,39
bare,64,-1,40
bare,64,-1,41
bare,64,-1,42
bare,64,-1,43
bare,64,-1,44
bare,64,-1,45
bare,64,-1,46
bare,64,-1,47
bare,64,-1,48
bare,64,-1,49
bare,64,-1,50
redstone,64,-1,51
bare,64,-1,52
bare,64,-1,53
bare,64,-1,54
bare,64,-1,55
bare,64,-1,56
bare,64,-1,57
bare,64,-1,58
bare,64,-1,59
bare,64,-1,60
bare,64,-1,61
bare,64,-1,62
bare,64,-1,63
bare,64,-1,64
bare,64,-1,65
bare,64,-1,66
bare,64,-1,67
bare,64,-1,68
bare,64,-1,69
bare,64,-1,70
bare,64,-1,71
bare,64,-1,72
bare,64,-1,73
bare,64,-1,74
bare,64,-1,75
bare,64,-1,76
bare,64,-1,77
bare,64,-1,78
bare,64,-1,79
bare,64,-1,80
redstone,64,-1,81
redstone,64,-1,82
bare,64,-1,83
bare,64,-1,84
bare,64,-1,85
bare,64,-1,86
bare,64,-1,87
bare,64,-1,88
bare,64,-1,89
bare,64,-1,90
bare,64,-1,91
bare,64,-1,92
bare,64,-1,93
bare,64,-1,94
bare,64,-1,95
bare,64,-1,96
bare,64,-1,97
bare,64,-1,98
bare,64,-1,99
bare,64,-1,100
bare,64,-1,101
bare,64,-1,102
bare,64,-1,103
bare,64,-1,104
bare,64,-1,105
bare,64,-1,106
bare,64,-1,107
bare,64,-1,108
bare,64,-1,109
bare,64,-1,110
bare,64,-1,111
bare,64,-1,112
bare,64,-1,113
bare,64,-1,114
bare,64,-1,115
bare,64,-1,116
bare,64,-1,117
bare,64,-1,118
bare,64,-1,119
bare,64,-1,120
bare,64,-1,121
tuff,64,0,-1
bare,64,0,121
tuff,64,1,-1
bare,64,1,121
tuff,64,2,-1
bare,64,2,121
tuff,64,3,-1
bare,64,3,121
tuff,64,4,-1
bare,64,4,121
tuff,64,5,-1
bare,64,5,121
tuff,64,6,-1
bare,64,6,121
tuff,64,7,-1
tuff,64,7,0
tuff,64,7,1
tuff,64,7,2
tuff,64,7,3
tuff,64,7,4
tuff,64,7,5
bare,64,7,6
bare,64,7,7
bare,64,7,8
bare,64,7,9
bare,64,7,10
bare,64,7,11
bare,64,7,12
bare,64,7,13
bare,64,7,14
bare,64,7,15
bare,64,7,16
bare,64,7,17
bare,64,7,18
bare,64,7,19
bare,64,7,20
bare,64,7,21
bare,64,7,22
bare,64,7,23
bare,64,7,24
bare,64,7,25
bare,64,7,26
bare,64,7,27
bare,64,7,28
bare,64,7,29
bare,64,7,30
bare,64,7,31
bare,64,7,32
bare,64,7,33
bare,64,7,34
bare,64,7,35
bare,64,7,36
bare,64,7,37
bare,64,7,38
bare,64,7,39
bare,64,7,40
bare,64,7,41
bare,64,7,42
bare,64,7,43
bare,64,7,44
bare,64,7,45
bare,64,7,46
bare,64,7,47
bare,64,7,48
bare,64,7,49
tuff,64,7,50
tuff,64,7,51
tuff,64,7,52
tuff,64,7,53
bare,64,7,54
bare,64,7,55
bare,64,7,56
bare,64,7,57
bare,64,7,58
bare,64,7,59
bare,64,7,60
bare,64,7,61
bare,64,7,62
bare,64,7,63
bare,64,7,64
tuff,64,7,65
tuff,64,7,66
tuff,64,7,67
bare,64,7,68
bare,64,7,69
bare,64,7,70
bare,64,7,71
bare,64,7,72
bare,64,7,73
bare,64,7,74
bare,64,7,75
bare,64,7,76
bare,64,7,77
bare,64,7,78
bare,64,7,79
bare,64,7,80
bare,64,7,81
bare,64,7,82
bare,64,7,83
bare,64,7,84
bare,64,7,85
bare,64,7,86
bare,64,7,87
bare,64,7,88
bare,64,7,89
bare,64,7,90
bare,64,7,91
bare,64,7,92
bare,64,7,93
bare,64,7,94
bare,64,7,95
bare,64,7,96
bare,64,7,97
bare,64,7,98
bare,64,7,99
bare,64,7,100
bare,64,7,101
bare,64,7,102
bare,64,7,103
bare,64,7,104
bare,64,7,105
bare,64,7,106
bare,64,7,107
bare,64,7,108
bare,64,7,109
bare,64,7,110
bare,64,7,111
bare,64,7,112
bare,64,7,113
bare,64,7,114
bare,64,7,115
bare,64,7,116
bare,64,7,117
bare,64,7,118
bare,64,7,119
bare,64,7,120
bare,64,7,121
tuff,65,-1,-1
tuff,65,-1,0
tuff,65,-1,1
tuff,65,-1,2
tuff,65,-1,3
tuff,65,-1,4
tuff,65,-1,5
tuff,65,-1,6
tuff,65,-1,7
bare,65,-1,8
bare,65,-1,9
bare,65,-1,10
bare,65,-1,11
bare,65,-1,12
bare,65,-1,13
bare,65,-1,14
bare,65,-1,15
bare,65,-1,16
bare,65,-1,17
bare,65,-1,18
bare,65,-1,19
bare,65,-1,20
bare,65,-1,21
bare,65,-1,22
bare,65,-1,23
bare,65,-1,24
bare,65,-1,25
bare,65,-1,26
bare,65,-1,27
bare,65,-1,28
bare,65,-1,29
bare,65,-1,30
bare,65,-1,31
bare,65,-1,32
bare,65,-1,33
bare,65,-1,34
bare,65,-1,35
bare,65,-1,36
bare,65,-1,37
bare,65,-1,38
bare,65,-1,39
bare,65,-1,40
bare,65,-1,41
bare,65,-1,42
bare,65,-1,43
bare,65,-1,44
bare,65,-1,45
bare,65,-1,46
bare,65,-1,47
bare,65,-1,48
bare,65,-1,49
bare,65,-1,50
bare,65,-1,51
bare,65,-1,52
bare,65,-1,53
bare,65,-1,54
bare,65,-1,55
bare,65,-1,56
bare,65,-1,57
bare,65,-1,58
bare,65,-1,59
bare,65,-1,60
bare,65,-1,61
bare,65,-1,62
bare,65,-1,63
bare,65,-1,64
bare,65,-1,65
redstone,65,-1,66
bare,65,-1,67
bare,65,-1,68
bare,65,-1,69
bare,65,-1,70
bare,65,-1,71
bare,65,-1,72
bare,65,-1,73
bare,65,-1,74
bare,65,-1,75
bare,65,-1,76
bare,65,-1,77
bare,65,-1,78
bare,65,-1,79
bare,65,-1,80
bare,65,-1,81
bare,65,-1,82
bare,65,-1,83
bare,65,-1,84
bare,65,-1,85
bare,65,-1,86
bare,65,-1,87
bare,65,-1,88
bare,65,-1,89
bare,65,-1,90
bare,65,-1,91
bare,65,-1,92
bare,65,-1,93
bare,65,-1,94
bare,65,-1,95
bare,65,-1,96
bare,65,-1,97
bare,65,-1,98
bare,65,-1,99
bare,65,-1,100
bare,65,-1,101
bare,65,-1,102
bare,65,-1,103
bare,65,-1,104
bare,65,-1,105
bare,65,-1,106
bare,65,-1,107
bare,65,-1,108
bare,65,-1,109
bare,65,-1,110
bare,65,-1,111
bare,65,-1,112
bare,65,-1,113
bare,65,-1,114
bare,65,-1,115
bare,65,-1,116
bare,65,-1,117
bare,65,-1,118
bare,65,-1,119
bare,65,-1,120
bare,65,-1,121
tuff,65,0,-1
bare,65,0,121
tuff,65,1,-1
bare,65,1,121
tuff,65,2,-1
bare,65,2,121
tuff,65,3,-1
bare,65,3,121
tuff,65,4,-1
bare,65,4,121
tuff,65,5,-1
bare,65,5,121
tuff,65,6,-1
bare,65,6,121
tuff,65,7,-1
tuff,65,7,0
tuff,65,7,1
tuff,65,7,2
tuff,65,7,3
bare,65,7,4
bare,65,7,5
bare,65,7,6
bare,65,7,7
bare,65,7,8
bare,65,7,9
bare,65,7,10
bare,65,7,11
bare,65,7,12
bare,65,7,13
bare,65,7,14
bare,65,7,15
bare,65,7,16
bare,65,7,17
bare,65,7,18
tuff,65,7,19
bare,65,7,20
bare,65,7,21
bare,65,7,22
bare,65,7,23
bare,65,7,24
bare,65,7,25
bare,65,7,26
bare,65,7,27
bare,65,7,28
bare,65,7,29
bare,65,7,30
bare,65,7,31
bare,65,7,32
bare,65,7,33
bare,65,7,34
bare,65,7,35
bare,65,7,36
bare,65,7,37
bare,65,7,38
bare,65,7,39
bare,65,7,40
bare,65,7,41
bare,65,7,42
bare,65,7,43
bare,65,7,44
bare,65,7,45
bare,65,7,46
bare,65,7,47
bare,65,7,48
bare,65,7,49
bare,65,7,50
bare,65,7,51
bare,65,7,52
bare,65,7,53
bare,65,7,54
bare,65,7,55
bare,65,7,56
bare,65,7,57
bare,65,7,58
bare,65,7,59
bare,65,7,60
bare,65,7,61
bare,65,7,62
bare,65,7,63
bare,65,7,64
bare,65,7,65
bare,65,7,66
bare,65,7,67
bare,65,7,68
bare,65,7,69
bare,65,7,70
bare,65,7,71
bare,65,7,72
bare,65,7,73
bare,65,7,74
bare,65,7,75
bare,65,7,76
bare,65,7,77
bare,65,7,78
bare,65,7,79
bare,65,7,80
bare,65,7,81
bare,65,7,82
bare,65,7,83
bare,65,7,84
bare,65,7,85
bare,65,7,86
bare,65,7,87
bare,65,7,88
bare,65,7,89
bare,65,7,90
bare,65,7,91
bare,65,7,92
bare,65,7,93
bare,65,7,94
bare,65,7,95
bare,65,7,96
bare,65,7,97
bare,65,7,98
bare,65,7,99
bare,65,7,100
bare,65,7,101
bare,65,7,102
bare,65,7,103
bare,65,7,104
bare,65,7,105
bare,65,7,106
bare,65,7,107
bare,65,7,108
bare,65,7,109
bare,65,7,110
bare,65,7,111
bare,65,7,112
bare,65,7,113
bare,65,7,114
bare,65,7,115
bare,65,7,116
bare,65,7,117
bare,65,7,118
bare,65,7,119
bare,65,7,120
bare,65,7,121
tuff,66,-1,-1
tuff,66,-1,0
tuff,66,-1,1
tuff,66,-1,2
tuff,66,-1,3
tuff,66,-1,4
tuff,66,-1,5
tuff,66,-1,6
tuff,66,-1,7
tuff,66,-1,8
bare,66,-1,9
bare,66,-1,10
bare,66,-1,11
bare,66,-1,12
bare,66,-1,13
bare,66,-1,14
bare,66,-1,15
bare,66,-1,16
bare,66,-1,17
bare,66,-1,18
bare,66,-1,19
bare,66,-1,20
bare,66,-1,21
bare,66,-1,22
bare,66,-1,23
bare,66,-1,24
bare,66,-1,25
bare,66,-1,26
bare,66,-1,27
bare,66,-1,28
bare,66,-1,29
bare,66,-1,30
bare,66,-1,31
bare,66,-1,32
bare,66,-1,33
bare,66,-1,34
bare,66,-1,35
bare,66,-1,36
bare,66,-1,37
bare,66,-1,38
bare,66,-1,39
bare,66,-1,40
bare,66,-1,41
bare,66,-1,42
bare,66,-1,43
bare,66,-1,44
bare,66,-1,45
bare,66,-1,46
bare,66,-1,47
bare,66,-1,48
bare,66,-1,49
bare,66,-1,50
bare,66,-1,51
bare,66,-1,52
bare,66,-1,53
bare,66,-1,54
bare,66,-1,55
bare,66,-1,56
bare,66,-1,57
bare,66,-1,58
bare,66,-1,59
bare,66,-1,60
bare,66,-1,61
bare,66,-1,62
bare,66,-1,63
bare,66,-1,64
bare,66,-1,65
bare,66,-1,66
bare,66,-1,67
bare,66,-1,68
bare,66,-1,69
bare,66,-1,70
bare,66,-1,71
bare,66,-1,72
bare,66,-1,73
bare,66,-1,74
bare,66,-1,75
bare,66,-1,76
bare,66,-1,77
bare,66,-1,78
bare,66,-1,79
bare,66,-1,80
bare,66,-1,81
bare,66,-1,82
bare,66,-1,83
bare,66,-1,84
bare,66,-1,85
bare,66,-1,86
bare,66,-1,87
bare,66,-1,88
bare,66,-1,89
bare,66,-1,90
bare,66,-1,91
bare,66,-1,92
bare,66,-1,93
bare,66,-1,94
bare,66,-1,95
bare,66,-1,96
bare,66,-1,97
bare,66,-1,98
bare,66,-1,99
bare,66,-1,100
bare,66,-1,101
bare,66,-1,102
bare,66,-1,103
bare,66,-1,104
bare,66,-1,105
bare,66,-1,106
bare,66,-1,107
bare,66,-1,108
bare,66,-1,109
bare,66,-1,110
bare,66,-1,111
bare,66,-1,112
bare,66,-1,113
bare,66,-1,114
bare,66,-1,115
bare,66,-1,116
bare,66,-1,117
bare,66,-1,118
bare,66,-1,119
bare,66,-1,120
bare,66,-1,121
tuff,66,0,-1
bare,66,0,121
tuff,66,1,-1
bare,66,1,121
tuff,66,2,-1
bare,66,2,121
bare,66,3,-1
bare,66,3,121
bare,66,4,-1
bare,66,4,121
tuff,66,5,-1
bare,66,5,121
tuff,66,6,-1
bare,66,6,121
tuff,66,7,-1
tuff,66,7,0
tuff,66,7,1
tuff,66,7,2
bare,66,7,3
bare,66,7,4
bare,66,7,5
bare,66,7,6
bare,66,7,7
bare,66,7,8
bare,66,7,9
bare,66,7,10
bare,66,7,11
bare,66,7,12
bare,66,7,13
bare,66,7,14
bare,66,7,15
bare,66,7,16
bare,66,7,17
bare,66,7,18
bare,66,7,19
bare,66,7,20
tuff,66,7,21
bare,66,7,22
bare,66,7,23
bare,66,7,24
bare,66,7,25
bare,66,7,26
bare,66,7,27
bare,66,7,28
bare,66,7,29
bare,66,7,30
bare,66,7,31
bare,66,7,32
bare,66,7,33
bare,66,7,34
bare,66,7,35
bare,66,7,36
bare,66,7,37
bare,66,7,38
bare,66,7,39
bare,66,7,40
bare,66,7,41
bare,66,7,42
bare,66,7,43
bare,66,7,44
bare,66,7,45
bare,66,7,46
bare,66,7,47
bare,66,7,48
bare,66,7,49
bare,66,7,50
bare,66,7,51
bare,66,7,52
bare,66,7,53
bare,66,7,54
bare,66,7,55
bare,66,7,56
bare,66,7,57
bare,66,7,58
bare,66,7,59
bare,66,7,60
bare,66,7,61
bare,66,7,62
bare,66,7,63
bare,66,7,64
bare,66,7,65
bare,66,7,66
bare,66,7,67
bare,66,7,68
bare,66,7,69
bare,66,7,70
bare,66,7,71
bare,66,7,72
bare,66,7,73
bare,66,7,74
bare,66,7,75
bare,66,7,76
bare,66,7,77
bare,66,7,78
bare,66,7,79
bare,66,7,80
bare,66,7,81
bare,66,7,82
bare,66,7,83
bare,66,7,84
bare,66,7,85
bare,66,7,86
bare,66,7,87
bare,66,7,88
bare,66,7,89
bare,66,7,90
bare,66,7,91
bare,66,7,92
bare,66,7,93
bare,66,7,94
bare,66,7,95
bare,66,7,96
bare,66,7,97
bare,66,7,98
bare,66,7,99
bare,66,7,100
bare,66,7,101
bare,66,7,102
bare,66,7,103
bare,66,7,104
bare,66,7,105
bare,66,7,106
bare,66,7,107
bare,66,7,108
bare,66,7,109
bare,66,7,110
bare,66,7,111
bare,66,7,112
bare,66,7,113
bare,66,7,114
bare,66,7,115
bare,66,7,116
bare,66,7,117
bare,66,7,118
bare,66,7,119
bare,66,7,120
bare,66,7,121
bare,67,-1,-1
tuff,67,-1,0
tuff,67,-1,1
tuff,67,-1,2
tuff,67,-1,3
tuff,67,-1,4
tuff,67,-1,5
tuff,67,-1,6
tuff,67,-1,7
tuff,67,-1,8
tuff,67,-1,9
bare,67,-1,10
bare,67,-1,11
bare,67,-1,12
bare,67,-1,13
bare,67,-1,14
bare,67,-1,15
bare,67,-1,16
bare,67,-1,17
bare,67,-1,18
bare,67,-1,19
bare,67,-1,20
bare,67,-1,21
bare,67,-1,22
bare,67,-1,23
bare,67,-1,24
bare,67,-1,25
bare,67,-1,26
bare,67,-1,27
bare,67,-1,28
bare,67,-1,29
bare,67,-1,30
bare,67,-1,31
bare,67,-1,32
bare,67,-1,33
bare,67,-1,34
bare,67,-1,35
bare,67,-1,36
bare,67,-1,37
bare,67,-1,38
bare,67,-1,39
tuff,67,-1,40
tuff,67,-1,41
bare,67,-1,42
bare,67,-1,43
bare,67,-1,44
bare,67,-1,45
bare,67,-1,46
bare,67,-1,47
bare,67,-1,48
bare,67,-1,49
bare,67,-1,50
bare,67,-1,51
bare,67,-1,52
bare,67,-1,53
bare,67,-1,54
bare,67,-1,55
bare,67,-1,56
bare,67,-1,57
bare,67,-1,58
bare,67,-1,59
bare,67,-1,60
bare,67,-1,61
bare,67,-1,62
bare,67,-1,63
bare,67,-1,64
bare,67,-1,65
bare,67,-1,66
bare,67,-1,67
bare,67,-1,68
bare,67,-1,69
bare,67,-1,70
bare,67,-1,71
bare,67,-1,72
bare,67,-1,73
tuff,67,-1,74
tuff,67,-1,75
tuff,67,-1,76
bare,67,-1,77
bare,67,-1,78
bare,67,-1,79
bare,67,-1,80
bare,67,-1,81
bare,67,-1,82
bare,67,-1,83
bare,67,-1,84
bare,67,-1,85
bare,67,-1,86
bare,67,-1,87
bare,67,-1,88
bare,67,-1,89
bare,67,-1,90
bare,67,-1,91
bare,67,-1,92
bare,67,-1,93
bare,67,-1,94
bare,67,-1,95
bare,67,-1,96
bare,67,-1,97
bare,67,-1,98
bare,67,-1,99
bare,67,-1,100
bare,67,-1,101
bare,67,-1,102
bare,67,-1,103
bare,67,-1,104
bare,67,-1,105
bare,67,-1,106
bare,67,-1,107
bare,67,-1,108
bare,67,-1,109
bare,67,-1,110
bare,67,-1,111
bare,67,-1,112
bare,67,-1,113
bare,67,-1,114
bare,67,-1,115
bare,67,-1,116
bare,67,-1,117
bare,67,-1,118
bare,67,-1,119
bare,67,-1,120
bare,67,-1,121
bare,67,0,-1
bare,67,0,121
bare,67,1,-1
bare,67,1,121
bare,67,2,-1
bare,67,2,121
bare,67,3,-1
bare,67,3,121
bare,67,4,-1
bare,67,4,121
bare,67,5,-1
bare,67,5,121
bare,67,6,-1
bare,67,6,121
bare,67,7,-1
bare,67,7,0
bare,67,7,1
bare,67,7,2
bare,67,7,3
bare,67,7,4
bare,67,7,5
bare,67,7,6
bare,67,7,7
bare,67,7,8
bare,67,7,9
bare,67,7,10
bare,67,7,11
bare,67,7,12
bare,67,7,13
bare,67,7,14
bare,67,7,15
bare,67,7,16
bare,67,7,17
bare,67,7,18
bare,67,7,19
bare,67,7,20
bare,67,7,21
bare,67,7,22
bare,67,7,23
bare,67,7,24
bare,67,7,25
bare,67,7,26
bare,67,7,27
bare,67,7,28
bare,67,7,29
bare,67,7,30
bare,67,7,31
bare,67,7,32
bare,67,7,33
bare,67,7,34
bare,67,7,35
bare,67,7,36
bare,67,7,37
bare,67,7,38
bare,67,7,39
bare,67,7,40
bare,67,7,41
bare,67,7,42
bare,67,7,43
bare,67,7,44
bare,67,7,45
bare,67,7,46
bare,67,7,47
bare,67,7,48
bare,67,7,49
bare,67,7,50
bare,67,7,51
bare,67,7,52
bare,67,7,53
bare,67,7,54
bare,67,7,55
bare,67,7,56
gravel,67,7,57
gravel,67,7,58
gravel,67,7,59
bare,67,7,60
bare,67,7,61
bare,67,7,62
bare,67,7,63
bare,67,7,64
bare,67,7,65
bare,67,7,66
bare,67,7,67
bare,67,7,68
bare,67,7,69
bare,67,7,70
bare,67,7,71
bare,67,7,72
bare,67,7,73
bare,67,7,74
bare,67,7,75
bare,67,7,76
bare,67,7,77
bare,67,7,78
bare,67,7,79
bare,67,7,80
bare,67,7,81
bare,67,7,82
bare,67,7,83
bare,67,7,84
bare,67,7,85
bare,67,7,86
bare,67,7,87
bare,67,7,88
bare,67,7,89
bare,67,7,90
bare,67,7,91
bare,67,7,92
bare,67,7,93
bare,67,7,94
bare,67,7,95
bare,67,7,96
bare,67,7,97
bare,67,7,98
bare,67,7,99
bare,67,7,100
bare,67,7,101
bare,67,7,102
bare,67,7,103
bare,67,7,104
bare,67,7,105
bare,67,7,106
bare,67,7,107
bare,67,7,108
bare,67,7,109
bare,67,7,110
bare,67,7,111
bare,67,7,112
bare,67,7,113
bare,67,7,114
bare,67,7,115
bare,67,7,116
bare,67,7,117
bare,67,7,118
bare,67,7,119
bare,67,7,120
bare,67,7,121
bare,68,-1,-1
bare,68,-1,0
tuff,68,-1,1
tuff,68,-1,2
tuff,68,-1,3
tuff,68,-1,4
tuff,68,-1,5
tuff,68,-1,6
tuff,68,-1,7
tuff,68,-1,8
tuff,68,-1,9
tuff,68,-1,10
bare,68,-1,11
bare,68,-1,12
bare,68,-1,13
bare,68,-1,14
bare,68,-1,15
bare,68,-1,16
bare,68,-1,17
bare,68,-1,18
bare,68,-1,19
bare,68,-1,20
bare,68,-1,21
bare,68,-1,22
bare,68,-1,23
bare,68,-1,24
bare,68,-1,25
bare,68,-1,26
bare,68,-1,27
bare,68,-1,28
bare,68,-1,29
bare,68,-1,30
bare,68,-1,31
bare,68,-1,32
bare,68,-1,33
bare,68,-1,34
bare,68,-1,35
bare,68,-1,36
bare,68,-1,37
bare,68,-1,38
tuff,68,-1,39
tuff,68,-1,40
tuff,68,-1,41
tuff,68,-1,42
bare,68,-1,43
bare,68,-1,44
bare,68,-1,45
bare,68,-1,46
lapis,68,-1,47
lapis,68,-1,48
bare,68,-1,49
bare,68,-1,50
bare,68,-1,51
bare,68,-1,52
bare,68,-1,53
bare,68,-1,54
bare,68,-1,55
bare,68,-1,56
bare,68,-1,57
bare,68,-1,58
bare,68,-1,59
bare,68,-1,60
bare,68,-1,61
bare,68,-1,62
bare,68,-1,63
bare,68,-1,64
bare,68,-1,65
bare,68,-1,66
bare,68,-1,67
bare,68,-1,68
bare,68,-1,69
bare,68,-1,70
bare,68,-1,71
tuff,68,-1,72
tuff,68,-1,73
tuff,68,-1,74
tuff,68,-1,75
tuff,68,-1,76
bare,68,-1,77
bare,68,-1,78
bare,68,-1,79
bare,68,-1,80
bare,68,-1,81
bare,68,-1,82
bare,68,-1,83
bare,68,-1,84
bare,68,-1,85
bare,68,-1,86
bare,68,-1,87
bare,68,-1,88
bare,68,-1,89
bare,68,-1,90
bare,68,-1,91
bare,68,-1,92
bare,68,-1,93
bare,68,-1,94
bare,68,-1,95
bare,68,-1,96
bare,68,-1,97
bare,68,-1,98
bare,68,-1,99
bare,68,-1,100
bare,68,-1,101
bare,68,-1,102
bare,68,-1,103
bare,68,-1,104
bare,68,-1,105
bare,68,-1,106
bare,68,-1,107
bare,68,-1,108
bare,68,-1,109
bare,68,-1,110
bare,68,-1,111
bare,68,-1,112
bare,68,-1,113
bare,68,-1,114
bare,68,-1,115
bare,68,-1,116
bare,68,-1,117
bare,68,-1,118
bare,68,-1,119
bare,68,-1,120
bare,68,-1,121
bare,68,0,-1
bare,68,0,121
bare,68,1,-1
bare,68,1,121
bare,68,2,-1
bare,68,2,121
bare,68,3,-1
bare,68,3,121
bare,68,4,-1
bare,68,4,121
bare,68,5,-1
bare,68,5,121
bare,68,6,-1
bare,68,6,121
bare,68,7,-1
bare,68,7,0
bare,68,7,1
bare,68,7,2
bare,68,7,3
bare,68,7,4
bare,68,7,5
bare,68,7,6
bare,68,7,7
bare,68,7,8
bare,68,7,9
bare,68,7,10
bare,68,7,11
bare,68,7,12
bare,68,7,13
bare,68,7,14
bare,68,7,15
bare,68,7,16
bare,68,7,17
bare,68,7,18
bare,68,7,19
bare,68,7,20
bare,68,7,21
bare,68,7,22
bare,68,7,23
bare,68,7,24
bare,68,7,25
bare,68,7,26
bare,68,7,27
bare,68,7,28
bare,68,7,29
bare,68,7,30
bare,68,7,31
bare,68,7,32
bare,68,7,33
bare,68,7,34
bare,68,7,35
bare,68,7,36
bare,68,7,37
bare,68,7,38
bare,68,7,39
bare,68,7,40
bare,68,7,41
bare,68,7,42
bare,68,7,43
bare,68,7,44
bare,68,7,45
bare,68,7,46
bare,68,7,47
bare,68,7,48
bare,68,7,49
bare,68,7,50
bare,68,7,51
bare,68,7,52
bare,68,7,53
bare,68,7,54
bare,68,7,55
gravel,68,7,56
gravel,68,7,57
gravel,68,7,58
gravel,68,7,59
bare,68,7,60
bare,68,7,61
bare,68,7,62
bare,68,7,63
bare,68,7,64
bare,68,7,65
bare,68,7,66
bare,68,7,67
bare,68,7,68
bare,68,7,69
bare,68,7,70
bare,68,7,71
bare,68,7,72
bare,68,7,73
bare,68,7,74
bare,68,7,75
bare,68,7,76
bare,68,7,77
bare,68,7,78
bare,68,7,79
bare,68,7,80
bare,68,7,81
bare,68,7,82
bare,68,7,83
bare,68,7,84
bare,68,7,85
bare,68,7,86
bare,68,7,87
bare,68,7,88
bare,68,7,89
bare,68,7,90
bare,68,7,91
bare,68,7,92
bare,68,7,93
bare,68,7,94
bare,68,7,95
bare,68,7,96
bare,68,7,97
bare,68,7,98
bare,68,7,99
bare,68,7,100
bare,68,7,101
bare,68,7,102
bare,68,7,103
bare,68,7,104
bare,68,7,105
bare,68,7,106
bare,68,7,107
bare,68,7,108
bare,68,7,109
bare,68,7,110
bare,68,7,111
bare,68,7,112
bare,68,7,113
bare,68,7,114
bare,68,7,115
bare,68,7,116
bare,68,7,117
bare,68,7,118
bare,68,7,119
bare,68,7,120
bare,68,7,121
bare,69,-1,-1
bare,69,-1,0
bare,69,-1,1
tuff,69,-1,2
tuff,69,-1,3
tuff,69,-1,4
tuff,69,-1,5
tuff,69,-1,6
tuff,69,-1,7
tuff,69,-1,8
tuff,69,-1,9
tuff,69,-1,10
bare,69,-1,11
bare,69,-1,12
bare,69,-1,13
bare,69,-1,14
bare,69,-1,15
bare,69,-1,16
bare,69,-1,17
bare,69,-1,18
bare,69,-1,19
bare,69,-1,20
bare,69,-1,21
bare,69,-1,22
bare,69,-1,23
bare,69,-1,24
bare,69,-1,25
bare,69,-1,26
bare,69,-1,27
bare,69,-1,28
bare,69,-1,29
bare,69,-1,30
bare,69,-1,31
bare,69,-1,32
bare,69,-1,33
bare,69,-1,34
bare,69,-1,35
bare,69,-1,36
bare,69,-1,37
tuff,69,-1,38
tuff,69,-1,39
tuff,69,-1,40
tuff,69,-1,41
tuff,69,-1,42
tuff,69,-1,43
bare,69,-1,44
bare,69,-1,45
bare,69,-1,46
lapis,69,-1,47
lapis,69,-1,48
bare,69,-1,49
bare,69,-1,50
bare,69,-1,51
bare,69,-1,52
bare,69,-1,53
bare,69,-1,54
bare,69,-1,55
bare,69,-1,56
bare,69,-1,57
bare,69,-1,58
bare,69,-1,59
bare,69,-1,60
bare,69,-1,61
bare,69,-1,62
bare,69,-1,63
bare,69,-1,64
bare,69,-1,65
bare,69,-1,66
bare,69,-1,67
bare,69,-1,68
bare,69,-1,69
bare,69,-1,70
tuff,69,-1,71
tuff,69,-1,72
tuff,69,-1,73
tuff,69,-1,74
tuff,69,-1,75
tuff,69,-1,76
bare,69,-1,77
bare,69,-1,78
bare,69,-1,79
bare,69,-1,80
bare,69,-1,81
bare,69,-1,82
bare,69,-1,83
bare,69,-1,84
bare,69,-1,85
bare,69,-1,86
bare,69,-1,87
bare,69,-1,88
bare,69,-1,89
bare,69,-1,90
bare,69,-1,91
bare,69,-1,92
bare,69,-1,93
bare,69,-1,94
bare,69,-1,95
bare,69,-1,96
bare,69,-1,97
bare,69,-1,98
bare,69,-1,99
bare,69,-1,100
bare,69,-1,101
bare,69,-1,102
bare,69,-1,103
bare,69,-1,104
bare,69,-1,105
bare,69,-1,106
bare,69,-1,107
bare,69,-1,108
bare,69,-1,109
bare,69,-1,110
bare,69,-1,111
bare,69,-1,112
bare,69,-1,113
bare,69,-1,114
bare,69,-1,115
bare,69,-1,116
bare,69,-1,117
bare,69,-1,118
bare,69,-1,119
bare,69,-1,120
bare,69,-1,121
bare,69,0,-1
bare,69,0,121
bare,69,1,-1
bare,69,1,121
bare,69,2,-1
bare,69,2,121
bare,69,3,-1
bare,69,3,121
bare,69,4,-1
bare,69,4,121
bare,69,5,-1
bare,69,5,121
bare,69,6,-1
bare,69,6,121
bare,69,7,-1
bare,69,7,0
bare,69,7,1
bare,69,7,2
bare,69,7,3
bare,69,7,4
bare,69,7,5
bare,69,7,6
bare,69,7,7
bare,69,7,8
bare,69,7,9
bare,69,7,10
bare,69,7,11
bare,69,7,12
bare,69,7,13
bare,69,7,14
bare,69,7,15
bare,69,7,16
bare,69,7,17
bare,69,7,18
bare,69,7,19
bare,69,7,20
bare,69,7,21
bare,69,7,22
bare,69,7,23
bare,69,7,24
bare,69,7,25
bare,69,7,26
bare,69,7,27
bare,69,7,28
bare,69,7,29
bare,69,7,30
bare,69,7,31
bare,69,7,32
bare,69,7,33
bare,69,7,34
bare,69,7,35
bare,69,7,36
bare,69,7,37
bare,69,7,38
bare,69,7,39
bare,69,7,40
bare,69,7,41
bare,69,7,42
bare,69,7,43
bare,69,7,44
bare,69,7,45
bare,69,7,46
bare,69,7,47
bare,69,7,48
bare,69,7,49
bare,69,7,50
bare,69,7,51
bare,69,7,52
bare,69,7,53
bare,69,7,54
bare,69,7,55
bare,69,7,56
bare,69,7,57
gravel,69,7,58
bare,69,7,59
bare,69,7,60
bare,69,7,61
bare,69,7,62
bare,69,7,63
bare,69,7,64
bare,69,7,65
bare,69,7,66
bare,69,7,67
bare,69,7,68
bare,69,7,69
bare,69,7,70
bare,69,7,71
bare,69,7,72
bare,69,7,73
bare,69,7,74
bare,69,7,75
bare,69,7,76
bare,69,7,77
bare,69,7,78
bare,69,7,79
bare,69,7,80
bare,69,7,81
bare,69,7,82
bare,69,7,83
bare,69,7,84
bare,69,7,85
bare,69,7,86
bare,69,7,87
bare,69,7,88
bare,69,7,89
bare,69,7,90
bare,69,7,91
bare,69,7,92
bare,69,7,93
bare,69,7,94
bare,69,7,95
bare,69,7,96
bare,69,7,97
bare,69,7,98
bare,69,7,99
bare,69,7,100
bare,69,7,101
bare,69,7,102
bare,69,7,103
bare,69,7,104
bare,69,7,105
bare,69,7,106
bare,69,7,107
bare,69,7,108
bare,69,7,109
bare,69,7,110
bare,69,7,111
bare,69,7,112
bare,69,7,113
bare,69,7,114
bare,69,7,115
bare,69,7,116
bare,69,7,117
bare,69,7,118
bare,69,7,119
bare,69,7,120
bare,69,7,121
bare,70,-1,-1
bare,70,-1,0
bare,70,-1,1
bare,70,-1,2
bare,70,-1,3
tuff,70,-1,4
tuff,70,-1,5
tuff,70,-1,6
tuff,70,-1,7
tuff,70,-1,8
tuff,70,-1,9
tuff,70,-1,10
bare,70,-1,11
bare,70,-1,12
bare,70,-1,13
bare,70,-1,14
bare,70,-1,15
bare,70,-1,16
bare,70,-1,17
bare,70,-1,18
bare,70,-1,19
bare,70,-1,20
bare,70,-1,21
bare,70,-1,22
bare,70,-1,23
bare,70,-1,24
bare,70,-1,25
bare,70,-1,26
bare,70,-1,27
bare,70,-1,28
bare,70,-1,29
bare,70,-1,30
bare,70,-1,31
bare,70,-1,32
bare,70,-1,33
bare,70,-1,34
bare,70,-1,35
bare,70,-1,36
tuff,70,-1,37
tuff,70,-1,38
tuff,70,-1,39
tuff,70,-1,40
tuff,70,-1,41
tuff,70,-1,42
tuff,70,-1,43
bare,70,-1,44
bare,70,-1,45
bare,70,-1,46
bare,70,-1,47
bare,70,-1,48
bare,70,-1,49
bare,70,-1,50
bare,70,-1,51
bare,70,-1,52
bare,70,-1,53
bare,70,-1,54
bare,70,-1,55
bare,70,-1,56
bare,70,-1,57
bare,70,-1,58
bare,70,-1,59
bare,70,-1,60
bare,70,-1,61
bare,70,-1,62
bare,70,-1,63
bare,70,-1,64
bare,70,-1,65
bare,70,-1,66
bare,70,-1,67
bare,70,-1,68
bare,70,-1,69
tuff,70,-1,70
tuff,70,-1,71
tuff,70,-1,72
tuff,70,-1,73
tuff,70,-1,74
tuff,70,-1,75
tuff,70,-1,76
bare,70,-1,77
bare,70,-1,78
bare,70,-1,79
bare,70,-1,80
bare,70,-1,81
bare,70,-1,82
bare,70,-1,83
bare,70,-1,84
bare,70,-1,85
bare,70,-1,86
bare,70,-1,87
bare,70,-1,88
bare,70,-1,89
bare,70,-1,90
bare,70,-1,91
bare,70,-1,92
bare,70,-1,93
bare,70,-1,94
bare,70,-1,95
bare,70,-1,96
bare,70,-1,97
bare,70,-1,98
bare,70,-1,99
bare,70,-1,100
bare,70,-1,101
bare,70,-1,102
bare,70,-1,103
bare,70,-1,104
bare,70,-1,105
bare,70,-1,106
bare,70,-1,107
bare,70,-1,108
bare,70,-1,109
bare,70,-1,110
bare,70,-1,111
bare,70,-1,112
bare,70,-1,113
bare,70,-1,114
bare,70,-1,115
bare,70,-1,116
bare,70,-1,117
bare,70,-1,118
bare,70,-1,119
bare,70,-1,120
bare,70,-1,121
bare,70,0,-1
bare,70,0,121
bare,70,1,-1
bare,70,1,121
bare,70,2,-1
bare,70,2,121
bare,70,3,-1
bare,70,3,121
bare,70,4,-1
bare,70,4,121
bare,70,5,-1
bare,70,5,121
bare,70,6,-1
bare,70,6,121
bare,70,7,-1
bare,70,7,0
bare,70,7,1
bare,70,7,2
bare,70,7,3
bare,70,7,4
bare,70,7,5
bare,70,7,6
bare,70,7,7
bare,70,7,8
bare,70,7,9
bare,70,7,10
bare,70,7,11
bare,70,7,12
bare,70,7,13
bare,70,7,14
bare,70,7,15
bare,70,7,16
bare,70,7,17
bare,70,7,18
bare,70,7,19
bare,70,7,20
bare,70,7,21
bare,70,7,22
bare,70,7,23
bare,70,7,24
bare,70,7,25
bare,70,7,26
bare,70,7,27
bare,70,7,28
bare,70,7,29
bare,70,7,30
bare,70,7,31
bare,70,7,32
bare,70,7,33
bare,70,7,34
bare,70,7,35
bare,70,7,36
bare,70,7,37
bare,70,7,38
bare,70,7,39
bare,70,7,40
bare,70,7,41
bare,70,7,42
bare,70,7,43
bare,70,7,44
bare,70,7,45
bare,70,7,46
bare,70,7,47
bare,70,7,48
bare,70,7,49
bare,70,7,50
bare,70,7,51
bare,70,7,52
bare,70,7,53
bare,70,7,54
bare,70,7,55
bare,70,7,56
bare,70,7,57
bare,70,7,58
bare,70,7,59
bare,70,7,60
bare,70,7,61
bare,70,7,62
bare,70,7,63
bare,70,7,64
bare,70,7,65
bare,70,7,66
bare,70,7,67
bare,70,7,68
bare,70,7,69
bare,70,7,70
bare,70,7,71
bare,70,7,72
bare,70,7,73
bare,70,7,74
bare,70,7,75
bare,70,7,76
bare,70,7,77
bare,70,7,78
bare,70,7,79
bare,70,7,80
bare,70,7,81
bare,70,7,82
bare,70,7,83
bare,70,7,84
bare,70,7,85
bare,70,7,86
bare,70,7,87
bare,70,7,88
bare,70,7,89
bare,70,7,90
bare,70,7,91
bare,70,7,92
bare,70,7,93
bare,70,7,94
bare,70,7,95
bare,70,7,96
bare,70,7,97
bare,70,7,98
bare,70,7,99
bare,70,7,100
bare,70,7,101
bare,70,7,102
bare,70,7,103
bare,70,7,104
bare,70,7,105
bare,70,7,106
bare,70,7,107
bare,70,7,108
bare,70,7,109
bare,70,7,110
bare,70,7,111
bare,70,7,112
bare,70,7,113
bare,70,7,114
bare,70,7,115
bare,70,7,116
bare,70,7,117
bare,70,7,118
bare,70,7,119
bare,70,7,120
bare,70,7,121
bare,71,-1,-1
bare,71,-1,0
bare,71,-1,1
bare,71,-1,2
bare,71,-1,3
tuff,71,-1,4
tuff,71,-1,5
tuff,71,-1,6
tuff,71,-1,7
tuff,71,-1,8
tuff,71,-1,9
tuff,71,-1,10
bare,71,-1,11
bare,71,-1,12
bare,71,-1,13
bare,71,-1,14
bare,71,-1,15
bare,71,-1,16
bare,71,-1,17
bare,71,-1,18
bare,71,-1,19
bare,71,-1,20
bare,71,-1,21
bare,71,-1,22
bare,71,-1,23
bare,71,-1,24
bare,71,-1,25
bare,71,-1,26
bare,71,-1,27
bare,71,-1,28
bare,71,-1,29
bare,71,-1,30
bare,71,-1,31
bare,71,-1,32
bare,71,-1,33
bare,71,-1,34
bare,71,-1,35
bare,71,-1,36
tuff,71,-1,37
tuff,71,-1,38
tuff,71,-1,39
tuff,71,-1,40
tuff,71,-1,41
tuff,71,-1,42
tuff,71,-1,43
bare,71,-1,44
bare,71,-1,45
bare,71,-1,46
bare,71,-1,47
bare,71,-1,48
bare,71,-1,49
bare,71,-1,50
bare,71,-1,51
bare,71,-1,52
bare,71,-1,53
bare,71,-1,54
bare,71,-1,55
bare,71,-1,56
bare,71,-1,57
bare,71,-1,58
bare,71,-1,59
bare,71,-1,60
bare,71,-1,61
bare,71,-1,62
bare,71,-1,63
bare,71,-1,64
bare,71,-1,65
bare,71,-1,66
bare,71,-1,67
bare,71,-1,68
tuff,71,-1,69
tuff,71,-1,70
tuff,71,-1,71
tuff,71,-1,72
tuff,71,-1,73
tuff,71,-1,74
tuff,71,-1,75
tuff,71,-1,76
bare,71,-1,77
bare,71,-1,78
bare,71,-1,79
bare,71,-1,80
bare,71,-1,81
bare,71,-1,82
bare,71,-1,83
bare,71,-1,84
bare,71,-1,85
bare,71,-1,86
bare,71,-1,87
bare,71,-1,88
bare,71,-1,89
bare,71,-1,90
bare,71,-1,91
bare,71,-1,92
bare,71,-1,93
bare,71,-1,94
bare,71,-1,95
bare,71,-1,96
bare,71,-1,97
bare,71,-1,98
bare,71,-1,99
bare,71,-1,100
bare,71,-1,101
bare,71,-1,102
bare,71,-1,103
bare,71,-1,104
bare,71,-1,105
bare,71,-1,106
bare,71,-1,107
bare,71,-1,108
bare,71,-1,109
bare,71,-1,110
bare,71,-1,111
bare,71,-1,112
bare,71,-1,113
bare,71,-1,114
bare,71,-1,115
bare,71,-1,116
bare,71,-1,117
bare,71,-1,118
bare,71,-1,119
bare,71,-1,120
bare,71,-1,121
bare,71,0,-1
bare,71,0,121
bare,71,1,-1
bare,71,1,121
bare,71,2,-1
bare,71,2,121
bare,71,3,-1
bare,71,3,121
bare,71,4,-1
bare,71,4,121
bare,71,5,-1
bare,71,5,121
bare,71,6,-1
bare,71,6,121
bare,71,7,-1
bare,71,7,0
bare,71,7,1
bare,71,7,2
bare,71,7,3
bare,71,7,4
bare,71,7,5
bare,71,7,6
bare,71,7,7
bare,71,7,8
bare,71,7,9
bare,71,7,10
bare,71,7,11
bare,71,7,12
bare,71,7,13
bare,71,7,14
bare,71,7,15
bare,71,7,16
bare,71,7,17
bare,71,7,18
bare,71,7,19
bare,71,7,20
bare,71,7,21
bare,71,7,22
bare,71,7,23
bare,71,7,24
bare,71,7,25
bare,71,7,26
bare,71,7,27
bare,71,7,28
bare,71,7,29
bare,71,7,30
bare,71,7,31
bare,71,7,32
bare,71,7,33
bare,71,7,34
bare,71,7,35
bare,71,7,36
bare,71,7,37
bare,71,7,38
bare,71,7,39
bare,71,7,40
bare,71,7,41
bare,71,7,42
bare,71,7,43
bare,71,7,44
bare,71,7,45
bare,71,7,46
bare,71,7,47
bare,71,7,48
bare,71,7,49
bare,71,7,50
bare,71,7,51
bare,71,7,52
bare,71,7,53
bare,71,7,54
bare,71,7,55
bare,71,7,56
bare,71,7,57
bare,71,7,58
bare,71,7,59
bare,71,7,60
bare,71,7,61
bare,71,7,62
bare,71,7,63
bare,71,7,64
bare,71,7,65
bare,71,7,66
bare,71,7,67
bare,71,7,68
bare,71,7,69
bare,71,7,70
bare,71,7,71
bare,71,7,72
bare,71,7,73
bare,71,7,74
bare,71,7,75
bare,71,7,76
bare,71,7,77
bare,71,7,78
bare,71,7,79
bare,71,7,80
bare,71,7,81
bare,71,7,82
bare,71,7,83
bare,71,7,84
bare,71,7,85
bare,71,7,86
bare,71,7,87
bare,71,7,88
bare,71,7,89
bare,71,7,90
bare,71,7,91
bare,71,7,92
bare,71,7,93
bare,71,7,94
bare,71,7,95
bare,71,7,96
bare,71,7,97
bare,71,7,98
bare,71,7,99
bare,71,7,100
bare,71,7,101
bare,71,7,102
bare,71,7,103
bare,71,7,104
bare,71,7,105
bare,71,7,106
bare,71,7,107
bare,71,7,108
bare,71,7,109
bare,71,7,110
bare,71,7,111
bare,71,7,112
bare,71,7,113
bare,71,7,114
bare,71,7,115
bare,71,7,116
bare,71,7,117
bare,71,7,118
bare,71,7,119
bare,71,7,120
bare,71,7,121
bare,72,-1,-1
bare,72,-1,0
bare,72,-1,1
bare,72,-1,2
bare,72,-1,3
bare,72,-1,4
bare,72,-1,5
tuff,72,-1,6
tuff,72,-1,7
tuff,72,-1,8
tuff,72,-1,9
tuff,72,-1,10
bare,72,-1,11
bare,72,-1,12
bare,72,-1,13
bare,72,-1,14
bare,72,-1,15
bare,72,-1,16
bare,72,-1,17
bare,72,-1,18
bare,72,-1,19
bare,72,-1,20
bare,72,-1,21
bare,72,-1,22
bare,72,-1,23
bare,72,-1,24
bare,72,-1,25
bare,72,-1,26
bare,72,-1,27
bare,72,-1,28
bare,72,-1,29
bare,72,-1,30
bare,72,-1,31
bare,72,-1,32
bare,72,-1,33
bare,72,-1,34
bare,72,-1,35
tuff,72,-1,36
tuff,72,-1,37
tuff,72,-1,38
tuff,72,-1,39
tuff,72,-1,40
tuff,72,-1,41
tuff,72,-1,42
tuff,72,-1,43
bare,72,-1,44
bare,72,-1,45
bare,72,-1,46
bare,72,-1,47
bare,72,-1,48
bare,72,-1,49
bare,72,-1,50
bare,72,-1,51
bare,72,-1,52
bare,72,-1,53
bare,72,-1,54
bare,72,-1,55
bare,72,-1,56
bare,72,-1,57
bare,72,-1,58
bare,72,-1,59
bare,72,-1,60
bare,72,-1,61
bare,72,-1,62
bare,72,-1,63
bare,72,-1,64
bare,72,-1,65
bare,72,-1,66
bare,72,-1,67
bare,72,-1,68
tuff,72,-1,69
tuff,72,-1,70
tuff,72,-1,71
tuff,72,-1,72
tuff,72,-1,73
tuff,72,-1,74
tuff,72,-1,75
bare,72,-1,76
bare,72,-1,77
bare,72,-1,78
bare,72,-1,79
bare,72,-1,80
bare,72,-1,81
bare,72,-1,82
bare,72,-1,83
bare,72,-1,84
bare,72,-1,85
bare,72,-1,86
bare,72,-1,87
bare,72,-1,88
bare,72,-1,89
bare,72,-1,90
bare,72,-1,91
bare,72,-1,92
bare,72,-1,93
bare,72,-1,94
bare,72,-1,95
bare,72,-1,96
bare,72,-1,97
bare,72,-1,98
bare,72,-1,99
bare,72,-1,100
bare,72,-1,101
bare,72,-1,102
bare,72,-1,103
bare,72,-1,104
bare,72,-1,105
bare,72,-1,106
bare,72,-1,107
bare,72,-1,108
bare,72,-1,109
bare,72,-1,110
bare,72,-1,111
bare,72,-1,112
bare,72,-1,113
bare,72,-1,114
bare,72,-1,115
bare,72,-1,116
bare,72,-1,117
bare,72,-1,118
bare,72,-1,119
bare,72,-1,120
bare,72,-1,121
bare,72,0,-1
bare,72,0,121
bare,72,1,-1
bare,72,1,121
bare,72,2,-1
bare,72,2,121
bare,72,3,-1
bare,72,3,121
bare,72,4,-1
bare,72,4,121
bare,72,5,-1
bare,72,5,121
bare,72,6,-1
bare,72,6,121
bare,72,7,-1
bare,72,7,0
bare,72,7,1
bare,72,7,2
bare,72,7,3
bare,72,7,4
bare,72,7,5
bare,72,7,6
bare,72,7,7
bare,72,7,8
bare,72,7,9
bare,72,7,10
bare,72,7,11
bare,72,7,12
bare,72,7,13
bare,72,7,14
bare,72,7,15
bare,72,7,16
bare,72,7,17
bare,72,7,18
bare,72,7,19
bare,72,7,20
bare,72,7,21
bare,72,7,22
bare,72,7,23
bare,72,7,24
bare,72,7,25
bare,72,7,26
bare,72,7,27
bare,72,7,28
bare,72,7,29
bare,72,7,30
bare,72,7,31
bare,72,7,32
bare,72,7,33
bare,72,7,34
bare,72,7,35
bare,72,7,36
bare,72,7,37
bare,72,7,38
bare,72,7,39
bare,72,7,40
bare,72,7,41
bare,72,7,42
bare,72,7,43
bare,72,7,44
bare,72,7,45
bare,72,7,46
bare,72,7,47
bare,72,7,48
bare,72,7,49
bare,72,7,50
bare,72,7,51
bare,72,7,52
bare,72,7,53
bare,72,7,54
bare,72,7,55
bare,72,7,56
bare,72,7,57
bare,72,7,58
bare,72,7,59
bare,72,7,60
bare,72,7,61
bare,72,7,62
bare,72,7,63
bare,72,7,64
bare,72,7,65
bare,72,7,66
bare,72,7,67
bare,72,7,68
bare,72,7,69
bare,72,7,70
bare,72,7,71
bare,72,7,72
bare,72,7,73
bare,72,7,74
bare,72,7,75
bare,72,7,76
bare,72,7,77
bare,72,7,78
bare,72,7,79
bare,72,7,80
bare,72,7,81
bare,72,7,82
bare,72,7,83
bare,72,7,84
bare,72,7,85
bare,72,7,86
bare,72,7,87
bare,72,7,88
bare,72,7,89
bare,72,7,90
bare,72,7,91
bare,72,7,92
bare,72,7,93
bare,72,7,94
bare,72,7,95
bare,72,7,96
bare,72,7,97
bare,72,7,98
bare,72,7,99
bare,72,7,100
bare,72,7,101
bare,72,7,102
bare,72,7,103
bare,72,7,104
bare,72,7,105
bare,72,7,106
bare,72,7,107
bare,72,7,108
bare,72,7,109
bare,72,7,110
bare,72,7,111
bare,72,7,112
bare,72,7,113
bare,72,7,114
bare,72,7,115
bare,72,7,116
bare,72,7,117
bare,72,7,118
bare,72,7,119
bare,72,7,120
bare,72,7,121
bare,73,-1,-1
bare,73,-1,0
bare,73,-1,1
bare,73,-1,2
bare,73,-1,3
bare,73,-1,4
bare,73,-1,5
bare,73,-1,6
tuff,73,-1,7
tuff,73,-1,8
tuff,73,-1,9
bare,73,-1,10
bare,73,-1,11
bare,73,-1,12
bare,73,-1,13
bare,73,-1,14
bare,73,-1,15
bare,73,-1,16
bare,73,-1,17
bare,73,-1,18
bare,73,-1,19
bare,73,-1,20
bare,73,-1,21
bare,73,-1,22
bare,73,-1,23
bare,73,-1,24
bare,73,-1,25
bare,73,-1,26
bare,73,-1,27
bare,73,-1,28
bare,73,-1,29
bare,73,-1,30
bare,73,-1,31
bare,73,-1,32
bare,73,-1,33
bare,73,-1,34
bare,73,-1,35
tuff,73,-1,36
tuff,73,-1,37
tuff,73,-1,38
tuff,73,-1,39
tuff,73,-1,40
tuff,73,-1,41
tuff,73,-1,42
tuff,73,-1,43
bare,73,-1,44
bare,73,-1,45
bare,73,-1,46
bare,73,-1,47
bare,73,-1,48
bare,73,-1,49
bare,73,-1,50
bare,73,-1,51
bare,73,-1,52
bare,73,-1,53
bare,73,-1,54
bare,73,-1,55
bare,73,-1,56
bare,73,-1,57
bare,73,-1,58
bare,73,-1,59
bare,73,-1,60
bare,73,-1,61
bare,73,-1,62
bare,73,-1,63
bare,73,-1,64
bare,73,-1,65
bare,73,-1,66
bare,73,-1,67
bare,73,-1,68
tuff,73,-1,69
tuff,73,-1,70
tuff,73,-1,71
tuff,73,-1,72
tuff,73,-1,73
tuff,73,-1,74
tuff,73,-1,75
bare,73,-1,76
bare,73,-1,77
bare,73,-1,78
bare,73,-1,79
bare,73,-1,80
bare,73,-1,81
bare,73,-1,82
bare,73,-1,83
bare,73,-1,84
bare,73,-1,85
bare,73,-1,86
bare,73,-1,87
bare,73,-1,88
bare,73,-1,89
bare,73,-1,90
bare,73,-1,91
bare,73,-1,92
bare,73,-1,93
bare,73,-1,94
bare,73,-1,95
bare,73,-1,96
bare,73,-1,97
bare,73,-1,98
bare,73,-1,99
bare,73,-1,100
bare,73,-1,101
bare,73,-1,102
bare,73,-1,103
bare,73,-1,104
bare,73,-1,105
bare,73,-1,106
bare,73,-1,107
bare,73,-1,108
bare,73,-1,109
bare,73,-1,110
bare,73,-1,111
bare,73,-1,112
bare,73,-1,113
bare,73,-1,114
bare,73,-1,115
bare,73,-1,116
bare,73,-1,117
bare,73,-1,118
bare,73,-1,119
bare,73,-1,120
bare,73,-1,121
bare,73,0,-1
bare,73,0,121
bare,73,1,-1
bare,73,1,121
bare,73,2,-1
bare,73,2,121
bare,73,3,-1
bare,73,3,121
bare,73,4,-1
bare,73,4,121
bare,73,5,-1
bare,73,5,121
bare,73,6,-1
bare,73,6,121
bare,73,7,-1
bare,73,7,0
bare,73,7,1
bare,73,7,2
bare,73,7,3
bare,73,7,4
bare,73,7,5
bare,73,7,6
bare,73,7,7
bare,73,7,8
bare,73,7,9
bare,73,7,10
bare,73,7,11
bare,73,7,12
bare,73,7,13
bare,73,7,14
bare,73,7,15
bare,73,7,16
bare,73,7,17
bare,73,7,18
bare,73,7,19
bare,73,7,20
bare,73,7,21
bare,73,7,22
bare,73,7,23
bare,73,7,24
bare,73,7,25
bare,73,7,26
bare,73,7,27
bare,73,7,28
bare,73,7,29
bare,73,7,30
bare,73,7,31
bare,73,7,32
bare,73,7,33
bare,73,7,34
bare,73,7,35
bare,73,7,36
bare,73,7,37
bare,73,7,38
bare,73,7,39
bare,73,7,40
bare,73,7,41
bare,73,7,42
bare,73,7,43
bare,73,7,44
bare,73,7,45
bare,73,7,46
bare,73,7,47
bare,73,7,48
bare,73,7,49
bare,73,7,50
bare,73,7,51
bare,73,7,52
bare,73,7,53
bare,73,7,54
bare,73,7,55
bare,73,7,56
bare,73,7,57
bare,73,7,58
bare,73,7,59
bare,73,7,60
bare,73,7,61
bare,73,7,62
bare,73,7,63
bare,73,7,64
bare,73,7,65
bare,73,7,66
bare,73,7,67
bare,73,7,68
bare,73,7,69
bare,73,7,70
bare,73,7,71
bare,73,7,72
bare,73,7,73
bare,73,7,74
bare,73,7,75
bare,73,7,76
bare,73,7,77
bare,73,7,78
bare,73,7,79
bare,73,7,80
bare,73,7,81
bare,73,7,82
bare,73,7,83
bare,73,7,84
bare,73,7,85
bare,73,7,86
bare,73,7,87
bare,73,7,88
bare,73,7,89
bare,73,7,90
bare,73,7,91
bare,73,7,92
bare,73,7,93
bare,73,7,94
bare,73,7,95
bare,73,7,96
bare,73,7,97
bare,73,7,98
bare,73,7,99
bare,73,7,100
bare,73,7,101
bare,73,7,102
bare,73,7,103
bare,73,7,104
bare,73,7,105
bare,73,7,106
bare,73,7,107
bare,73,7,108
bare,73,7,109
bare,73,7,110
bare,73,7,111
bare,73,7,112
bare,73,7,113
bare,73,7,114
bare,73,7,115
bare,73,7,116
bare,73,7,117
bare,73,7,118
bare,73,7,119
bare,73,7,120
bare,73,7,121
bare,74,-1,-1
bare,74,-1,0
bare,74,-1,1
bare,74,-1,2
bare,74,-1,3
redstone,74,-1,4
redstone,74,-1,5
bare,74,-1,6
bare,74,-1,7
bare,74,-1,8
bare,74,-1,9
bare,74,-1,10
bare,74,-1,11
bare,74,-1,12
bare,74,-1,13
bare,74,-1,14
bare,74,-1,15
bare,74,-1,16
bare,74,-1,17
bare,74,-1,18
bare,74,-1,19
bare,74,-1,20
bare,74,-1,21
bare,74,-1,22
bare,74,-1,23
bare,74,-1,24
bare,74,-1,25
bare,74,-1,26
bare,74,-1,27
bare,74,-1,28
bare,74,-1,29
bare,74,-1,30
bare,74,-1,31
bare,74,-1,32
bare,74,-1,33
bare,74,-1,34
bare,74,-1,35
tuff,74,-1,36
tuff,74,-1,37
tuff,74,-1,38
tuff,74,-1,39
tuff,74,-1,40
tuff,74,-1,41
tuff,74,-1,42
tuff,74,-1,43
bare,74,-1,44
bare,74,-1,45
bare,74,-1,46
bare,74,-1,47
bare,74,-1,48
bare,74,-1,49
bare,74,-1,50
bare,74,-1,51
bare,74,-1,52
bare,74,-1,53
bare,74,-1,54
bare,74,-1,55
bare,74,-1,56
bare,74,-1,57
bare,74,-1,58
bare,74,-1,59
bare,74,-1,60
bare,74,-1,61
bare,74,-1,62
bare,74,-1,63
bare,74,-1,64
bare,74,-1,65
bare,74,-1,66
bare,74,-1,67
bare,74,-1,68
tuff,74,-1,69
tuff,74,-1,70
tuff,74,-1,71
tuff,74,-1,72
tuff,74,-1,73
tuff,74,-1,74
tuff,74,-1,75
bare,74,-1,76
bare,74,-1,77
bare,74,-1,78
bare,74,-1,79
bare,74,-1,80
bare,74,-1,81
bare,74,-1,82
bare,74,-1,83
bare,74,-1,84
bare,74,-1,85
bare,74,-1,86
bare,74,-1,87
bare,74,-1,88
bare,74,-1,89
bare,74,-1,90
bare,74,-1,91
bare,74,-1,92
bare,74,-1,93
bare,74,-1,94
bare,74,-1,95
bare,74,-1,96
bare,74,-1,97
bare,74,-1,98
bare,74,-1,99
bare,74,-1,100
bare,74,-1,101
bare,74,-1,102
bare,74,-1,103
bare,74,-1,104
bare,74,-1,105
bare,74,-1,106
bare,74,-1,107
bare,74,-1,108
bare,74,-1,109
bare,74,-1,110
bare,74,-1,111
bare,74,-1,112
bare,74,-1,113
bare,74,-1,114
bare,74,-1,115
bare,74,-1,116
bare,74,-1,117
bare,74,-1,118
bare,74,-1,119
bare,74,-1,120
bare,74,-1,121
bare,74,0,-1
bare,74,0,121
bare,74,1,-1
bare,74,1,121
bare,74,2,-1
bare,74,2,121
bare,74,3,-1
bare,74,3,121
bare,74,4,-1
bare,74,4,121
bare,74,5,-1
bare,74,5,121
bare,74,6,-1
bare,74,6,121
bare,74,7,-1
bare,74,7,0
bare,74,7,1
bare,74,7,2
bare,74,7,3
bare,74,7,4
bare,74,7,5
bare,74,7,6
bare,74,7,7
bare,74,7,8
bare,74,7,9
bare,74,7,10
bare,74,7,11
bare,74,7,12
bare,74,7,13
bare,74,7,14
bare,74,7,15
bare,74,7,16
bare,74,7,17
bare,74,7,18
bare,74,7,19
bare,74,7,20
bare,74,7,21
bare,74,7,22
bare,74,7,23
bare,74,7,24
bare,74,7,25
bare,74,7,26
bare,74,7,27
bare,74,7,28
bare,74,7,29
bare,74,7,30
bare,74,7,31
bare,74,7,32
bare,74,7,33
bare,74,7,34
bare,74,7,35
bare,74,7,36
bare,74,7,37
bare,74,7,38
bare,74,7,39
bare,74,7,40
bare,74,7,41
bare,74,7,42
bare,74,7,43
bare,74,7,44
bare,74,7,45
bare,74,7,46
bare,74,7,47
bare,74,7,48
bare,74,7,49
bare,74,7,50
bare,74,7,51
bare,74,7,52
bare,74,7,53
bare,74,7,54
bare,74,7,55
bare,74,7,56
bare,74,7,57
bare,74,7,58
bare,74,7,59
bare,74,7,60
bare,74,7,61
bare,74,7,62
bare,74,7,63
bare,74,7,64
bare,74,7,65
bare,74,7,66
bare,74,7,67
bare,74,7,68
bare,74,7,69
bare,74,7,70
bare,74,7,71
bare,74,7,72
bare,74,7,73
bare,74,7,74
bare,74,7,75
bare,74,7,76
bare,74,7,77
bare,74,7,78
bare,74,7,79
bare,74,7,80
bare,74,7,81
bare,74,7,82
bare,74,7,83
bare,74,7,84
bare,74,7,85
bare,74,7,86
bare,74,7,87
bare,74,7,88
bare,74,7,89
bare,74,7,90
bare,74,7,91
bare,74,7,92
bare,74,7,93
bare,74,7,94
bare,74,7,95
bare,74,7,96
bare,74,7,97
bare,74,7,98
bare,74,7,99
bare,74,7,100
bare,74,7,101
bare,74,7,102
bare,74,7,103
bare,74,7,104
bare,74,7,105
bare,74,7,106
bare,74,7,107
bare,74,7,108
bare,74,7,109
bare,74,7,110
bare,74,7,111
bare,74,7,112
bare,74,7,113
bare,74,7,114
bare,74,7,115
bare,74,7,116
bare,74,7,117
bare,74,7,118
bare,74,7,119
bare,74,7,120
bare,74,7,121
bare,75,-1,-1
bare,75,-1,0
bare,75,-1,1
bare,75,-1,2
bare,75,-1,3
redstone,75,-1,4
redstone,75,-1,5
bare,75,-1,6
bare,75,-1,7
bare,75,-1,8
bare,75,-1,9
bare,75,-1,10
bare,75,-1,11
bare,75,-1,12
bare,75,-1,13
bare,75,-1,14
bare,75,-1,15
bare,75,-1,16
bare,75,-1,17
bare,75,-1,18
bare,75,-1,19
bare,75,-1,20
bare,75,-1,21
bare,75,-1,22
bare,75,-1,23
bare,75,-1,24
bare,75,-1,25
bare,75,-1,26
bare,75,-1,27
bare,75,-1,28
bare,75,-1,29
bare,75,-1,30
bare,75,-1,31
bare,75,-1,32
bare,75,-1,33
bare,75,-1,34
tuff,75,-1,35
tuff,75,-1,36
tuff,75,-1,37
tuff,75,-1,38
tuff,75,-1,39
tuff,75,-1,40
tuff,75,-1,41
tuff,75,-1,42
tuff,75,-1,43
bare,75,-1,44
bare,75,-1,45
bare,75,-1,46
bare,75,-1,47
bare,75,-1,48
bare,75,-1,49
bare,75,-1,50
bare,75,-1,51
bare,75,-1,52
bare,75,-1,53
bare,75,-1,54
bare,75,-1,55
bare,75,-1,56
bare,75,-1,57
bare,75,-1,58
bare,75,-1,59
bare,75,-1,60
bare,75,-1,61
bare,75,-1,62
bare,75,-1,63
bare,75,-1,64
bare,75,-1,65
bare,75,-1,66
bare,75,-1,67
bare,75,-1,68
tuff,75,-1,69
tuff,75,-1,70
tuff,75,-1,71
tuff,75,-1,72
tuff,75,-1,73
bare,75,-1,74
bare,75,-1,75
bare,75,-1,76
bare,75,-1,77
bare,75,-1,78
bare,75,-1,79
bare,75,-1,80
bare,75,-1,81
bare,75,-1,82
bare,75,-1,83
bare,75,-1,84
bare,75,-1,85
bare,75,-1,86
bare,75,-1,87
bare,75,-1,88
bare,75,-1,89
bare,75,-1,90
bare,75,-1,91
bare,75,-1,92
bare,75,-1,93
bare,75,-1,94
bare,75,-1,95
bare,75,-1,96
bare,75,-1,97
bare,75,-1,98
bare,75,-1,99
bare,75,-1,100
bare,75,-1,101
bare,75,-1,102
bare,75,-1,103
bare,75,-1,104
bare,75,-1,105
bare,75,-1,106
bare,75,-1,107
bare,75,-1,108
bare,75,-1,109
bare,75,-1,110
bare,75,-1,111
bare,75,-1,112
bare,75,-1,113
bare,75,-1,114
bare,75,-1,115
bare,75,-1,116
bare,75,-1,117
bare,75,-1,118
bare,75,-1,119
bare,75,-1,120
bare,75,-1,121
bare,75,0,-1
bare,75,0,121
bare,75,1,-1
bare,75,1,121
bare,75,2,-1
bare,75,2,121
bare,75,3,-1
bare,75,3,121
bare,75,4,-1
bare,75,4,121
bare,75,5,-1
bare,75,5,121
bare,75,6,-1
bare,75,6,121
bare,75,7,-1
bare,75,7,0
bare,75,7,1
bare,75,7,2
bare,75,7,3
bare,75,7,4
bare,75,7,5
bare,75,7,6
bare,75,7,7
bare,75,7,8
bare,75,7,9
bare,75,7,10
bare,75,7,11
bare,75,7,12
bare,75,7,13
bare,75,7,14
bare,75,7,15
bare,75,7,16
bare,75,7,17
bare,75,7,18
bare,75,7,19
bare,75,7,20
bare,75,7,21
bare,75,7,22
bare,75,7,23
bare,75,7,24
bare,75,7,25
bare,75,7,26
bare,75,7,27
bare,75,7,28
bare,75,7,29
bare,75,7,30
bare,75,7,31
bare,75,7,32
bare,75,7,33
bare,75,7,34
bare,75,7,35
bare,75,7,36
bare,75,7,37
bare,75,7,38
bare,75,7,39
bare,75,7,40
bare,75,7,41
bare,75,7,42
bare,75,7,43
bare,75,7,44
bare,75,7,45
bare,75,7,46
bare,75,7,47
bare,75,7,48
bare,75,7,49
bare,75,7,50
bare,75,7,51
bare,75,7,52
bare,75,7,53
bare,75,7,54
bare,75,7,55
bare,75,7,56
bare,75,7,57
bare,75,7,58
bare,75,7,59
bare,75,7,60
bare,75,7,61
bare,75,7,62
bare,75,7,63
bare,75,7,64
bare,75,7,65
bare,75,7,66
bare,75,7,67
bare,75,7,68
bare,75,7,69
bare,75,7,70
bare,75,7,71
bare,75,7,72
bare,75,7,73
bare,75,7,74
bare,75,7,75
bare,75,7,76
bare,75,7,77
bare,75,7,78
bare,75,7,79
bare,75,7,80
bare,75,7,81
bare,75,7,82
bare,75,7,83
bare,75,7,84
bare,75,7,85
bare,75,7,86
bare,75,7,87
bare,75,7,88
bare,75,7,89
bare,75,7,90
bare,75,7,91
bare,75,7,92
bare,75,7,93
bare,75,7,94
bare,75,7,95
bare,75,7,96
bare,75,7,97
bare,75,7,98
bare,75,7,99
bare,75,7,100
bare,75,7,101
bare,75,7,102
bare,75,7,103
bare,75,7,104
bare,75,7,105
bare,75,7,106
bare,75,7,107
bare,75,7,108
bare,75,7,109
bare,75,7,110
bare,75,7,111
bare,75,7,112
bare,75,7,113
bare,75,7,114
bare,75,7,115
bare,75,7,116
bare,75,7,117
bare,75,7,118
bare,75,7,119
bare,75,7,120
bare,75,7,121
bare,76,-1,-1
bare,76,-1,0
bare,76,-1,1
bare,76,-1,2
bare,76,-1,3
bare,76,-1,4
bare,76,-1,5
bare,76,-1,6
bare,76,-1,7
bare,76,-1,8
bare,76,-1,9
bare,76,-1,10
bare,76,-1,11
bare,76,-1,12
bare,76,-1,13
bare,76,-1,14
bare,76,-1,15
bare,76,-1,16
bare,76,-1,17
bare,76,-1,18
bare,76,-1,19
bare,76,-1,20
bare,76,-1,21
bare,76,-1,22
bare,76,-1,23
bare,76,-1,24
bare,76,-1,25
bare,76,-1,26
bare,76,-1,27
bare,76,-1,28
bare,76,-1,29
bare,76,-1,30
bare,76,-1,31
bare,76,-1,32
bare,76,-1,33
bare,76,-1,34
tuff,76,-1,35
tuff,76,-1,36
tuff,76,-1,37
tuff,76,-1,38
tuff,76,-1,39
tuff,76,-1,40
tuff,76,-1,41
tuff,76,-1,42
bare,76,-1,43
bare,76,-1,44
bare,76,-1,45
bare,76,-1,46
bare,76,-1,47
bare,76,-1,48
bare,76,-1,49
bare,76,-1,50
bare,76,-1,51
bare,76,-1,52
bare,76,-1,53
bare,76,-1,54
bare,76,-1,55
bare,76,-1,56
bare,76,-1,57
bare,76,-1,58
bare,76,-1,59
bare,76,-1,60
bare,76,-1,61
bare,76,-1,62
bare,76,-1,63
bare,76,-1,64
bare,76,-1,65
bare,76,-1,66
tuff,76,-1,67
tuff,76,-1,68
tuff,76,-1,69
tuff,76,-1,70
tuff,76,-1,71
tuff,76,-1,72
bare,76,-1,73
bare,76,-1,74
bare,76,-1,75
bare,76,-1,76
bare,76,-1,77
bare,76,-1,78
bare,76,-1,79
bare,76,-1,80
bare,76,-1,81
bare,76,-1,82
bare,76,-1,83
bare,76,-1,84
bare,76,-1,85
bare,76,-1,86
bare,76,-1,87
bare,76,-1,88
bare,76,-1,89
bare,76,-1,90
bare,76,-1,91
bare,76,-1,92
bare,76,-1,93
bare,76,-1,94
bare,76,-1,95
bare,76,-1,96
bare,76,-1,97
bare,76,-1,98
bare,76,-1,99
bare,76,-1,100
bare,76,-1,101
bare,76,-1,102
bare,76,-1,103
bare,76,-1,104
bare,76,-1,105
bare,76,-1,106
bare,76,-1,107
bare,76,-1,108
bare,76,-1,109
bare,76,-1,110
bare,76,-1,111
bare,76,-1,112
bare,76,-1,113
bare,76,-1,114
bare,76,-1,115
bare,76,-1,116
bare,76,-1,117
bare,76,-1,118
bare,76,-1,119
bare,76,-1,120
bare,76,-1,121
bare,76,0,-1
bare,76,0,121
bare,76,1,-1
bare,76,1,121
bare,76,2,-1
bare,76,2,121
bare,76,3,-1
bare,76,3,121
bare,76,4,-1
bare,76,4,121
bare,76,5,-1
bare,76,5,121
bare,76,6,-1
bare,76,6,121
bare,76,7,-1
bare,76,7,0
bare,76,7,1
bare,76,7,2
bare,76,7,3
bare,76,7,4
bare,76,7,5
bare,76,7,6
bare,76,7,7
bare,76,7,8
bare,76,7,9
bare,76,7,10
bare,76,7,11
bare,76,7,12
bare,76,7,13
bare,76,7,14
bare,76,7,15
bare,76,7,16
bare,76,7,17
bare,76,7,18
bare,76,7,19
bare,76,7,20
redstone,76,7,21
bare,76,7,22
bare,76,7,23
bare,76,7,24
bare,76,7,25
bare,76,7,26
bare,76,7,27
bare,76,7,28
bare,76,7,29
bare,76,7,30
bare,76,7,31
bare,76,7,32
bare,76,7,33
bare,76,7,34
bare,76,7,35
bare,76,7,36
bare,76,7,37
bare,76,7,38
bare,76,7,39
bare,76,7,40
bare,76,7,41
bare,76,7,42
bare,76,7,43
bare,76,7,44
bare,76,7,45
bare,76,7,46
bare,76,7,47
bare,76,7,48
bare,76,7,49
bare,76,7,50
bare,76,7,51
bare,76,7,52
bare,76,7,53
bare,76,7,54
bare,76,7,55
bare,76,7,56
bare,76,7,57
bare,76,7,58
bare,76,7,59
bare,76,7,60
bare,76,7,61
bare,76,7,62
bare,76,7,63
bare,76,7,64
bare,76,7,65
bare,76,7,66
bare,76,7,67
bare,76,7,68
bare,76,7,69
bare,76,7,70
bare,76,7,71
bare,76,7,72
bare,76,7,73
bare,76,7,74
bare,76,7,75
bare,76,7,76
bare,76,7,77
bare,76,7,78
bare,76,7,79
bare,76,7,80
bare,76,7,81
bare,76,7,82
bare,76,7,83
bare,76,7,84
bare,76,7,85
bare,76,7,86
bare,76,7,87
bare,76,7,88
bare,76,7,89
bare,76,7,90
bare,76,7,91
bare,76,7,92
bare,76,7,93
bare,76,7,94
bare,76,7,95
bare,76,7,96
bare,76,7,97
bare,76,7,98
bare,76,7,99
bare,76,7,100
bare,76,7,101
bare,76,7,102
bare,76,7,103
bare,76,7,104
bare,76,7,105
bare,76,7,106
bare,76,7,107
bare,76,7,108
bare,76,7,109
bare,76,7,110
bare,76,7,111
bare,76,7,112
bare,76,7,113
bare,76,7,114
bare,76,7,115
bare,76,7,116
bare,76,7,117
bare,76,7,118
bare,76,7,119
bare,76,7,120
bare,76,7,121
bare,77,-1,-1
bare,77,-1,0
bare,77,-1,1
bare,77,-1,2
bare,77,-1,3
bare,77,-1,4
bare,77,-1,5
bare,77,-1,6
bare,77,-1,7
bare,77,-1,8
bare,77,-1,9
bare,77,-1,10
bare,77,-1,11
bare,77,-1,12
bare,77,-1,13
bare,77,-1,14
bare,77,-1,15
bare,77,-1,16
bare,77,-1,17
bare,77,-1,18
bare,77,-1,19
bare,77,-1,20
bare,77,-1,21
bare,77,-1,22
bare,77,-1,23
bare,77,-1,24
bare,77,-1,25
bare,77,-1,26
bare,77,-1,27
bare,77,-1,28
bare,77,-1,29
bare,77,-1,30
bare,77,-1,31
bare,77,-1,32
bare,77,-1,33
bare,77,-1,34
tuff,77,-1,35
tuff,77,-1,36
tuff,77,-1,37
tuff,77,-1,38
tuff,77,-1,39
tuff,77,-1,40
tuff,77,-1,41
tuff,77,-1,42
bare,77,-1,43
bare,77,-1,44
bare,77,-1,45
bare,77,-1,46
bare,77,-1,47
bare,77,-1,48
bare,77,-1,49
bare,77,-1,50
bare,77,-1,51
bare,77,-1,52
bare,77,-1,53
bare,77,-1,54
bare,77,-1,55
bare,77,-1,56
bare,77,-1,57
bare,77,-1,58
bare,77,-1,59
bare,77,-1,60
bare,77,-1,61
bare,77,-1,62
bare,77,-1,63
bare,77,-1,64
bare,77,-1,65
tuff,77,-1,66
tuff,77,-1,67
tuff,77,-1,68
tuff,77,-1,69
tuff,77,-1,70
bare,77,-1,71
bare,77,-1,72
bare,77,-1,73
bare,77,-1,74
bare,77,-1,75
bare,77,-1,76
bare,77,-1,77
bare,77,-1,78
bare,77,-1,79
bare,77,-1,80
bare,77,-1,81
bare,77,-1,82
bare,77,-1,83
bare,77,-1,84
bare,77,-1,85
bare,77,-1,86
bare,77,-1,87
bare,77,-1,88
bare,77,-1,89
bare,77,-1,90
bare,77,-1,91
bare,77,-1,92
bare,77,-1,93
bare,77,-1,94
redstone,77,-1,95
redstone,77,-1,96
bare,77,-1,97
bare,77,-1,98
bare,77,-1,99
bare,77,-1,100
bare,77,-1,101
bare,77,-1,102
bare,77,-1,103
bare,77,-1,104
bare,77,-1,105
bare,77,-1,106
bare,77,-1,107
bare,77,-1,108
bare,77,-1,109
bare,77,-1,110
bare,77,-1,111
bare,77,-1,112
bare,77,-1,113
bare,77,-1,114
bare,77,-1,115
bare,77,-1,116
bare,77,-1,117
bare,77,-1,118
bare,77,-1,119
bare,77,-1,120
bare,77,-1,121
bare,77,0,-1
bare,77,0,121
bare,77,1,-1
bare,77,1,121
bare,77,2,-1
bare,77,2,121
bare,77,3,-1
bare,77,3,121
bare,77,4,-1
bare,77,4,121
bare,77,5,-1
bare,77,5,121
bare,77,6,-1
bare,77,6,121
bare,77,7,-1
bare,77,7,0
bare,77,7,1
bare,77,7,2
bare,77,7,3
bare,77,7,4
bare,77,7,5
bare,77,7,6
bare,77,7,7
bare,77,7,8
bare,77,7,9
bare,77,7,10
bare,77,7,11
bare,77,7,12
bare,77,7,13
bare,77,7,14
bare,77,7,15
bare,77,7,16
bare,77,7,17
bare,77,7,18
bare,77,7,19
bare,77,7,20
bare,77,7,21
bare,77,7,22
bare,77,7,23
bare,77,7,24
bare,77,7,25
bare,77,7,26
bare,77,7,27
bare,77,7,28
bare,77,7,29
bare,77,7,30
bare,77,7,31
bare,77,7,32
bare,77,7,33
bare,77,7,34
bare,77,7,35
bare,77,7,36
bare,77,7,37
bare,77,7,38
bare,77,7,39
bare,77,7,40
bare,77,7,41
bare,77,7,42
bare,77,7,43
bare,77,7,44
bare,77,7,45
bare,77,7,46
bare,77,7,47
bare,77,7,48
bare,77,7,49
bare,77,7,50
bare,77,7,51
bare,77,7,52
bare,77,7,53
bare,77,7,54
bare,77,7,55
bare,77,7,56
bare,77,7,57
bare,77,7,58
bare,77,7,59
bare,77,7,60
bare,77,7,61
bare,77,7,62
bare,77,7,63
bare,77,7,64
bare,77,7,65
bare,77,7,66
bare,77,7,67
bare,77,7,68
bare,77,7,69
bare,77,7,70
bare,77,7,71
bare,77,7,72
bare,77,7,73
bare,77,7,74
bare,77,7,75
bare,77,7,76
bare,77,7,77
bare,77,7,78
bare,77,7,79
bare,77,7,80
bare,77,7,81
bare,77,7,82
bare,77,7,83
bare,77,7,84
bare,77,7,85
bare,77,7,86
bare,77,7,87
bare,77,7,88
bare,77,7,89
bare,77,7,90
bare,77,7,91
bare,77,7,92
bare,77,7,93
bare,77,7,94
bare,77,7,95
bare,77,7,96
bare,77,7,97
bare,77,7,98
bare,77,7,99
bare,77,7,100
bare,77,7,101
bare,77,7,102
bare,77,7,103
bare,77,7,104
bare,77,7,105
bare,77,7,106
bare,77,7,107
bare,77,7,108
bare,77,7,109
bare,77,7,110
bare,77,7,111
bare,77,7,112
bare,77,7,113
bare,77,7,114
bare,77,7,115
bare,77,7,116
bare,77,7,117
bare,77,7,118
bare,77,7,119
bare,77,7,120
bare,77,7,121
bare,78,-1,-1
bare,78,-1,0
bare,78,-1,1
bare,78,-1,2
bare,78,-1,3
bare,78,-1,4
bare,78,-1,5
bare,78,-1,6
bare,78,-1,7
bare,78,-1,8
bare,78,-1,9
bare,78,-1,10
bare,78,-1,11
bare,78,-1,12
bare,78,-1,13
bare,78,-1,14
bare,78,-1,15
bare,78,-1,16
bare,78,-1,17
bare,78,-1,18
bare,78,-1,19
bare,78,-1,20
bare,78,-1,21
bare,78,-1,22
bare,78,-1,23
bare,78,-1,24
bare,78,-1,25
bare,78,-1,26
bare,78,-1,27
bare,78,-1,28
bare,78,-1,29
bare,78,-1,30
bare,78,-1,31
bare,78,-1,32
bare,78,-1,33
bare,78,-1,34
tuff,78,-1,35
tuff,78,-1,36
tuff,78,-1,37
tuff,78,-1,38
tuff,78,-1,39
tuff,78,-1,40
tuff,78,-1,41
tuff,78,-1,42
bare,78,-1,43
bare,78,-1,44
bare,78,-1,45
bare,78,-1,46
bare,78,-1,47
bare,78,-1,48
bare,78,-1,49
bare,78,-1,50
bare,78,-1,51
bare,78,-1,52
bare,78,-1,53
bare,78,-1,54
bare,78,-1,55
bare,78,-1,56
bare,78,-1,57
bare,78,-1,58
bare,78,-1,59
bare,78,-1,60
bare,78,-1,61
bare,78,-1,62
bare,78,-1,63
bare,78,-1,64
bare,78,-1,65
tuff,78,-1,66
tuff,78,-1,67
tuff,78,-1,68
tuff,78,-1,69
tuff,78,-1,70
bare,78,-1,71
bare,78,-1,72
bare,78,-1,73
bare,78,-1,74
bare,78,-1,75
bare,78,-1,76
bare,78,-1,77
bare,78,-1,78
bare,78,-1,79
bare,78,-1,80
bare,78,-1,81
bare,78,-1,82
bare,78,-1,83
bare,78,-1,84
bare,78,-1,85
bare,78,-1,86
bare,78,-1,87
bare,78,-1,88
bare,78,-1,89
bare,78,-1,90
bare,78,-1,91
bare,78,-1,92
bare,78,-1,93
bare,78,-1,94
redstone,78,-1,95
redstone,78,-1,96
bare,78,-1,97
bare,78,-1,98
bare,78,-1,99
bare,78,-1,100
bare,78,-1,101
bare,78,-1,102
bare,78,-1,103
bare,78,-1,104
bare,78,-1,105
bare,78,-1,106
bare,78,-1,107
bare,78,-1,108
bare,78,-1,109
bare,78,-1,110
bare,78,-1,111
bare,78,-1,112
bare,78,-1,113
bare,78,-1,114
bare,78,-1,115
bare,78,-1,116
bare,78,-1,117
bare,78,-1,118
bare,78,-1,119
bare,78,-1,120
bare,78,-1,121
bare,78,0,-1
bare,78,0,121
bare,78,1,-1
bare,78,1,121
bare,78,2,-1
bare,78,2,121
bare,78,3,-1
bare,78,3,121
bare,78,4,-1
bare,78,4,121
bare,78,5,-1
bare,78,5,121
bare,78,6,-1
bare,78,6,121
bare,78,7,-1
bare,78,7,0
bare,78,7,1
bare,78,7,2
bare,78,7,3
bare,78,7,4
bare,78,7,5
bare,78,7,6
bare,78,7,7
bare,78,7,8
bare,78,7,9
bare,78,7,10
bare,78,7,11
bare,78,7,12
bare,78,7,13
bare,78,7,14
bare,78,7,15
bare,78,7,16
bare,78,7,17
bare,78,7,18
bare,78,7,19
bare,78,7,20
bare,78,7,21
bare,78,7,22
bare,78,7,23
bare,78,7,24
bare,78,7,25
bare,78,7,26
bare,78,7,27
bare,78,7,28
bare,78,7,29
bare,78,7,30
bare,78,7,31
bare,78,7,32
bare,78,7,33
bare,78,7,34
bare,78,7,35
bare,78,7,36
bare,78,7,37
bare,78,7,38
bare,78,7,39
bare,78,7,40
bare,78,7,41
bare,78,7,42
bare,78,7,43
bare,78,7,44
bare,78,7,45
bare,78,7,46
bare,78,7,47
bare,78,7,48
bare,78,7,49
bare,78,7,50
bare,78,7,51
bare,78,7,52
bare,78,7,53
bare,78,7,54
bare,78,7,55
bare,78,7,56
bare,78,7,57
bare,78,7,58
bare,78,7,59
bare,78,7,60
bare,78,7,61
bare,78,7,62
bare,78,7,63
bare,78,7,64
bare,78,7,65
bare,78,7,66
bare,78,7,67
bare,78,7,68
bare,78,7,69
bare,78,7,70
bare,78,7,71
bare,78,7,72
bare,78,7,73
bare,78,7,74
bare,78,7,75
bare,78,7,76
bare,78,7,77
bare,78,7,78
bare,78,7,79
bare,78,7,80
bare,78,7,81
bare,78,7,82
bare,78,7,83
bare,78,7,84
bare,78,7,85
bare,78,7,86
bare,78,7,87
bare,78,7,88
bare,78,7,89
bare,78,7,90
bare,78,7,91
bare,78,7,92
bare,78,7,93
bare,78,7,94
bare,78,7,95
bare,78,7,96
bare,78,7,97
bare,78,7,98
bare,78,7,99
bare,78,7,100
bare,78,7,101
bare,78,7,102
bare,78,7,103
bare,78,7,104
bare,78,7,105
bare,78,7,106
bare,78,7,107
bare,78,7,108
bare,78,7,109
bare,78,7,110
bare,78,7,111
bare,78,7,112
bare,78,7,113
bare,78,7,114
bare,78,7,115
bare,78,7,116
bare,78,7,117
bare,78,7,118
bare,78,7,119
bare,78,7,120
bare,78,7,121
bare,79,-1,-1
bare,79,-1,0
bare,79,-1,1
bare,79,-1,2
bare,79,-1,3
bare,79,-1,4
bare,79,-1,5
bare,79,-1,6
bare,79,-1,7
bare,79,-1,8
bare,79,-1,9
bare,79,-1,10
bare,79,-1,11
bare,79,-1,12
bare,79,-1,13
bare,79,-1,14
bare,79,-1,15
bare,79,-1,16
bare,79,-1,17
bare,79,-1,18
bare,79,-1,19
bare,79,-1,20
bare,79,-1,21
bare,79,-1,22
bare,79,-1,23
bare,79,-1,24
bare,79,-1,25
bare,79,-1,26
bare,79,-1,27
bare,79,-1,28
bare,79,-1,29
bare,79,-1,30
bare,79,-1,31
bare,79,-1,32
bare,79,-1,33
bare,79,-1,34
tuff,79,-1,35
tuff,79,-1,36
tuff,79,-1,37
tuff,79,-1,38
tuff,79,-1,39
tuff,79,-1,40
tuff,79,-1,41
bare,79,-1,42
bare,79,-1,43
bare,79,-1,44
bare,79,-1,45
bare,79,-1,46
bare,79,-1,47
bare,79,-1,48
bare,79,-1,49
bare,79,-1,50
bare,79,-1,51
bare,79,-1,52
bare,79,-1,53
bare,79,-1,54
bare,79,-1,55
bare,79,-1,56
bare,79,-1,57
bare,79,-1,58
bare,79,-1,59
bare,79,-1,60
bare,79,-1,61
bare,79,-1,62
bare,79,-1,63
bare,79,-1,64
bare,79,-1,65
bare,79,-1,66
tuff,79,-1,67
tuff,79,-1,68
tuff,79,-1,69
tuff,79,-1,70
bare,79,-1,71
bare,79,-1,72
bare,79,-1,73
bare,79,-1,74
bare,79,-1,75
bare,79,-1,76
bare,79,-1,77
bare,79,-1,78
bare,79,-1,79
bare,79,-1,80
bare,79,-1,81
bare,79,-1,82
bare,79,-1,83
bare,79,-1,84
bare,79,-1,85
bare,79,-1,86
bare,79,-1,87
bare,79,-1,88
bare,79,-1,89
bare,79,-1,90
bare,79,-1,91
bare,79,-1,92
bare,79,-1,93
bare,79,-1,94
bare,79,-1,95
bare,79,-1,96
bare,79,-1,97
bare,79,-1,98
bare,79,-1,99
bare,79,-1,100
bare,79,-1,101
bare,79,-1,102
bare,79,-1,103
bare,79,-1,104
bare,79,-1,105
bare,79,-1,106
bare,79,-1,107
bare,79,-1,108
bare,79,-1,109
bare,79,-1,110
bare,79,-1,111
bare,79,-1,112
bare,79,-1,113
bare,79,-1,114
bare,79,-1,115
bare,79,-1,116
bare,79,-1,117
bare,79,-1,118
bare,79,-1,119
bare,79,-1,120
bare,79,-1,121
bare,79,0,-1
bare,79,0,121
bare,79,1,-1
bare,79,1,121
bare,79,2,-1
bare,79,2,121
bare,79,3,-1
bare,79,3,121
bare,79,4,-1
bare,79,4,121
bare,79,5,-1
bare,79,5,121
bare,79,6,-1
bare,79,6,121
bare,79,7,-1
bare,79,7,0
bare,79,7,1
bare,79,7,2
bare,79,7,3
bare,79,7,4
bare,79,7,5
bare,79,7,6
bare,79,7,7
bare,79,7,8
bare,79,7,9
bare,79,7,10
bare,79,7,11
bare,79,7,12
bare,79,7,13
bare,79,7,14
bare,79,7,15
bare,79,7,16
bare,79,7,17
bare,79,7,18
bare,79,7,19
bare,79,7,20
bare,79,7,21
bare,79,7,22
bare,79,7,23
bare,79,7,24
bare,79,7,25
bare,79,7,26
bare,79,7,27
bare,79,7,28
bare,79,7,29
bare,79,7,30
bare,79,7,31
bare,79,7,32
bare,79,7,33
bare,79,7,34
bare,79,7,35
bare,79,7,36
bare,79,7,37
bare,79,7,38
bare,79,7,39
bare,79,7,40
bare,79,7,41
bare,79,7,42
bare,79,7,43
bare,79,7,44
bare,79,7,45
bare,79,7,46
bare,79,7,47
bare,79,7,48
bare,79,7,49
bare,79,7,50
bare,79,7,51
bare,79,7,52
bare,79,7,53
bare,79,7,54
bare,79,7,55
bare,79,7,56
bare,79,7,57
bare,79,7,58
bare,79,7,59
bare,79,7,60
bare,79,7,61
bare,79,7,62
bare,79,7,63
bare,79,7,64
bare,79,7,65
bare,79,7,66
bare,79,7,67
bare,79,7,68
bare,79,7,69
bare,79,7,70
bare,79,7,71
bare,79,7,72
bare,79,7,73
bare,79,7,74
bare,79,7,75
bare,79,7,76
bare,79,7,77
bare,79,7,78
bare,79,7,79
bare,79,7,80
bare,79,7,81
bare,79,7,82
bare,79,7,83
bare,79,7,84
bare,79,7,85
bare,79,7,86
bare,79,7,87
bare,79,7,88
bare,79,7,89
bare,79,7,90
bare,79,7,91
bare,79,7,92
bare,79,7,93
bare,79,7,94
bare,79,7,95
bare,79,7,96
bare,79,7,97
bare,79,7,98
bare,79,7,99
bare,79,7,100
bare,79,7,101
bare,79,7,102
bare,79,7,103
bare,79,7,104
bare,79,7,105
bare,79,7,106
bare,79,7,107
bare,79,7,108
bare,79,7,109
bare,79,7,110
bare,79,7,111
bare,79,7,112
bare,79,7,113
bare,79,7,114
bare,79,7,115
bare,79,7,116
bare,79,7,117
bare,79,7,118
bare,79,7,119
bare,79,7,120
bare,79,7,121
bare,80,-1,-1
bare,80,-1,0
bare,80,-1,1
bare,80,-1,2
bare,80,-1,3
bare,80,-1,4
bare,80,-1,5
bare,80,-1,6
bare,80,-1,7
bare,80,-1,8
bare,80,-1,9
bare,80,-1,10
bare,80,-1,11
bare,80,-1,12
bare,80,-1,13
bare,80,-1,14
bare,80,-1,15
bare,80,-1,16
bare,80,-1,17
bare,80,-1,18
bare,80,-1,19
bare,80,-1,20
bare,80,-1,21
bare,80,-1,22
bare,80,-1,23
bare,80,-1,24
bare,80,-1,25
bare,80,-1,26
redstone,80,-1,27
redstone,80,-1,28
bare,80,-1,29
bare,80,-1,30
bare,80,-1,31
bare,80,-1,32
bare,80,-1,33
bare,80,-1,34
tuff,80,-1,35
tuff,80,-1,36
tuff,80,-1,37
tuff,80,-1,38
tuff,80,-1,39
tuff,80,-1,40
bare,80,-1,41
bare,80,-1,42
bare,80,-1,43
bare,80,-1,44
bare,80,-1,45
bare,80,-1,46
bare,80,-1,47
bare,80,-1,48
bare,80,-1,49
bare,80,-1,50
bare,80,-1,51
bare,80,-1,52
bare,80,-1,53
bare,80,-1,54
bare,80,-1,55
bare,80,-1,56
bare,80,-1,57
bare,80,-1,58
bare,80,-1,59
bare,80,-1,60
bare,80,-1,61
bare,80,-1,62
bare,80,-1,63
bare,80,-1,64
bare,80,-1,65
bare,80,-1,66
tuff,80,-1,67
tuff,80,-1,68
tuff,80,-1,69
bare,80,-1,70
bare,80,-1,71
bare,80,-1,72
bare,80,-1,73
bare,80,-1,74
bare,80,-1,75
bare,80,-1,76
bare,80,-1,77
bare,80,-1,78
bare,80,-1,79
bare,80,-1,80
bare,80,-1,81
bare,80,-1,82
bare,80,-1,83
bare,80,-1,84
redstone,80,-1,85
redstone,80,-1,86
bare,80,-1,87
bare,80,-1,88
bare,80,-1,89
bare,80,-1,90
tuff,80,-1,91
bare,80,-1,92
bare,80,-1,93
bare,80,-1,94
bare,80,-1,95
bare,80,-1,96
bare,80,-1,97
bare,80,-1,98
bare,80,-1,99
bare,80,-1,100
bare,80,-1,101
bare,80,-1,102
bare,80,-1,103
bare,80,-1,104
bare,80,-1,105
bare,80,-1,106
bare,80,-1,107
bare,80,-1,108
bare,80,-1,109
bare,80,-1,110
bare,80,-1,111
bare,80,-1,112
bare,80,-1,113
bare,80,-1,114
bare,80,-1,115
bare,80,-1,116
bare,80,-1,117
bare,80,-1,118
bare,80,-1,119
bare,80,-1,120
bare,80,-1,121
bare,80,0,-1
bare,80,0,121
bare,80,1,-1
bare,80,1,121
bare,80,2,-1
bare,80,2,121
bare,80,3,-1
gravel,80,3,121
bare,80,4,-1
gravel,80,4,121
bare,80,5,-1
bare,80,5,121
bare,80,6,-1
bare,80,6,121
bare,80,7,-1
bare,80,7,0
bare,80,7,1
bare,80,7,2
bare,80,7,3
bare,80,7,4
bare,80,7,5
bare,80,7,6
bare,80,7,7
bare,80,7,8
bare,80,7,9
bare,80,7,10
bare,80,7,11
bare,80,7,12
bare,80,7,13
bare,80,7,14
bare,80,7,15
bare,80,7,16
bare,80,7,17
bare,80,7,18
bare,80,7,19
bare,80,7,20
bare,80,7,21
bare,80,7,22
bare,80,7,23
bare,80,7,24
bare,80,7,25
bare,80,7,26
bare,80,7,27
bare,80,7,28
bare,80,7,29
bare,80,7,30
bare,80,7,31
bare,80,7,32
bare,80,7,33
bare,80,7,34
bare,80,7,35
bare,80,7,36
bare,80,7,37
bare,80,7,38
bare,80,7,39
bare,80,7,40
bare,80,7,41
bare,80,7,42
bare,80,7,43
bare,80,7,44
bare,80,7,45
bare,80,7,46
bare,80,7,47
bare,80,7,48
bare,80,7,49
bare,80,7,50
bare,80,7,51
bare,80,7,52
bare,80,7,53
bare,80,7,54
bare,80,7,55
bare,80,7,56
bare,80,7,57
bare,80,7,58
bare,80,7,59
bare,80,7,60
bare,80,7,61
bare,80,7,62
bare,80,7,63
bare,80,7,64
bare,80,7,65
bare,80,7,66
bare,80,7,67
bare,80,7,68
bare,80,7,69
bare,80,7,70
bare,80,7,71
bare,80,7,72
bare,80,7,73
bare,80,7,74
bare,80,7,75
bare,80,7,76
bare,80,7,77
bare,80,7,78
bare,80,7,79
bare,80,7,80
bare,80,7,81
bare,80,7,82
bare,80,7,83
bare,80,7,84
bare,80,7,85
bare,80,7,86
bare,80,7,87
bare,80,7,88
bare,80,7,89
bare,80,7,90
bare,80,7,91
bare,80,7,92
bare,80,7,93
bare,80,7,94
bare,80,7,95
bare,80,7,96
bare,80,7,97
bare,80,7,98
bare,80,7,99
bare,80,7,100
bare,80,7,101
bare,80,7,102
bare,80,7,103
bare,80,7,104
bare,80,7,105
bare,80,7,106
bare,80,7,107
bare,80,7,108
bare,80,7,109
bare,80,7,110
bare,80,7,111
bare,80,7,112
bare,80,7,113
bare,80,7,114
bare,80,7,115
bare,80,7,116
bare,80,7,117
bare,80,7,118
bare,80,7,119
bare,80,7,120
bare,80,7,121
bare,81,-1,-1
bare,81,-1,0
bare,81,-1,1
bare,81,-1,2
bare,81,-1,3
bare,81,-1,4
bare,81,-1,5
bare,81,-1,6
bare,81,-1,7
bare,81,-1,8
bare,81,-1,9
bare,81,-1,10
bare,81,-1,11
bare,81,-1,12
bare,81,-1,13
bare,81,-1,14
bare,81,-1,15
bare,81,-1,16
bare,81,-1,17
bare,81,-1,18
bare,81,-1,19
bare,81,-1,20
bare,81,-1,21
bare,81,-1,22
bare,81,-1,23
bare,81,-1,24
bare,81,-1,25
bare,81,-1,26
redstone,81,-1,27
redstone,81,-1,28
bare,81,-1,29
bare,81,-1,30
bare,81,-1,31
bare,81,-1,32
bare,81,-1,33
bare,81,-1,34
tuff,81,-1,35
tuff,81,-1,36
tuff,81,-1,37
tuff,81,-1,38
tuff,81,-1,39
tuff,81,-1,40
bare,81,-1,41
bare,81,-1,42
bare,81,-1,43
bare,81,-1,44
bare,81,-1,45
bare,81,-1,46
bare,81,-1,47
bare,81,-1,48
bare,81,-1,49
bare,81,-1,50
bare,81,-1,51
bare,81,-1,52
bare,81,-1,53
bare,81,-1,54
bare,81,-1,55
bare,81,-1,56
bare,81,-1,57
bare,81,-1,58
bare,81,-1,59
bare,81,-1,60
bare,81,-1,61
bare,81,-1,62
bare,81,-1,63
bare,81,-1,64
bare,81,-1,65
bare,81,-1,66
bare,81,-1,67
bare,81,-1,68
bare,81,-1,69
bare,81,-1,70
bare,81,-1,71
bare,81,-1,72
bare,81,-1,73
bare,81,-1,74
bare,81,-1,75
bare,81,-1,76
bare,81,-1,77
bare,81,-1,78
bare,81,-1,79
bare,81,-1,80
bare,81,-1,81
bare,81,-1,82
bare,81,-1,83
bare,81,-1,84
redstone,81,-1,85
redstone,81,-1,86
bare,81,-1,87
bare,81,-1,88
bare,81,-1,89
tuff,81,-1,90
tuff,81,-1,91
tuff,81,-1,92
bare,81,-1,93
bare,81,-1,94
bare,81,-1,95
bare,81,-1,96
bare,81,-1,97
bare,81,-1,98
bare,81,-1,99
bare,81,-1,100
bare,81,-1,101
bare,81,-1,102
bare,81,-1,103
bare,81,-1,104
bare,81,-1,105
bare,81,-1,106
bare,81,-1,107
bare,81,-1,108
bare,81,-1,109
bare,81,-1,110
bare,81,-1,111
bare,81,-1,112
bare,81,-1,113
bare,81,-1,114
bare,81,-1,115
bare,81,-1,116
bare,81,-1,117
bare,81,-1,118
bare,81,-1,119
bare,81,-1,120
bare,81,-1,121
bare,81,0,-1
bare,81,0,121
bare,81,1,-1
bare,81,1,121
bare,81,2,-1
gravel,81,2,121
bare,81,3,-1
gravel,81,3,121
bare,81,4,-1
gravel,81,4,121
bare,81,5,-1
bare,81,5,121
bare,81,6,-1
bare,81,6,121
bare,81,7,-1
bare,81,7,0
bare,81,7,1
bare,81,7,2
bare,81,7,3
bare,81,7,4
bare,81,7,5
bare,81,7,6
bare,81,7,7
bare,81,7,8
bare,81,7,9
bare,81,7,10
bare,81,7,11
bare,81,7,12
bare,81,7,13
bare,81,7,14
bare,81,7,15
bare,81,7,16
bare,81,7,17
bare,81,7,18
bare,81,7,19
bare,81,7,20
bare,81,7,21
bare,81,7,22
bare,81,7,23
bare,81,7,24
bare,81,7,25
bare,81,7,26
bare,81,7,27
bare,81,7,28
bare,81,7,29
bare,81,7,30
bare,81,7,31
bare,81,7,32
bare,81,7,33
bare,81,7,34
bare,81,7,35
bare,81,7,36
bare,81,7,37
bare,81,7,38
bare,81,7,39
bare,81,7,40
bare,81,7,41
bare,81,7,42
bare,81,7,43
bare,81,7,44
bare,81,7,45
bare,81,7,46
bare,81,7,47
bare,81,7,48
bare,81,7,49
bare,81,7,50
bare,81,7,51
bare,81,7,52
bare,81,7,53
bare,81,7,54
bare,81,7,55
bare,81,7,56
bare,81,7,57
bare,81,7,58
redstone,81,7,59
bare,81,7,60
bare,81,7,61
bare,81,7,62
bare,81,7,63
bare,81,7,64
bare,81,7,65
bare,81,7,66
bare,81,7,67
bare,81,7,68
bare,81,7,69
bare,81,7,70
bare,81,7,71
bare,81,7,72
bare,81,7,73
bare,81,7,74
bare,81,7,75
bare,81,7,76
bare,81,7,77
bare,81,7,78
bare,81,7,79
bare,81,7,80
bare,81,7,81
bare,81,7,82
bare,81,7,83
bare,81,7,84
bare,81,7,85
bare,81,7,86
bare,81,7,87
bare,81,7,88
bare,81,7,89
bare,81,7,90
bare,81,7,91
bare,81,7,92
bare,81,7,93
bare,81,7,94
bare,81,7,95
bare,81,7,96
bare,81,7,97
bare,81,7,98
bare,81,7,99
bare,81,7,100
tuff,81,7,101
tuff,81,7,102
bare,81,7,103
bare,81,7,104
bare,81,7,105
bare,81,7,106
bare,81,7,107
bare,81,7,108
bare,81,7,109
bare,81,7,110
bare,81,7,111
bare,81,7,112
bare,81,7,113
bare,81,7,114
bare,81,7,115
redstone,81,7,116
redstone,81,7,117
bare,81,7,118
bare,81,7,119
bare,81,7,120
bare,81,7,121
bare,82,-1,-1
bare,82,-1,0
bare,82,-1,1
bare,82,-1,2
bare,82,-1,3
bare,82,-1,4
bare,82,-1,5
bare,82,-1,6
bare,82,-1,7
bare,82,-1,8
bare,82,-1,9
bare,82,-1,10
bare,82,-1,11
bare,82,-1,12
bare,82,-1,13
bare,82,-1,14
bare,82,-1,15
bare,82,-1,16
bare,82,-1,17
bare,82,-1,18
bare,82,-1,19
bare,82,-1,20
bare,82,-1,21
bare,82,-1,22
bare,82,-1,23
bare,82,-1,24
bare,82,-1,25
bare,82,-1,26
bare,82,-1,27
bare,82,-1,28
bare,82,-1,29
bare,82,-1,30
bare,82,-1,31
bare,82,-1,32
bare,82,-1,33
tuff,82,-1,34
tuff,82,-1,35
tuff,82,-1,36
tuff,82,-1,37
tuff,82,-1,38
tuff,82,-1,39
bare,82,-1,40
bare,82,-1,41
bare,82,-1,42
bare,82,-1,43
bare,82,-1,44
bare,82,-1,45
bare,82,-1,46
bare,82,-1,47
bare,82,-1,48
bare,82,-1,49
bare,82,-1,50
bare,82,-1,51
bare,82,-1,52
bare,82,-1,53
bare,82,-1,54
bare,82,-1,55
bare,82,-1,56
bare,82,-1,57
bare,82,-1,58
bare,82,-1,59
bare,82,-1,60
bare,82,-1,61
bare,82,-1,62
bare,82,-1,63
bare,82,-1,64
bare,82,-1,65
bare,82,-1,66
bare,82,-1,67
bare,82,-1,68
bare,82,-1,69
bare,82,-1,70
bare,82,-1,71
bare,82,-1,72
bare,82,-1,73
bare,82,-1,74
bare,82,-1,75
bare,82,-1,76
bare,82,-1,77
bare,82,-1,78
bare,82,-1,79
bare,82,-1,80
bare,82,-1,81
bare,82,-1,82
bare,82,-1,83
bare,82,-1,84
bare,82,-1,85
bare,82,-1,86
bare,82,-1,87
bare,82,-1,88
bare,82,-1,89
bare,82,-1,90
tuff,82,-1,91
bare,82,-1,92
bare,82,-1,93
bare,82,-1,94
bare,82,-1,95
bare,82,-1,96
bare,82,-1,97
bare,82,-1,98
bare,82,-1,99
bare,82,-1,100
tuff,82,-1,101
tuff,82,-1,102
bare,82,-1,103
bare,82,-1,104
bare,82,-1,105
bare,82,-1,106
bare,82,-1,107
bare,82,-1,108
bare,82,-1,109
bare,82,-1,110
bare,82,-1,111
bare,82,-1,112
bare,82,-1,113
bare,82,-1,114
bare,82,-1,115
bare,82,-1,116
bare,82,-1,117
bare,82,-1,118
bare,82,-1,119
bare,82,-1,120
bare,82,-1,121
bare,82,0,-1
bare,82,0,121
bare,82,1,-1
bare,82,1,121
bare,82,2,-1
bare,82,2,121
bare,82,3,-1
gravel,82,3,121
bare,82,4,-1
gravel,82,4,121
bare,82,5,-1
bare,82,5,121
bare,82,6,-1
bare,82,6,121
bare,82,7,-1
bare,82,7,0
bare,82,7,1
bare,82,7,2
bare,82,7,3
bare,82,7,4
bare,82,7,5
bare,82,7,6
bare,82,7,7
bare,82,7,8
bare,82,7,9
bare,82,7,10
bare,82,7,11
bare,82,7,12
bare,82,7,13
bare,82,7,14
bare,82,7,15
bare,82,7,16
bare,82,7,17
bare,82,7,18
bare,82,7,19
bare,82,7,20
bare,82,7,21
bare,82,7,22
bare,82,7,23
bare,82,7,24
bare,82,7,25
bare,82,7,26
bare,82,7,27
bare,82,7,28
bare,82,7,29
bare,82,7,30
bare,82,7,31
bare,82,7,32
bare,82,7,33
bare,82,7,34
bare,82,7,35
bare,82,7,36
bare,82,7,37
bare,82,7,38
bare,82,7,39
bare,82,7,40
bare,82,7,41
bare,82,7,42
bare,82,7,43
bare,82,7,44
bare,82,7,45
bare,82,7,46
bare,82,7,47
bare,82,7,48
bare,82,7,49
bare,82,7,50
bare,82,7,51
bare,82,7,52
bare,82,7,53
bare,82,7,54
bare,82,7,55
bare,82,7,56
bare,82,7,57
bare,82,7,58
bare,82,7,59
bare,82,7,60
bare,82,7,61
bare,82,7,62
bare,82,7,63
bare,82,7,64
bare,82,7,65
bare,82,7,66
bare,82,7,67
bare,82,7,68
bare,82,7,69
bare,82,7,70
bare,82,7,71
bare,82,7,72
bare,82,7,73
bare,82,7,74
bare,82,7,75
bare,82,7,76
bare,82,7,77
bare,82,7,78
bare,82,7,79
bare,82,7,80
bare,82,7,81
bare,82,7,82
bare,82,7,83
bare,82,7,84
bare,82,7,85
bare,82,7,86
bare,82,7,87
bare,82,7,88
bare,82,7,89
bare,82,7,90
bare,82,7,91
bare,82,7,92
bare,82,7,93
bare,82,7,94
bare,82,7,95
bare,82,7,96
bare,82,7,97
bare,82,7,98
bare,82,7,99
tuff,82,7,100
tuff,82,7,101
tuff,82,7,102
bare,82,7,103
bare,82,7,104
bare,82,7,105
bare,82,7,106
bare,82,7,107
bare,82,7,108
bare,82,7,109
bare,82,7,110
bare,82,7,111
bare,82,7,112
bare,82,7,113
bare,82,7,114
bare,82,7,115
redstone,82,7,116
redstone,82,7,117
bare,82,7,118
bare,82,7,119
bare,82,7,120
bare,82,7,121
bare,83,-1,-1
bare,83,-1,0
bare,83,-1,1
bare,83,-1,2
bare,83,-1,3
bare,83,-1,4
bare,83,-1,5
bare,83,-1,6
bare,83,-1,7
bare,83,-1,8
bare,83,-1,9
bare,83,-1,10
bare,83,-1,11
bare,83,-1,12
bare,83,-1,13
bare,83,-1,14
bare,83,-1,15
bare,83,-1,16
bare,83,-1,17
bare,83,-1,18
bare,83,-1,19
bare,83,-1,20
bare,83,-1,21
bare,83,-1,22
bare,83,-1,23
bare,83,-1,24
bare,83,-1,25
bare,83,-1,26
bare,83,-1,27
bare,83,-1,28
bare,83,-1,29
bare,83,-1,30
bare,83,-1,31
bare,83,-1,32
bare,83,-1,33
tuff,83,-1,34
tuff,83,-1,35
tuff,83,-1,36
tuff,83,-1,37
tuff,83,-1,38
tuff,83,-1,39
bare,83,-1,40
bare,83,-1,41
bare,83,-1,42
bare,83,-1,43
bare,83,-1,44
bare,83,-1,45
bare,83,-1,46
bare,83,-1,47
redstone,83,-1,48
bare,83,-1,49
bare,83,-1,50
bare,83,-1,51
bare,83,-1,52
bare,83,-1,53
bare,83,-1,54
bare,83,-1,55
bare,83,-1,56
bare,83,-1,57
bare,83,-1,58
bare,83,-1,59
bare,83,-1,60
bare,83,-1,61
bare,83,-1,62
bare,83,-1,63
bare,83,-1,64
bare,83,-1,65
bare,83,-1,66
bare,83,-1,67
bare,83,-1,68
bare,83,-1,69
bare,83,-1,70
bare,83,-1,71
bare,83,-1,72
bare,83,-1,73
bare,83,-1,74
bare,83,-1,75
bare,83,-1,76
bare,83,-1,77
bare,83,-1,78
bare,83,-1,79
bare,83,-1,80
bare,83,-1,81
bare,83,-1,82
bare,83,-1,83
bare,83,-1,84
bare,83,-1,85
bare,83,-1,86
bare,83,-1,87
bare,83,-1,88
bare,83,-1,89
bare,83,-1,90
bare,83,-1,91
bare,83,-1,92
bare,83,-1,93
bare,83,-1,94
bare,83,-1,95
bare,83,-1,96
bare,83,-1,97
bare,83,-1,98
bare,83,-1,99
bare,83,-1,100
tuff,83,-1,101
tuff,83,-1,102
bare,83,-1,103
bare,83,-1,104
bare,83,-1,105
bare,83,-1,106
bare,83,-1,107
bare,83,-1,108
bare,83,-1,109
bare,83,-1,110
bare,83,-1,111
bare,83,-1,112
bare,83,-1,113
bare,83,-1,114
bare,83,-1,115
bare,83,-1,116
bare,83,-1,117
bare,83,-1,118
bare,83,-1,119
bare,83,-1,120
bare,83,-1,121
bare,83,0,-1
bare,83,0,121
bare,83,1,-1
bare,83,1,121
bare,83,2,-1
bare,83,2,121
bare,83,3,-1
bare,83,3,121
bare,83,4,-1
bare,83,4,121
bare,83,5,-1
bare,83,5,121
bare,83,6,-1
bare,83,6,121
bare,83,7,-1
bare,83,7,0
bare,83,7,1
bare,83,7,2
bare,83,7,3
bare,83,7,4
bare,83,7,5
bare,83,7,6
bare,83,7,7
bare,83,7,8
bare,83,7,9
bare,83,7,10
bare,83,7,11
bare,83,7,12
bare,83,7,13
bare,83,7,14
bare,83,7,15
bare,83,7,16
bare,83,7,17
bare,83,7,18
bare,83,7,19
bare,83,7,20
bare,83,7,21
bare,83,7,22
bare,83,7,23
bare,83,7,24
bare,83,7,25
bare,83,7,26
bare,83,7,27
bare,83,7,28
bare,83,7,29
bare,83,7,30
bare,83,7,31
bare,83,7,32
bare,83,7,33
bare,83,7,34
bare,83,7,35
bare,83,7,36
bare,83,7,37
bare,83,7,38
bare,83,7,39
bare,83,7,40
bare,83,7,41
bare,83,7,42
bare,83,7,43
bare,83,7,44
bare,83,7,45
bare,83,7,46
bare,83,7,47
bare,83,7,48
bare,83,7,49
bare,83,7,50
bare,83,7,51
bare,83,7,52
bare,83,7,53
bare,83,7,54
bare,83,7,55
bare,83,7,56
bare,83,7,57
bare,83,7,58
bare,83,7,59
bare,83,7,60
bare,83,7,61
bare,83,7,62
bare,83,7,63
bare,83,7,64
bare,83,7,65
bare,83,7,66
bare,83,7,67
bare,83,7,68
bare,83,7,69
bare,83,7,70
bare,83,7,71
bare,83,7,72
bare,83,7,73
bare,83,7,74
gravel,83,7,75
gravel,83,7,76
gravel,83,7,77
gravel,83,7,78
bare,83,7,79
bare,83,7,80
bare,83,7,81
bare,83,7,82
bare,83,7,83
bare,83,7,84
bare,83,7,85
bare,83,7,86
bare,83,7,87
bare,83,7,88
bare,83,7,89
bare,83,7,90
bare,83,7,91
bare,83,7,92
bare,83,7,93
bare,83,7,94
bare,83,7,95
bare,83,7,96
bare,83,7,97
bare,83,7,98
bare,83,7,99
tuff,83,7,100
tuff,83,7,101
tuff,83,7,102
tuff,83,7,103
bare,83,7,104
bare,83,7,105
bare,83,7,106
bare,83,7,107
bare,83,7,108
bare,83,7,109
bare,83,7,110
bare,83,7,111
bare,83,7,112
bare,83,7,113
bare,83,7,114
bare,83,7,115
bare,83,7,116
bare,83,7,117
bare,83,7,118
bare,83,7,119
bare,83,7,120
bare,83,7,121
bare,84,-1,-1
bare,84,-1,0
bare,84,-1,1
bare,84,-1,2
bare,84,-1,3
bare,84,-1,4
bare,84,-1,5
bare,84,-1,6
bare,84,-1,7
bare,84,-1,8
bare,84,-1,9
bare,84,-1,10
bare,84,-1,11
bare,84,-1,12
bare,84,-1,13
bare,84,-1,14
bare,84,-1,15
bare,84,-1,16
bare,84,-1,17
bare,84,-1,18
bare,84,-1,19
bare,84,-1,20
bare,84,-1,21
bare,84,-1,22
bare,84,-1,23
bare,84,-1,24
bare,84,-1,25
bare,84,-1,26
bare,84,-1,27
bare,84,-1,28
bare,84,-1,29
bare,84,-1,30
bare,84,-1,31
bare,84,-1,32
bare,84,-1,33
tuff,84,-1,34
tuff,84,-1,35
tuff,84,-1,36
tuff,84,-1,37
tuff,84,-1,38
bare,84,-1,39
bare,84,-1,40
bare,84,-1,41
bare,84,-1,42
bare,84,-1,43
bare,84,-1,44
bare,84,-1,45
bare,84,-1,46
bare,84,-1,47
bare,84,-1,48
bare,84,-1,49
bare,84,-1,50
bare,84,-1,51
bare,84,-1,52
bare,84,-1,53
bare,84,-1,54
bare,84,-1,55
bare,84,-1,56
bare,84,-1,57
bare,84,-1,58
bare,84,-1,59
bare,84,-1,60
bare,84,-1,61
bare,84,-1,62
bare,84,-1,63
bare,84,-1,64
bare,84,-1,65
bare,84,-1,66
bare,84,-1,67
bare,84,-1,68
bare,84,-1,69
bare,84,-1,70
bare,84,-1,71
bare,84,-1,72
bare,84,-1,73
bare,84,-1,74
bare,84,-1,75
bare,84,-1,76
bare,84,-1,77
bare,84,-1,78
bare,84,-1,79
bare,84,-1,80
bare,84,-1,81
bare,84,-1,82
bare,84,-1,83
bare,84,-1,84
bare,84,-1,85
bare,84,-1,86
bare,84,-1,87
bare,84,-1,88
bare,84,-1,89
bare,84,-1,90
bare,84,-1,91
bare,84,-1,92
bare,84,-1,93
bare,84,-1,94
bare,84,-1,95
bare,84,-1,96
bare,84,-1,97
bare,84,-1,98
bare,84,-1,99
bare,84,-1,100
bare,84,-1,101
bare,84,-1,102
bare,84,-1,103
bare,84,-1,104
bare,84,-1,105
bare,84,-1,106
bare,84,-1,107
bare,84,-1,108
bare,84,-1,109
bare,84,-1,110
bare,84,-1,111
bare,84,-1,112
bare,84,-1,113
bare,84,-1,114
bare,84,-1,115
bare,84,-1,116
bare,84,-1,117
bare,84,-1,118
bare,84,-1,119
bare,84,-1,120
bare,84,-1,121
bare,84,0,-1
bare,84,0,121
bare,84,1,-1
bare,84,1,121
bare,84,2,-1
bare,84,2,121
bare,84,3,-1
bare,84,3,121
bare,84,4,-1
bare,84,4,121
bare,84,5,-1
bare,84,5,121
bare,84,6,-1
bare,84,6,121
bare,84,7,-1
bare,84,7,0
bare,84,7,1
bare,84,7,2
bare,84,7,3
bare,84,7,4
bare,84,7,5
bare,84,7,6
bare,84,7,7
bare,84,7,8
bare,84,7,9
bare,84,7,10
bare,84,7,11
bare,84,7,12
bare,84,7,13
bare,84,7,14
bare,84,7,15
bare,84,7,16
bare,84,7,17
bare,84,7,18
bare,84,7,19
bare,84,7,20
bare,84,7,21
bare,84,7,22
bare,84,7,23
bare,84,7,24
bare,84,7,25
bare,84,7,26
bare,84,7,27
bare,84,7,28
bare,84,7,29
bare,84,7,30
bare,84,7,31
bare,84,7,32
bare,84,7,33
bare,84,7,34
bare,84,7,35
bare,84,7,36
bare,84,7,37
bare,84,7,38
bare,84,7,39
bare,84,7,40
bare,84,7,41
bare,84,7,42
bare,84,7,43
bare,84,7,44
bare,84,7,45
bare,84,7,46
bare,84,7,47
bare,84,7,48
bare,84,7,49
bare,84,7,50
bare,84,7,51
bare,84,7,52
bare,84,7,53
bare,84,7,54
bare,84,7,55
bare,84,7,56
bare,84,7,57
bare,84,7,58
bare,84,7,59
bare,84,7,60
bare,84,7,61
bare,84,7,62
bare,84,7,63
bare,84,7,64
bare,84,7,65
bare,84,7,66
bare,84,7,67
bare,84,7,68
bare,84,7,69
bare,84,7,70
bare,84,7,71
bare,84,7,72
bare,84,7,73
bare,84,7,74
gravel,84,7,75
gravel,84,7,76
gravel,84,7,77
gravel,84,7,78
gravel,84,7,79
bare,84,7,80
bare,84,7,81
bare,84,7,82
bare,84,7,83
bare,84,7,84
bare,84,7,85
bare,84,7,86
bare,84,7,87
bare,84,7,88
bare,84,7,89
bare,84,7,90
bare,84,7,91
bare,84,7,92
gravel,84,7,93
gravel,84,7,94
bare,84,7,95
bare,84,7,96
bare,84,7,97
bare,84,7,98
bare,84,7,99
tuff,84,7,100
tuff,84,7,101
tuff,84,7,102
bare,84,7,103
bare,84,7,104
bare,84,7,105
bare,84,7,106
bare,84,7,107
bare,84,7,108
bare,84,7,109
bare,84,7,110
bare,84,7,111
bare,84,7,112
bare,84,7,113
bare,84,7,114
bare,84,7,115
bare,84,7,116
bare,84,7,117
bare,84,7,118
bare,84,7,119
bare,84,7,120
bare,84,7,121
bare,85,-1,-1
bare,85,-1,0
bare,85,-1,1
bare,85,-1,2
bare,85,-1,3
bare,85,-1,4
bare,85,-1,5
bare,85,-1,6
bare,85,-1,7
bare,85,-1,8
bare,85,-1,9
bare,85,-1,10
bare,85,-1,11
bare,85,-1,12
bare,85,-1,13
bare,85,-1,14
bare,85,-1,15
bare,85,-1,16
bare,85,-1,17
bare,85,-1,18
bare,85,-1,19
bare,85,-1,20
bare,85,-1,21
bare,85,-1,22
bare,85,-1,23
bare,85,-1,24
bare,85,-1,25
bare,85,-1,26
bare,85,-1,27
bare,85,-1,28
bare,85,-1,29
bare,85,-1,30
bare,85,-1,31
bare,85,-1,32
bare,85,-1,33
bare,85,-1,34
tuff,85,-1,35
tuff,85,-1,36
tuff,85,-1,37
tuff,85,-1,38
bare,85,-1,39
bare,85,-1,40
bare,85,-1,41
bare,85,-1,42
bare,85,-1,43
bare,85,-1,44
bare,85,-1,45
bare,85,-1,46
bare,85,-1,47
bare,85,-1,48
bare,85,-1,49
bare,85,-1,50
bare,85,-1,51
bare,85,-1,52
bare,85,-1,53
bare,85,-1,54
bare,85,-1,55
bare,85,-1,56
bare,85,-1,57
bare,85,-1,58
bare,85,-1,59
bare,85,-1,60
bare,85,-1,61
bare,85,-1,62
bare,85,-1,63
bare,85,-1,64
bare,85,-1,65
bare,85,-1,66
bare,85,-1,67
bare,85,-1,68
bare,85,-1,69
bare,85,-1,70
bare,85,-1,71
bare,85,-1,72
bare,85,-1,73
bare,85,-1,74
bare,85,-1,75
bare,85,-1,76
bare,85,-1,77
bare,85,-1,78
bare,85,-1,79
bare,85,-1,80
bare,85,-1,81
bare,85,-1,82
bare,85,-1,83
bare,85,-1,84
bare,85,-1,85
bare,85,-1,86
bare,85,-1,87
bare,85,-1,88
bare,85,-1,89
bare,85,-1,90
bare,85,-1,91
bare,85,-1,92
bare,85,-1,93
bare,85,-1,94
bare,85,-1,95
bare,85,-1,96
bare,85,-1,97
bare,85,-1,98
bare,85,-1,99
bare,85,-1,100
bare,85,-1,101
tuff,85,-1,102
tuff,85,-1,103
tuff,85,-1,104
bare,85,-1,105
bare,85,-1,106
bare,85,-1,107
bare,85,-1,108
bare,85,-1,109
bare,85,-1,110
bare,85,-1,111
bare,85,-1,112
bare,85,-1,113
bare,85,-1,114
bare,85,-1,115
bare,85,-1,116
bare,85,-1,117
bare,85,-1,118
bare,85,-1,119
bare,85,-1,120
bare,85,-1,121
bare,85,0,-1
bare,85,0,121
bare,85,1,-1
bare,85,1,121
bare,85,2,-1
bare,85,2,121
bare,85,3,-1
bare,85,3,121
bare,85,4,-1
bare,85,4,121
bare,85,5,-1
bare,85,5,121
bare,85,6,-1
bare,85,6,121
bare,85,7,-1
bare,85,7,0
bare,85,7,1
bare,85,7,2
bare,85,7,3
bare,85,7,4
bare,85,7,5
bare,85,7,6
bare,85,7,7
bare,85,7,8
bare,85,7,9
bare,85,7,10
bare,85,7,11
bare,85,7,12
bare,85,7,13
bare,85,7,14
bare,85,7,15
bare,85,7,16
bare,85,7,17
bare,85,7,18
bare,85,7,19
bare,85,7,20
bare,85,7,21
bare,85,7,22
bare,85,7,23
bare,85,7,24
bare,85,7,25
bare,85,7,26
bare,85,7,27
bare,85,7,28
bare,85,7,29
bare,85,7,30
bare,85,7,31
bare,85,7,32
bare,85,7,33
bare,85,7,34
bare,85,7,35
bare,85,7,36
bare,85,7,37
bare,85,7,38
bare,85,7,39
bare,85,7,40
bare,85,7,41
bare,85,7,42
bare,85,7,43
bare,85,7,44
bare,85,7,45
bare,85,7,46
bare,85,7,47
bare,85,7,48
bare,85,7,49
bare,85,7,50
bare,85,7,51
bare,85,7,52
bare,85,7,53
bare,85,7,54
bare,85,7,55
bare,85,7,56
bare,85,7,57
bare,85,7,58
bare,85,7,59
bare,85,7,60
bare,85,7,61
bare,85,7,62
bare,85,7,63
bare,85,7,64
bare,85,7,65
bare,85,7,66
bare,85,7,67
bare,85,7,68
bare,85,7,69
bare,85,7,70
bare,85,7,71
bare,85,7,72
bare,85,7,73
bare,85,7,74
gravel,85,7,75
gravel,85,7,76
gravel,85,7,77
gravel,85,7,78
gravel,85,7,79
gravel,85,7,80
bare,85,7,81
bare,85,7,82
bare,85,7,83
bare,85,7,84
bare,85,7,85
bare,85,7,86
bare,85,7,87
bare,85,7,88
bare,85,7,89
bare,85,7,90
bare,85,7,91
gravel,85,7,92
gravel,85,7,93
gravel,85,7,94
gravel,85,7,95
bare,85,7,96
bare,85,7,97
bare,85,7,98
bare,85,7,99
bare,85,7,100
bare,85,7,101
bare,85,7,102
tuff,85,7,103
bare,85,7,104
bare,85,7,105
bare,85,7,106
bare,85,7,107
bare,85,7,108
bare,85,7,109
bare,85,7,110
bare,85,7,111
bare,85,7,112
bare,85,7,113
bare,85,7,114
bare,85,7,115
bare,85,7,116
bare,85,7,117
bare,85,7,118
bare,85,7,119
bare,85,7,120
bare,85,7,121
bare,86,-1,-1
bare,86,-1,0
bare,86,-1,1
bare,86,-1,2
bare,86,-1,3
bare,86,-1,4
bare,86,-1,5
bare,86,-1,6
bare,86,-1,7
bare,86,-1,8
bare,86,-1,9
bare,86,-1,10
bare,86,-1,11
bare,86,-1,12
bare,86,-1,13
bare,86,-1,14
bare,86,-1,15
bare,86,-1,16
bare,86,-1,17
bare,86,-1,18
bare,86,-1,19
bare,86,-1,20
bare,86,-1,21
bare,86,-1,22
bare,86,-1,23
bare,86,-1,24
bare,86,-1,25
bare,86,-1,26
bare,86,-1,27
bare,86,-1,28
bare,86,-1,29
bare,86,-1,30
bare,86,-1,31
bare,86,-1,32
bare,86,-1,33
bare,86,-1,34
bare,86,-1,35
bare,86,-1,36
bare,86,-1,37
bare,86,-1,38
bare,86,-1,39
bare,86,-1,40
bare,86,-1,41
bare,86,-1,42
bare,86,-1,43
bare,86,-1,44
bare,86,-1,45
bare,86,-1,46
bare,86,-1,47
bare,86,-1,48
bare,86,-1,49
bare,86,-1,50
bare,86,-1,51
bare,86,-1,52
bare,86,-1,53
bare,86,-1,54
bare,86,-1,55
bare,86,-1,56
bare,86,-1,57
bare,86,-1,58
bare,86,-1,59
bare,86,-1,60
bare,86,-1,61
bare,86,-1,62
bare,86,-1,63
bare,86,-1,64
bare,86,-1,65
bare,86,-1,66
bare,86,-1,67
bare,86,-1,68
bare,86,-1,69
bare,86,-1,70
bare,86,-1,71
bare,86,-1,72
bare,86,-1,73
bare,86,-1,74
bare,86,-1,75
bare,86,-1,76
bare,86,-1,77
bare,86,-1,78
bare,86,-1,79
bare,86,-1,80
bare,86,-1,81
bare,86,-1,82
bare,86,-1,83
bare,86,-1,84
bare,86,-1,85
bare,86,-1,86
bare,86,-1,87
bare,86,-1,88
bare,86,-1,89
bare,86,-1,90
bare,86,-1,91
bare,86,-1,92
bare,86,-1,93
bare,86,-1,94
bare,86,-1,95
bare,86,-1,96
bare,86,-1,97
bare,86,-1,98
bare,86,-1,99
bare,86,-1,100
bare,86,-1,101
bare,86,-1,102
tuff,86,-1,103
tuff,86,-1,104
bare,86,-1,105
bare,86,-1,106
bare,86,-1,107
bare,86,-1,108
bare,86,-1,109
bare,86,-1,110
bare,86,-1,111
bare,86,-1,112
bare,86,-1,113
bare,86,-1,114
bare,86,-1,115
bare,86,-1,116
bare,86,-1,117
bare,86,-1,118
bare,86,-1,119
tuff,86,-1,120
bare,86,-1,121
bare,86,0,-1
bare,86,0,121
bare,86,1,-1
bare,86,1,121
bare,86,2,-1
bare,86,2,121
bare,86,3,-1
bare,86,3,121
bare,86,4,-1
bare,86,4,121
bare,86,5,-1
bare,86,5,121
bare,86,6,-1
bare,86,6,121
bare,86,7,-1
bare,86,7,0
bare,86,7,1
bare,86,7,2
bare,86,7,3
bare,86,7,4
bare,86,7,5
bare,86,7,6
bare,86,7,7
bare,86,7,8
bare,86,7,9
bare,86,7,10
bare,86,7,11
bare,86,7,12
bare,86,7,13
bare,86,7,14
bare,86,7,15
bare,86,7,16
bare,86,7,17
bare,86,7,18
bare,86,7,19
bare,86,7,20
bare,86,7,21
bare,86,7,22
bare,86,7,23
bare,86,7,24
bare,86,7,25
bare,86,7,26
bare,86,7,27
bare,86,7,28
bare,86,7,29
bare,86,7,30
bare,86,7,31
bare,86,7,32
bare,86,7,33
bare,86,7,34
bare,86,7,35
bare,86,7,36
bare,86,7,37
bare,86,7,38
bare,86,7,39
bare,86,7,40
bare,86,7,41
bare,86,7,42
bare,86,7,43
bare,86,7,44
bare,86,7,45
bare,86,7,46
bare,86,7,47
bare,86,7,48
bare,86,7,49
bare,86,7,50
bare,86,7,51
bare,86,7,52
bare,86,7,53
bare,86,7,54
bare,86,7,55
bare,86,7,56
bare,86,7,57
bare,86,7,58
bare,86,7,59
bare,86,7,60
bare,86,7,61
bare,86,7,62
bare,86,7,63
bare,86,7,64
bare,86,7,65
bare,86,7,66
bare,86,7,67
bare,86,7,68
bare,86,7,69
bare,86,7,70
bare,86,7,71
bare,86,7,72
bare,86,7,73
bare,86,7,74
bare,86,7,75
gravel,86,7,76
gravel,86,7,77
gravel,86,7,78
gravel,86,7,79
gravel,86,7,80
gravel,86,7,81
bare,86,7,82
bare,86,7,83
bare,86,7,84
bare,86,7,85
bare,86,7,86
bare,86,7,87
bare,86,7,88
bare,86,7,89
bare,86,7,90
bare,86,7,91
gravel,86,7,92
gravel,86,7,93
gravel,86,7,94
gravel,86,7,95
bare,86,7,96
bare,86,7,97
bare,86,7,98
bare,86,7,99
bare,86,7,100
bare,86,7,101
bare,86,7,102
bare,86,7,103
bare,86,7,104
bare,86,7,105
bare,86,7,106
bare,86,7,107
bare,86,7,108
bare,86,7,109
bare,86,7,110
bare,86,7,111
bare,86,7,112
bare,86,7,113
bare,86,7,114
bare,86,7,115
bare,86,7,116
bare,86,7,117
bare,86,7,118
bare,86,7,119
bare,86,7,120
bare,86,7,121
bare,87,-1,-1
bare,87,-1,0
bare,87,-1,1
bare,87,-1,2
bare,87,-1,3
bare,87,-1,4
bare,87,-1,5
bare,87,-1,6
bare,87,-1,7
bare,87,-1,8
bare,87,-1,9
bare,87,-1,10
bare,87,-1,11
bare,87,-1,12
bare,87,-1,13
bare,87,-1,14
bare,87,-1,15
bare,87,-1,16
bare,87,-1,17
bare,87,-1,18
bare,87,-1,19
bare,87,-1,20
bare,87,-1,21
bare,87,-1,22
bare,87,-1,23
bare,87,-1,24
bare,87,-1,25
bare,87,-1,26
bare,87,-1,27
bare,87,-1,28
bare,87,-1,29
bare,87,-1,30
bare,87,-1,31
bare,87,-1,32
bare,87,-1,33
bare,87,-1,34
bare,87,-1,35
bare,87,-1,36
bare,87,-1,37
bare,87,-1,38
bare,87,-1,39
bare,87,-1,40
bare,87,-1,41
bare,87,-1,42
bare,87,-1,43
bare,87,-1,44
bare,87,-1,45
bare,87,-1,46
bare,87,-1,47
bare,87,-1,48
bare,87,-1,49
bare,87,-1,50
bare,87,-1,51
bare,87,-1,52
bare,87,-1,53
bare,87,-1,54
bare,87,-1,55
bare,87,-1,56
bare,87,-1,57
bare,87,-1,58
bare,87,-1,59
bare,87,-1,60
bare,87,-1,61
bare,87,-1,62
bare,87,-1,63
bare,87,-1,64
bare,87,-1,65
bare,87,-1,66
bare,87,-1,67
bare,87,-1,68
bare,87,-1,69
bare,87,-1,70
bare,87,-1,71
bare,87,-1,72
bare,87,-1,73
bare,87,-1,74
bare,87,-1,75
bare,87,-1,76
bare,87,-1,77
bare,87,-1,78
bare,87,-1,79
bare,87,-1,80
bare,87,-1,81
bare,87,-1,82
bare,87,-1,83
bare,87,-1,84
bare,87,-1,85
bare,87,-1,86
bare,87,-1,87
bare,87,-1,88
bare,87,-1,89
bare,87,-1,90
bare,87,-1,91
bare,87,-1,92
bare,87,-1,93
bare,87,-1,94
bare,87,-1,95
bare,87,-1,96
bare,87,-1,97
bare,87,-1,98
bare,87,-1,99
bare,87,-1,100
bare,87,-1,101
bare,87,-1,102
bare,87,-1,103
bare,87,-1,104
bare,87,-1,105
bare,87,-1,106
bare,87,-1,107
bare,87,-1,108
bare,87,-1,109
bare,87,-1,110
bare,87,-1,111
bare,87,-1,112
bare,87,-1,113
bare,87,-1,114
bare,87,-1,115
bare,87,-1,116
tuff,87,-1,117
tuff,87,-1,118
tuff,87,-1,119
tuff,87,-1,120
tuff,87,-1,121
bare,87,0,-1
bare,87,0,121
bare,87,1,-1
bare,87,1,121
bare,87,2,-1
bare,87,2,121
bare,87,3,-1
bare,87,3,121
bare,87,4,-1
bare,87,4,121
bare,87,5,-1
bare,87,5,121
bare,87,6,-1
bare,87,6,121
bare,87,7,-1
bare,87,7,0
bare,87,7,1
bare,87,7,2
bare,87,7,3
bare,87,7,4
bare,87,7,5
bare,87,7,6
bare,87,7,7
bare,87,7,8
bare,87,7,9
bare,87,7,10
bare,87,7,11
bare,87,7,12
bare,87,7,13
bare,87,7,14
bare,87,7,15
bare,87,7,16
bare,87,7,17
bare,87,7,18
bare,87,7,19
bare,87,7,20
bare,87,7,21
bare,87,7,22
bare,87,7,23
bare,87,7,24
bare,87,7,25
bare,87,7,26
bare,87,7,27
bare,87,7,28
bare,87,7,29
bare,87,7,30
bare,87,7,31
bare,87,7,32
bare,87,7,33
bare,87,7,34
bare,87,7,35
bare,87,7,36
bare,87,7,37
bare,87,7,38
bare,87,7,39
bare,87,7,40
bare,87,7,41
bare,87,7,42
bare,87,7,43
bare,87,7,44
bare,87,7,45
bare,87,7,46
bare,87,7,47
bare,87,7,48
bare,87,7,49
bare,87,7,50
bare,87,7,51
bare,87,7,52
bare,87,7,53
bare,87,7,54
bare,87,7,55
bare,87,7,56
bare,87,7,57
bare,87,7,58
bare,87,7,59
bare,87,7,60
bare,87,7,61
bare,87,7,62
bare,87,7,63
bare,87,7,64
bare,87,7,65
bare,87,7,66
bare,87,7,67
bare,87,7,68
bare,87,7,69
bare,87,7,70
bare,87,7,71
bare,87,7,72
bare,87,7,73
bare,87,7,74
bare,87,7,75
bare,87,7,76
bare,87,7,77
bare,87,7,78
gravel,87,7,79
gravel,87,7,80
gravel,87,7,81
gravel,87,7,82
bare,87,7,83
bare,87,7,84
bare,87,7,85
bare,87,7,86
bare,87,7,87
bare,87,7,88
bare,87,7,89
bare,87,7,90
bare,87,7,91
gravel,87,7,92
gravel,87,7,93
gravel,87,7,94
gravel,87,7,95
bare,87,7,96
bare,87,7,97
bare,87,7,98
bare,87,7,99
bare,87,7,100
bare,87,7,101
bare,87,7,102
bare,87,7,103
bare,87,7,104
bare,87,7,105
bare,87,7,106
bare,87,7,107
bare,87,7,108
bare,87,7,109
bare,87,7,110
bare,87,7,111
bare,87,7,112
bare,87,7,113
bare,87,7,114
bare,87,7,115
bare,87,7,116
bare,87,7,117
bare,87,7,118
bare,87,7,119
bare,87,7,120
bare,87,7,121
bare,88,-1,-1
bare,88,-1,0
bare,88,-1,1
bare,88,-1,2
bare,88,-1,3
bare,88,-1,4
bare,88,-1,5
bare,88,-1,6
bare,88,-1,7
bare,88,-1,8
bare,88,-1,9
bare,88,-1,10
bare,88,-1,11
bare,88,-1,12
bare,88,-1,13
bare,88,-1,14
bare,88,-1,15
bare,88,-1,16
bare,88,-1,17
bare,88,-1,18
bare,88,-1,19
bare,88,-1,20
bare,88,-1,21
bare,88,-1,22
bare,88,-1,23
bare,88,-1,24
bare,88,-1,25
bare,88,-1,26
bare,88,-1,27
bare,88,-1,28
bare,88,-1,29
bare,88,-1,30
bare,88,-1,31
bare,88,-1,32
bare,88,-1,33
bare,88,-1,34
bare,88,-1,35
bare,88,-1,36
bare,88,-1,37
bare,88,-1,38
bare,88,-1,39
bare,88,-1,40
bare,88,-1,41
bare,88,-1,42
bare,88,-1,43
bare,88,-1,44
bare,88,-1,45
bare,88,-1,46
bare,88,-1,47
bare,88,-1,48
bare,88,-1,49
bare,88,-1,50
bare,88,-1,51
bare,88,-1,52
bare,88,-1,53
bare,88,-1,54
bare,88,-1,55
bare,88,-1,56
bare,88,-1,57
bare,88,-1,58
bare,88,-1,59
bare,88,-1,60
bare,88,-1,61
bare,88,-1,62
bare,88,-1,63
bare,88,-1,64
bare,88,-1,65
bare,88,-1,66
bare,88,-1,67
bare,88,-1,68
bare,88,-1,69
bare,88,-1,70
bare,88,-1,71
bare,88,-1,72
bare,88,-1,73
bare,88,-1,74
bare,88,-1,75
bare,88,-1,76
bare,88,-1,77
bare,88,-1,78
bare,88,-1,79
bare,88,-1,80
bare,88,-1,81
bare,88,-1,82
bare,88,-1,83
bare,88,-1,84
bare,88,-1,85
bare,88,-1,86
bare,88,-1,87
bare,88,-1,88
bare,88,-1,89
bare,88,-1,90
bare,88,-1,91
bare,88,-1,92
bare,88,-1,93
bare,88,-1,94
bare,88,-1,95
bare,88,-1,96
bare,88,-1,97
bare,88,-1,98
bare,88,-1,99
bare,88,-1,100
bare,88,-1,101
bare,88,-1,102
bare,88,-1,103
bare,88,-1,104
bare,88,-1,105
bare,88,-1,106
bare,88,-1,107
bare,88,-1,108
bare,88,-1,109
bare,88,-1,110
bare,88,-1,111
bare,88,-1,112
bare,88,-1,113
bare,88,-1,114
bare,88,-1,115
tuff,88,-1,116
tuff,88,-1,117
tuff,88,-1,118
tuff,88,-1,119
tuff,88,-1,120
tuff,88,-1,121
bare,88,0,-1
bare,88,0,121
bare,88,1,-1
bare,88,1,121
bare,88,2,-1
bare,88,2,121
bare,88,3,-1
bare,88,3,121
bare,88,4,-1
bare,88,4,121
bare,88,5,-1
bare,88,5,121
bare,88,6,-1
bare,88,6,121
bare,88,7,-1
bare,88,7,0
bare,88,7,1
bare,88,7,2
bare,88,7,3
bare,88,7,4
bare,88,7,5
bare,88,7,6
bare,88,7,7
bare,88,7,8
bare,88,7,9
bare,88,7,10
bare,88,7,11
bare,88,7,12
bare,88,7,13
bare,88,7,14
bare,88,7,15
bare,88,7,16
bare,88,7,17
bare,88,7,18
bare,88,7,19
bare,88,7,20
bare,88,7,21
bare,88,7,22
bare,88,7,23
bare,88,7,24
bare,88,7,25
bare,88,7,26
bare,88,7,27
bare,88,7,28
bare,88,7,29
bare,88,7,30
bare,88,7,31
bare,88,7,32
bare,88,7,33
bare,88,7,34
bare,88,7,35
bare,88,7,36
bare,88,7,37
bare,88,7,38
bare,88,7,39
bare,88,7,40
bare,88,7,41
bare,88,7,42
bare,88,7,43
bare,88,7,44
bare,88,7,45
bare,88,7,46
bare,88,7,47
bare,88,7,48
bare,88,7,49
bare,88,7,50
bare,88,7,51
bare,88,7,52
bare,88,7,53
bare,88,7,54
bare,88,7,55
bare,88,7,56
bare,88,7,57
bare,88,7,58
bare,88,7,59
bare,88,7,60
bare,88,7,61
bare,88,7,62
bare,88,7,63
bare,88,7,64
bare,88,7,65
bare,88,7,66
bare,88,7,67
bare,88,7,68
bare,88,7,69
bare,88,7,70
bare,88,7,71
bare,88,7,72
bare,88,7,73
bare,88,7,74
bare,88,7,75
bare,88,7,76
bare,88,7,77
bare,88,7,78
bare,88,7,79
gravel,88,7,80
gravel,88,7,81
gravel,88,7,82
bare,88,7,83
bare,88,7,84
bare,88,7,85
bare,88,7,86
bare,88,7,87
bare,88,7,88
bare,88,7,89
bare,88,7,90
bare,88,7,91
gravel,88,7,92
gravel,88,7,93
gravel,88,7,94
gravel,88,7,95
bare,88,7,96
bare,88,7,97
bare,88,7,98
bare,88,7,99
bare,88,7,100
bare,88,7,101
bare,88,7,102
bare,88,7,103
bare,88,7,104
bare,88,7,105
bare,88,7,106
bare,88,7,107
bare,88,7,108
bare,88,7,109
bare,88,7,110
bare,88,7,111
bare,88,7,112
bare,88,7,113
bare,88,7,114
bare,88,7,115
bare,88,7,116
bare,88,7,117
bare,88,7,118
bare,88,7,119
bare,88,7,120
bare,88,7,121
bare,89,-1,-1
bare,89,-1,0
bare,89,-1,1
bare,89,-1,2
bare,89,-1,3
bare,89,-1,4
bare,89,-1,5
bare,89,-1,6
bare,89,-1,7
bare,89,-1,8
bare,89,-1,9
bare,89,-1,10
bare,89,-1,11
bare,89,-1,12
bare,89,-1,13
bare,89,-1,14
bare,89,-1,15
bare,89,-1,16
bare,89,-1,17
bare,89,-1,18
bare,89,-1,19
bare,89,-1,20
bare,89,-1,21
bare,89,-1,22
bare,89,-1,23
bare,89,-1,24
bare,89,-1,25
bare,89,-1,26
bare,89,-1,27
bare,89,-1,28
bare,89,-1,29
bare,89,-1,30
bare,89,-1,31
bare,89,-1,32
bare,89,-1,33
bare,89,-1,34
bare,89,-1,35
tuff,89,-1,36
tuff,89,-1,37
tuff,89,-1,38
bare,89,-1,39
bare,89,-1,40
bare,89,-1,41
bare,89,-1,42
bare,89,-1,43
bare,89,-1,44
bare,89,-1,45
bare,89,-1,46
bare,89,-1,47
bare,89,-1,48
bare,89,-1,49
bare,89,-1,50
bare,89,-1,51
bare,89,-1,52
bare,89,-1,53
bare,89,-1,54
bare,89,-1,55
bare,89,-1,56
bare,89,-1,57
bare,89,-1,58
bare,89,-1,59
bare,89,-1,60
bare,89,-1,61
bare,89,-1,62
bare,89,-1,63
bare,89,-1,64
bare,89,-1,65
bare,89,-1,66
bare,89,-1,67
bare,89,-1,68
bare,89,-1,69
bare,89,-1,70
bare,89,-1,71
bare,89,-1,72
bare,89,-1,73
bare,89,-1,74
bare,89,-1,75
bare,89,-1,76
bare,89,-1,77
bare,89,-1,78
bare,89,-1,79
bare,89,-1,80
bare,89,-1,81
bare,89,-1,82
bare,89,-1,83
bare,89,-1,84
bare,89,-1,85
bare,89,-1,86
bare,89,-1,87
bare,89,-1,88
bare,89,-1,89
bare,89,-1,90
bare,89,-1,91
bare,89,-1,92
bare,89,-1,93
bare,89,-1,94
bare,89,-1,95
bare,89,-1,96
bare,89,-1,97
bare,89,-1,98
bare,89,-1,99
bare,89,-1,100
bare,89,-1,101
bare,89,-1,102
bare,89,-1,103
bare,89,-1,104
bare,89,-1,105
bare,89,-1,106
bare,89,-1,107
bare,89,-1,108
bare,89,-1,109
bare,89,-1,110
bare,89,-1,111
bare,89,-1,112
bare,89,-1,113
bare,89,-1,114
tuff,89,-1,115
tuff,89,-1,116
tuff,89,-1,117
tuff,89,-1,118
tuff,89,-1,119
tuff,89,-1,120
tuff,89,-1,121
bare,89,0,-1
bare,89,0,121
bare,89,1,-1
bare,89,1,121
bare,89,2,-1
bare,89,2,121
bare,89,3,-1
bare,89,3,121
bare,89,4,-1
bare,89,4,121
bare,89,5,-1
bare,89,5,121
bare,89,6,-1
bare,89,6,121
bare,89,7,-1
bare,89,7,0
bare,89,7,1
bare,89,7,2
bare,89,7,3
bare,89,7,4
bare,89,7,5
bare,89,7,6
bare,89,7,7
bare,89,7,8
bare,89,7,9
bare,89,7,10
bare,89,7,11
bare,89,7,12
bare,89,7,13
bare,89,7,14
bare,89,7,15
bare,89,7,16
bare,89,7,17
bare,89,7,18
bare,89,7,19
bare,89,7,20
bare,89,7,21
bare,89,7,22
bare,89,7,23
bare,89,7,24
bare,89,7,25
bare,89,7,26
bare,89,7,27
bare,89,7,28
bare,89,7,29
bare,89,7,30
bare,89,7,31
bare,89,7,32
bare,89,7,33
bare,89,7,34
bare,89,7,35
bare,89,7,36
bare,89,7,37
bare,89,7,38
bare,89,7,39
bare,89,7,40
bare,89,7,41
bare,89,7,42
bare,89,7,43
bare,89,7,44
bare,89,7,45
bare,89,7,46
bare,89,7,47
bare,89,7,48
bare,89,7,49
bare,89,7,50
bare,89,7,51
bare,89,7,52
bare,89,7,53
bare,89,7,54
bare,89,7,55
bare,89,7,56
bare,89,7,57
bare,89,7,58
bare,89,7,59
bare,89,7,60
bare,89,7,61
bare,89,7,62
bare,89,7,63
bare,89,7,64
bare,89,7,65
bare,89,7,66
bare,89,7,67
bare,89,7,68
bare,89,7,69
bare,89,7,70
bare,89,7,71
bare,89,7,72
bare,89,7,73
bare,89,7,74
bare,89,7,75
bare,89,7,76
bare,89,7,77
bare,89,7,78
bare,89,7,79
bare,89,7,80
bare,89,7,81
bare,89,7,82
bare,89,7,83
bare,89,7,84
bare,89,7,85
bare,89,7,86
bare,89,7,87
bare,89,7,88
bare,89,7,89
bare,89,7,90
bare,89,7,91
gravel,89,7,92
gravel,89,7,93
gravel,89,7,94
gravel,89,7,95
bare,89,7,96
bare,89,7,97
bare,89,7,98
bare,89,7,99
bare,89,7,100
bare,89,7,101
bare,89,7,102
bare,89,7,103
bare,89,7,104
bare,89,7,105
bare,89,7,106
bare,89,7,107
bare,89,7,108
bare,89,7,109
bare,89,7,110
bare,89,7,111
bare,89,7,112
bare,89,7,113
bare,89,7,114
bare,89,7,115
bare,89,7,116
bare,89,7,117
bare,89,7,118
bare,89,7,119
bare,89,7,120
bare,89,7,121
bare,90,-1,-1
bare,90,-1,0
bare,90,-1,1
bare,90,-1,2
bare,90,-1,3
bare,90,-1,4
bare,90,-1,5
bare,90,-1,6
bare,90,-1,7
bare,90,-1,8
bare,90,-1,9
bare,90,-1,10
bare,90,-1,11
bare,90,-1,12
bare,90,-1,13
bare,90,-1,14
bare,90,-1,15
bare,90,-1,16
bare,90,-1,17
bare,90,-1,18
bare,90,-1,19
bare,90,-1,20
bare,90,-1,21
bare,90,-1,22
bare,90,-1,23
bare,90,-1,24
bare,90,-1,25
bare,90,-1,26
bare,90,-1,27
bare,90,-1,28
bare,90,-1,29
bare,90,-1,30
tuff,90,-1,31
tuff,90,-1,32
tuff,90,-1,33
tuff,90,-1,34
tuff,90,-1,35
tuff,90,-1,36
tuff,90,-1,37
tuff,90,-1,38
tuff,90,-1,39
bare,90,-1,40
bare,90,-1,41
bare,90,-1,42
bare,90,-1,43
bare,90,-1,44
bare,90,-1,45
bare,90,-1,46
bare,90,-1,47
bare,90,-1,48
bare,90,-1,49
bare,90,-1,50
bare,90,-1,51
bare,90,-1,52
bare,90,-1,53
bare,90,-1,54
bare,90,-1,55
bare,90,-1,56
bare,90,-1,57
bare,90,-1,58
bare,90,-1,59
bare,90,-1,60
bare,90,-1,61
bare,90,-1,62
bare,90,-1,63
bare,90,-1,64
bare,90,-1,65
bare,90,-1,66
bare,90,-1,67
bare,90,-1,68
bare,90,-1,69
bare,90,-1,70
bare,90,-1,71
bare,90,-1,72
bare,90,-1,73
bare,90,-1,74
bare,90,-1,75
bare,90,-1,76
bare,90,-1,77
bare,90,-1,78
bare,90,-1,79
bare,90,-1,80
bare,90,-1,81
bare,90,-1,82
bare,90,-1,83
bare,90,-1,84
bare,90,-1,85
bare,90,-1,86
bare,90,-1,87
bare,90,-1,88
bare,90,-1,89
bare,90,-1,90
bare,90,-1,91
bare,90,-1,92
bare,90,-1,93
bare,90,-1,94
bare,90,-1,95
bare,90,-1,96
bare,90,-1,97
bare,90,-1,98
bare,90,-1,99
bare,90,-1,100
bare,90,-1,101
bare,90,-1,102
bare,90,-1,103
bare,90,-1,104
bare,90,-1,105
bare,90,-1,106
bare,90,-1,107
bare,90,-1,108
bare,90,-1,109
bare,90,-1,110
bare,90,-1,111
bare,90,-1,112
tuff,90,-1,113
tuff,90,-1,114
tuff,90,-1,115
tuff,90,-1,116
tuff,90,-1,117
tuff,90,-1,118
tuff,90,-1,119
tuff,90,-1,120
bare,90,-1,121
bare,90,0,-1
bare,90,0,121
bare,90,1,-1
bare,90,1,121
bare,90,2,-1
bare,90,2,121
bare,90,3,-1
bare,90,3,121
bare,90,4,-1
bare,90,4,121
bare,90,5,-1
bare,90,5,121
bare,90,6,-1
bare,90,6,121
bare,90,7,-1
bare,90,7,0
bare,90,7,1
bare,90,7,2
bare,90,7,3
bare,90,7,4
bare,90,7,5
bare,90,7,6
bare,90,7,7
bare,90,7,8
bare,90,7,9
bare,90,7,10
bare,90,7,11
bare,90,7,12
bare,90,7,13
bare,90,7,14
bare,90,7,15
bare,90,7,16
bare,90,7,17
bare,90,7,18
bare,90,7,19
bare,90,7,20
bare,90,7,21
bare,90,7,22
bare,90,7,23
bare,90,7,24
bare,90,7,25
bare,90,7,26
bare,90,7,27
bare,90,7,28
bare,90,7,29
bare,90,7,30
bare,90,7,31
bare,90,7,32
bare,90,7,33
bare,90,7,34
bare,90,7,35
bare,90,7,36
bare,90,7,37
bare,90,7,38
bare,90,7,39
bare,90,7,40
bare,90,7,41
bare,90,7,42
bare,90,7,43
bare,90,7,44
bare,90,7,45
bare,90,7,46
bare,90,7,47
bare,90,7,48
bare,90,7,49
bare,90,7,50
bare,90,7,51
bare,90,7,52
bare,90,7,53
bare,90,7,54
bare,90,7,55
bare,90,7,56
bare,90,7,57
bare,90,7,58
bare,90,7,59
bare,90,7,60
bare,90,7,61
bare,90,7,62
bare,90,7,63
bare,90,7,64
bare,90,7,65
bare,90,7,66
bare,90,7,67
bare,90,7,68
bare,90,7,69
bare,90,7,70
bare,90,7,71
bare,90,7,72
bare,90,7,73
bare,90,7,74
bare,90,7,75
bare,90,7,76
bare,90,7,77
bare,90,7,78
bare,90,7,79
bare,90,7,80
bare,90,7,81
bare,90,7,82
bare,90,7,83
bare,90,7,84
bare,90,7,85
bare,90,7,86
bare,90,7,87
bare,90,7,88
bare,90,7,89
bare,90,7,90
bare,90,7,91
gravel,90,7,92
gravel,90,7,93
gravel,90,7,94
gravel,90,7,95
bare,90,7,96
bare,90,7,97
bare,90,7,98
bare,90,7,99
bare,90,7,100
bare,90,7,101
bare,90,7,102
bare,90,7,103
bare,90,7,104
bare,90,7,105
bare,90,7,106
bare,90,7,107
bare,90,7,108
bare,90,7,109
bare,90,7,110
bare,90,7,111
bare,90,7,112
bare,90,7,113
bare,90,7,114
bare,90,7,115
bare,90,7,116
bare,90,7,117
bare,90,7,118
bare,90,7,119
bare,90,7,120
bare,90,7,121
bare,91,-1,-1
bare,91,-1,0
bare,91,-1,1
bare,91,-1,2
bare,91,-1,3
bare,91,-1,4
bare,91,-1,5
bare,91,-1,6
bare,91,-1,7
bare,91,-1,8
bare,91,-1,9
bare,91,-1,10
bare,91,-1,11
bare,91,-1,12
bare,91,-1,13
bare,91,-1,14
bare,91,-1,15
bare,91,-1,16
bare,91,-1,17
bare,91,-1,18
bare,91,-1,19
bare,91,-1,20
bare,91,-1,21
bare,91,-1,22
bare,91,-1,23
bare,91,-1,24
bare,91,-1,25
bare,91,-1,26
bare,91,-1,27
bare,91,-1,28
tuff,91,-1,29
tuff,91,-1,30
tuff,91,-1,31
tuff,91,-1,32
tuff,91,-1,33
tuff,91,-1,34
tuff,91,-1,35
tuff,91,-1,36
tuff,91,-1,37
tuff,91,-1,38
tuff,91,-1,39
bare,91,-1,40
bare,91,-1,41
bare,91,-1,42
bare,91,-1,43
bare,91,-1,44
bare,91,-1,45
bare,91,-1,46
bare,91,-1,47
bare,91,-1,48
bare,91,-1,49
bare,91,-1,50
bare,91,-1,51
bare,91,-1,52
bare,91,-1,53
bare,91,-1,54
bare,91,-1,55
bare,91,-1,56
bare,91,-1,57
bare,91,-1,58
bare,91,-1,59
bare,91,-1,60
bare,91,-1,61
bare,91,-1,62
bare,91,-1,63
bare,91,-1,64
bare,91,-1,65
bare,91,-1,66
bare,91,-1,67
bare,91,-1,68
bare,91,-1,69
bare,91,-1,70
bare,91,-1,71
bare,91,-1,72
bare,91,-1,73
bare,91,-1,74
bare,91,-1,75
bare,91,-1,76
bare,91,-1,77
bare,91,-1,78
bare,91,-1,79
bare,91,-1,80
bare,91,-1,81
bare,91,-1,82
bare,91,-1,83
bare,91,-1,84
bare,91,-1,85
bare,91,-1,86
bare,91,-1,87
bare,91,-1,88
bare,91,-1,89
bare,91,-1,90
bare,91,-1,91
bare,91,-1,92
bare,91,-1,93
bare,91,-1,94
bare,91,-1,95
bare,91,-1,96
bare,91,-1,97
bare,91,-1,98
bare,91,-1,99
bare,91,-1,100
bare,91,-1,101
bare,91,-1,102
bare,91,-1,103
bare,91,-1,104
bare,91,-1,105
bare,91,-1,106
bare,91,-1,107
bare,91,-1,108
bare,91,-1,109
bare,91,-1,110
bare,91,-1,111
bare,91,-1,112
tuff,91,-1,113
tuff,91,-1,114
tuff,91,-1,115
tuff,91,-1,116
tuff,91,-1,117
tuff,91,-1,118
tuff,91,-1,119
tuff,91,-1,120
bare,91,-1,121
bare,91,0,-1
bare,91,0,121
bare,91,1,-1
bare,91,1,121
bare,91,2,-1
bare,91,2,121
bare,91,3,-1
bare,91,3,121
bare,91,4,-1
bare,91,4,121
bare,91,5,-1
bare,91,5,121
bare,91,6,-1
bare,91,6,121
bare,91,7,-1
bare,91,7,0
bare,91,7,1
bare,91,7,2
bare,91,7,3
bare,91,7,4
bare,91,7,5
bare,91,7,6
bare,91,7,7
bare,91,7,8
bare,91,7,9
bare,91,7,10
bare,91,7,11
bare,91,7,12
bare,91,7,13
bare,91,7,14
bare,91,7,15
bare,91,7,16
bare,91,7,17
bare,91,7,18
bare,91,7,19
bare,91,7,20
bare,91,7,21
bare,91,7,22
bare,91,7,23
bare,91,7,24
bare,91,7,25
bare,91,7,26
bare,91,7,27
bare,91,7,28
bare,91,7,29
bare,91,7,30
bare,91,7,31
bare,91,7,32
bare,91,7,33
bare,91,7,34
bare,91,7,35
bare,91,7,36
bare,91,7,37
bare,91,7,38
bare,91,7,39
bare,91,7,40
bare,91,7,41
bare,91,7,42
bare,91,7,43
bare,91,7,44
bare,91,7,45
bare,91,7,46
bare,91,7,47
bare,91,7,48
bare,91,7,49
bare,91,7,50
bare,91,7,51
bare,91,7,52
bare,91,7,53
bare,91,7,54
bare,91,7,55
bare,91,7,56
bare,91,7,57
bare,91,7,58
bare,91,7,59
bare,91,7,60
bare,91,7,61
bare,91,7,62
bare,91,7,63
bare,91,7,64
bare,91,7,65
bare,91,7,66
bare,91,7,67
bare,91,7,68
bare,91,7,69
bare,91,7,70
bare,91,7,71
bare,91,7,72
bare,91,7,73
bare,91,7,74
bare,91,7,75
bare,91,7,76
bare,91,7,77
bare,91,7,78
bare,91,7,79
bare,91,7,80
bare,91,7,81
bare,91,7,82
bare,91,7,83
bare,91,7,84
bare,91,7,85
bare,91,7,86
bare,91,7,87
bare,91,7,88
bare,91,7,89
bare,91,7,90
bare,91,7,91
bare,91,7,92
gravel,91,7,93
gravel,91,7,94
bare,91,7,95
bare,91,7,96
bare,91,7,97
bare,91,7,98
bare,91,7,99
bare,91,7,100
bare,91,7,101
bare,91,7,102
bare,91,7,103
bare,91,7,104
bare,91,7,105
bare,91,7,106
bare,91,7,107
bare,91,7,108
bare,91,7,109
bare,91,7,110
bare,91,7,111
bare,91,7,112
bare,91,7,113
bare,91,7,114
bare,91,7,115
bare,91,7,116
bare,91,7,117
bare,91,7,118
bare,91,7,119
bare,91,7,120
bare,91,7,121
bare,92,-1,-1
bare,92,-1,0
bare,92,-1,1
bare,92,-1,2
bare,92,-1,3
bare,92,-1,4
bare,92,-1,5
bare,92,-1,6
bare,92,-1,7
bare,92,-1,8
bare,92,-1,9
bare,92,-1,10
bare,92,-1,11
bare,92,-1,12
bare,92,-1,13
bare,92,-1,14
bare,92,-1,15
bare,92,-1,16
bare,92,-1,17
bare,92,-1,18
bare,92,-1,19
bare,92,-1,20
bare,92,-1,21
bare,92,-1,22
bare,92,-1,23
bare,92,-1,24
bare,92,-1,25
bare,92,-1,26
tuff,92,-1,27
tuff,92,-1,28
tuff,92,-1,29
tuff,92,-1,30
tuff,92,-1,31
tuff,92,-1,32
tuff,92,-1,33
tuff,92,-1,34
tuff,92,-1,35
tuff,92,-1,36
tuff,92,-1,37
tuff,92,-1,38
tuff,92,-1,39
bare,92,-1,40
bare,92,-1,41
bare,92,-1,42
bare,92,-1,43
bare,92,-1,44
bare,92,-1,45
bare,92,-1,46
bare,92,-1,47
bare,92,-1,48
bare,92,-1,49
bare,92,-1,50
bare,92,-1,51
bare,92,-1,52
bare,92,-1,53
bare,92,-1,54
bare,92,-1,55
bare,92,-1,56
bare,92,-1,57
bare,92,-1,58
bare,92,-1,59
bare,92,-1,60
bare,92,-1,61
bare,92,-1,62
bare,92,-1,63
bare,92,-1,64
bare,92,-1,65
bare,92,-1,66
bare,92,-1,67
bare,92,-1,68
bare,92,-1,69
bare,92,-1,70
bare,92,-1,71
bare,92,-1,72
bare,92,-1,73
bare,92,-1,74
bare,92,-1,75
bare,92,-1,76
bare,92,-1,77
bare,92,-1,78
bare,92,-1,79
bare,92,-1,80
bare,92,-1,81
bare,92,-1,82
bare,92,-1,83
bare,92,-1,84
bare,92,-1,85
bare,92,-1,86
bare,92,-1,87
bare,92,-1,88
bare,92,-1,89
bare,92,-1,90
bare,92,-1,91
bare,92,-1,92
bare,92,-1,93
bare,92,-1,94
bare,92,-1,95
bare,92,-1,96
bare,92,-1,97
bare,92,-1,98
bare,92,-1,99
bare,92,-1,100
bare,92,-1,101
bare,92,-1,102
bare,92,-1,103
bare,92,-1,104
bare,92,-1,105
bare,92,-1,106
bare,92,-1,107
bare,92,-1,108
bare,92,-1,109
bare,92,-1,110
bare,92,-1,111
tuff,92,-1,112
tuff,92,-1,113
tuff,92,-1,114
tuff,92,-1,115
tuff,92,-1,116
tuff,92,-1,117
tuff,92,-1,118
tuff,92,-1,119
bare,92,-1,120
bare,92,-1,121
bare,92,0,-1
bare,92,0,121
bare,92,1,-1
bare,92,1,121
bare,92,2,-1
bare,92,2,121
bare,92,3,-1
bare,92,3,121
bare,92,4,-1
bare,92,4,121
bare,92,5,-1
bare,92,5,121
bare,92,6,-1
bare,92,6,121
bare,92,7,-1
bare,92,7,0
bare,92,7,1
bare,92,7,2
bare,92,7,3
bare,92,7,4
bare,92,7,5
bare,92,7,6
bare,92,7,7
bare,92,7,8
bare,92,7,9
bare,92,7,10
bare,92,7,11
bare,92,7,12
bare,92,7,13
bare,92,7,14
bare,92,7,15
bare,92,7,16
bare,92,7,17
bare,92,7,18
bare,92,7,19
bare,92,7,20
bare,92,7,21
bare,92,7,22
bare,92,7,23
bare,92,7,24
bare,92,7,25
bare,92,7,26
bare,92,7,27
bare,92,7,28
bare,92,7,29
bare,92,7,30
bare,92,7,31
bare,92,7,32
bare,92,7,33
bare,92,7,34
bare,92,7,35
bare,92,7,36
bare,92,7,37
bare,92,7,38
bare,92,7,39
bare,92,7,40
redstone,92,7,41
redstone,92,7,42
bare,92,7,43
bare,92,7,44
bare,92,7,45
bare,92,7,46
bare,92,7,47
bare,92,7,48
bare,92,7,49
bare,92,7,50
bare,92,7,51
bare,92,7,52
bare,92,7,53
bare,92,7,54
bare,92,7,55
bare,92,7,56
bare,92,7,57
bare,92,7,58
bare,92,7,59
bare,92,7,60
bare,92,7,61
bare,92,7,62
bare,92,7,63
bare,92,7,64
bare,92,7,65
bare,92,7,66
lapis,92,7,67
bare,92,7,68
bare,92,7,69
bare,92,7,70
bare,92,7,71
bare,92,7,72
bare,92,7,73
bare,92,7,74
bare,92,7,75
bare,92,7,76
bare,92,7,77
bare,92,7,78
bare,92,7,79
bare,92,7,80
bare,92,7,81
bare,92,7,82
bare,92,7,83
bare,92,7,84
bare,92,7,85
bare,92,7,86
bare,92,7,87
bare,92,7,88
bare,92,7,89
bare,92,7,90
bare,92,7,91
bare,92,7,92
bare,92,7,93
bare,92,7,94
bare,92,7,95
bare,92,7,96
bare,92,7,97
bare,92,7,98
bare,92,7,99
bare,92,7,100
bare,92,7,101
bare,92,7,102
bare,92,7,103
bare,92,7,104
bare,92,7,105
bare,92,7,106
bare,92,7,107
bare,92,7,108
bare,92,7,109
bare,92,7,110
bare,92,7,111
bare,92,7,112
bare,92,7,113
bare,92,7,114
bare,92,7,115
bare,92,7,116
bare,92,7,117
bare,92,7,118
bare,92,7,119
bare,92,7,120
bare,92,7,121
bare,93,-1,-1
bare,93,-1,0
bare,93,-1,1
bare,93,-1,2
bare,93,-1,3
bare,93,-1,4
bare,93,-1,5
bare,93,-1,6
bare,93,-1,7
bare,93,-1,8
bare,93,-1,9
bare,93,-1,10
bare,93,-1,11
bare,93,-1,12
bare,93,-1,13
bare,93,-1,14
bare,93,-1,15
bare,93,-1,16
bare,93,-1,17
bare,93,-1,18
bare,93,-1,19
bare,93,-1,20
bare,93,-1,21
bare,93,-1,22
bare,93,-1,23
bare,93,-1,24
bare,93,-1,25
tuff,93,-1,26
tuff,93,-1,27
tuff,93,-1,28
tuff,93,-1,29
tuff,93,-1,30
tuff,93,-1,31
tuff,93,-1,32
tuff,93,-1,33
tuff,93,-1,34
tuff,93,-1,35
tuff,93,-1,36
tuff,93,-1,37
tuff,93,-1,38
tuff,93,-1,39
tuff,93,-1,40
tuff,93,-1,41
tuff,93,-1,42
tuff,93,-1,43
bare,93,-1,44
bare,93,-1,45
bare,93,-1,46
bare,93,-1,47
bare,93,-1,48
bare,93,-1,49
bare,93,-1,50
bare,93,-1,51
bare,93,-1,52
bare,93,-1,53
bare,93,-1,54
bare,93,-1,55
bare,93,-1,56
bare,93,-1,57
bare,93,-1,58
bare,93,-1,59
bare,93,-1,60
bare,93,-1,61
bare,93,-1,62
bare,93,-1,63
bare,93,-1,64
bare,93,-1,65
bare,93,-1,66
bare,93,-1,67
bare,93,-1,68
bare,93,-1,69
bare,93,-1,70
bare,93,-1,71
bare,93,-1,72
bare,93,-1,73
bare,93,-1,74
bare,93,-1,75
bare,93,-1,76
bare,93,-1,77
bare,93,-1,78
bare,93,-1,79
bare,93,-1,80
bare,93,-1,81
bare,93,-1,82
bare,93,-1,83
bare,93,-1,84
bare,93,-1,85
bare,93,-1,86
bare,93,-1,87
bare,93,-1,88
bare,93,-1,89
bare,93,-1,90
bare,93,-1,91
bare,93,-1,92
bare,93,-1,93
bare,93,-1,94
bare,93,-1,95
bare,93,-1,96
bare,93,-1,97
bare,93,-1,98
bare,93,-1,99
bare,93,-1,100
bare,93,-1,101
bare,93,-1,102
bare,93,-1,103
bare,93,-1,104
bare,93,-1,105
bare,93,-1,106
bare,93,-1,107
bare,93,-1,108
bare,93,-1,109
bare,93,-1,110
tuff,93,-1,111
tuff,93,-1,112
tuff,93,-1,113
tuff,93,-1,114
tuff,93,-1,115
tuff,93,-1,116
tuff,93,-1,117
tuff,93,-1,118
tuff,93,-1,119
bare,93,-1,120
bare,93,-1,121
bare,93,0,-1
bare,93,0,121
bare,93,1,-1
bare,93,1,121
bare,93,2,-1
bare,93,2,121
bare,93,3,-1
bare,93,3,121
bare,93,4,-1
bare,93,4,121
bare,93,5,-1
bare,93,5,121
bare,93,6,-1
bare,93,6,121
bare,93,7,-1
bare,93,7,0
bare,93,7,1
bare,93,7,2
bare,93,7,3
bare,93,7,4
bare,93,7,5
bare,93,7,6
bare,93,7,7
bare,93,7,8
bare,93,7,9
bare,93,7,10
bare,93,7,11
bare,93,7,12
bare,93,7,13
bare,93,7,14
bare,93,7,15
bare,93,7,16
bare,93,7,17
bare,93,7,18
bare,93,7,19
bare,93,7,20
bare,93,7,21
bare,93,7,22
bare,93,7,23
bare,93,7,24
bare,93,7,25
bare,93,7,26
bare,93,7,27
bare,93,7,28
bare,93,7,29
bare,93,7,30
bare,93,7,31
bare,93,7,32
bare,93,7,33
bare,93,7,34
bare,93,7,35
bare,93,7,36
bare,93,7,37
bare,93,7,38
bare,93,7,39
bare,93,7,40
redstone,93,7,41
redstone,93,7,42
bare,93,7,43
bare,93,7,44
bare,93,7,45
bare,93,7,46
bare,93,7,47
bare,93,7,48
bare,93,7,49
bare,93,7,50
bare,93,7,51
bare,93,7,52
bare,93,7,53
bare,93,7,54
bare,93,7,55
bare,93,7,56
bare,93,7,57
bare,93,7,58
bare,93,7,59
bare,93,7,60
bare,93,7,61
bare,93,7,62
bare,93,7,63
bare,93,7,64
bare,93,7,65
bare,93,7,66
bare,93,7,67
bare,93,7,68
bare,93,7,69
bare,93,7,70
bare,93,7,71
bare,93,7,72
bare,93,7,73
bare,93,7,74
bare,93,7,75
bare,93,7,76
bare,93,7,77
bare,93,7,78
bare,93,7,79
bare,93,7,80
bare,93,7,81
bare,93,7,82
bare,93,7,83
bare,93,7,84
bare,93,7,85
bare,93,7,86
bare,93,7,87
bare,93,7,88
bare,93,7,89
bare,93,7,90
bare,93,7,91
bare,93,7,92
bare,93,7,93
bare,93,7,94
bare,93,7,95
bare,93,7,96
bare,93,7,97
bare,93,7,98
bare,93,7,99
bare,93,7,100
bare,93,7,101
bare,93,7,102
bare,93,7,103
bare,93,7,104
bare,93,7,105
bare,93,7,106
bare,93,7,107
bare,93,7,108
bare,93,7,109
bare,93,7,110
bare,93,7,111
bare,93,7,112
bare,93,7,113
bare,93,7,114
bare,93,7,115
bare,93,7,116
bare,93,7,117
bare,93,7,118
bare,93,7,119
bare,93,7,120
bare,93,7,121
bare,94,-1,-1
bare,94,-1,0
bare,94,-1,1
bare,94,-1,2
bare,94,-1,3
bare,94,-1,4
bare,94,-1,5
bare,94,-1,6
bare,94,-1,7
bare,94,-1,8
bare,94,-1,9
bare,94,-1,10
bare,94,-1,11
bare,94,-1,12
bare,94,-1,13
bare,94,-1,14
bare,94,-1,15
bare,94,-1,16
bare,94,-1,17
bare,94,-1,18
bare,94,-1,19
bare,94,-1,20
bare,94,-1,21
bare,94,-1,22
bare,94,-1,23
bare,94,-1,24
tuff,94,-1,25
tuff,94,-1,26
tuff,94,-1,27
tuff,94,-1,28
tuff,94,-1,29
tuff,94,-1,30
tuff,94,-1,31
tuff,94,-1,32
tuff,94,-1,33
tuff,94,-1,34
tuff,94,-1,35
tuff,94,-1,36
tuff,94,-1,37
tuff,94,-1,38
tuff,94,-1,39
tuff,94,-1,40
tuff,94,-1,41
tuff,94,-1,42
tuff,94,-1,43
tuff,94,-1,44
tuff,94,-1,45
tuff,94,-1,46
tuff,94,-1,47
tuff,94,-1,48
bare,94,-1,49
bare,94,-1,50
bare,94,-1,51
bare,94,-1,52
bare,94,-1,53
bare,94,-1,54
bare,94,-1,55
bare,94,-1,56
bare,94,-1,57
bare,94,-1,58
bare,94,-1,59
bare,94,-1,60
bare,94,-1,61
bare,94,-1,62
bare,94,-1,63
bare,94,-1,64
bare,94,-1,65
bare,94,-1,66
bare,94,-1,67
bare,94,-1,68
bare,94,-1,69
bare,94,-1,70
bare,94,-1,71
bare,94,-1,72
bare,94,-1,73
bare,94,-1,74
bare,94,-1,75
bare,94,-1,76
bare,94,-1,77
bare,94,-1,78
bare,94,-1,79
bare,94,-1,80
bare,94,-1,81
bare,94,-1,82
bare,94,-1,83
bare,94,-1,84
bare,94,-1,85
bare,94,-1,86
bare,94,-1,87
bare,94,-1,88
bare,94,-1,89
bare,94,-1,90
bare,94,-1,91
bare,94,-1,92
bare,94,-1,93
bare,94,-1,94
bare,94,-1,95
bare,94,-1,96
bare,94,-1,97
bare,94,-1,98
bare,94,-1,99
bare,94,-1,100
bare,94,-1,101
bare,94,-1,102
bare,94,-1,103
bare,94,-1,104
bare,94,-1,105
bare,94,-1,106
bare,94,-1,107
bare,94,-1,108
bare,94,-1,109
bare,94,-1,110
tuff,94,-1,111
tuff,94,-1,112
tuff,94,-1,113
tuff,94,-1,114
tuff,94,-1,115
tuff,94,-1,116
tuff,94,-1,117
tuff,94,-1,118
bare,94,-1,119
redstone,94,-1,120
redstone,94,-1,121
bare,94,0,-1
redstone,94,0,121
bare,94,1,-1
bare,94,1,121
bare,94,2,-1
bare,94,2,121
bare,94,3,-1
bare,94,3,121
bare,94,4,-1
bare,94,4,121
bare,94,5,-1
bare,94,5,121
bare,94,6,-1
bare,94,6,121
bare,94,7,-1
bare,94,7,0
bare,94,7,1
bare,94,7,2
bare,94,7,3
bare,94,7,4
bare,94,7,5
bare,94,7,6
bare,94,7,7
bare,94,7,8
bare,94,7,9
bare,94,7,10
bare,94,7,11
bare,94,7,12
bare,94,7,13
bare,94,7,14
bare,94,7,15
bare,94,7,16
bare,94,7,17
bare,94,7,18
bare,94,7,19
bare,94,7,20
bare,94,7,21
bare,94,7,22
bare,94,7,23
bare,94,7,24
bare,94,7,25
bare,94,7,26
bare,94,7,27
bare,94,7,28
bare,94,7,29
bare,94,7,30
bare,94,7,31
bare,94,7,32
bare,94,7,33
bare,94,7,34
bare,94,7,35
bare,94,7,36
bare,94,7,37
bare,94,7,38
bare,94,7,39
bare,94,7,40
bare,94,7,41
bare,94,7,42
bare,94,7,43
bare,94,7,44
bare,94,7,45
bare,94,7,46
bare,94,7,47
bare,94,7,48
bare,94,7,49
bare,94,7,50
bare,94,7,51
bare,94,7,52
bare,94,7,53
bare,94,7,54
bare,94,7,55
bare,94,7,56
bare,94,7,57
bare,94,7,58
bare,94,7,59
bare,94,7,60
bare,94,7,61
bare,94,7,62
bare,94,7,63
bare,94,7,64
bare,94,7,65
bare,94,7,66
bare,94,7,67
bare,94,7,68
bare,94,7,69
bare,94,7,70
bare,94,7,71
bare,94,7,72
bare,94,7,73
bare,94,7,74
bare,94,7,75
bare,94,7,76
bare,94,7,77
bare,94,7,78
bare,94,7,79
bare,94,7,80
bare,94,7,81
bare,94,7,82
bare,94,7,83
bare,94,7,84
bare,94,7,85
bare,94,7,86
bare,94,7,87
bare,94,7,88
bare,94,7,89
bare,94,7,90
bare,94,7,91
bare,94,7,92
bare,94,7,93
bare,94,7,94
bare,94,7,95
bare,94,7,96
bare,94,7,97
bare,94,7,98
bare,94,7,99
bare,94,7,100
bare,94,7,101
bare,94,7,102
bare,94,7,103
bare,94,7,104
bare,94,7,105
bare,94,7,106
bare,94,7,107
bare,94,7,108
bare,94,7,109
bare,94,7,110
bare,94,7,111
bare,94,7,112
bare,94,7,113
bare,94,7,114
bare,94,7,115
bare,94,7,116
bare,94,7,117
bare,94,7,118
bare,94,7,119
bare,94,7,120
bare,94,7,121
bare,95,-1,-1
bare,95,-1,0
bare,95,-1,1
bare,95,-1,2
bare,95,-1,3
bare,95,-1,4
bare,95,-1,5
bare,95,-1,6
bare,95,-1,7
bare,95,-1,8
bare,95,-1,9
bare,95,-1,10
bare,95,-1,11
bare,95,-1,12
bare,95,-1,13
bare,95,-1,14
bare,95,-1,15
bare,95,-1,16
bare,95,-1,17
bare,95,-1,18
bare,95,-1,19
bare,95,-1,20
bare,95,-1,21
bare,95,-1,22
bare,95,-1,23
tuff,95,-1,24
tuff,95,-1,25
tuff,95,-1,26
tuff,95,-1,27
tuff,95,-1,28
tuff,95,-1,29
tuff,95,-1,30
tuff,95,-1,31
tuff,95,-1,32
tuff,95,-1,33
tuff,95,-1,34
tuff,95,-1,35
tuff,95,-1,36
tuff,95,-1,37
tuff,95,-1,38
tuff,95,-1,39
tuff,95,-1,40
tuff,95,-1,41
tuff,95,-1,42
tuff,95,-1,43
tuff,95,-1,44
tuff,95,-1,45
tuff,95,-1,46
tuff,95,-1,47
tuff,95,-1,48
tuff,95,-1,49
bare,95,-1,50
bare,95,-1,51
bare,95,-1,52
bare,95,-1,53
bare,95,-1,54
bare,95,-1,55
bare,95,-1,56
bare,95,-1,57
bare,95,-1,58
bare,95,-1,59
bare,95,-1,60
bare,95,-1,61
bare,95,-1,62
bare,95,-1,63
bare,95,-1,64
bare,95,-1,65
bare,95,-1,66
bare,95,-1,67
bare,95,-1,68
bare,95,-1,69
bare,95,-1,70
bare,95,-1,71
bare,95,-1,72
bare,95,-1,73
bare,95,-1,74
bare,95,-1,75
bare,95,-1,76
bare,95,-1,77
bare,95,-1,78
bare,95,-1,79
bare,95,-1,80
bare,95,-1,81
bare,95,-1,82
bare,95,-1,83
bare,95,-1,84
bare,95,-1,85
bare,95,-1,86
bare,95,-1,87
bare,95,-1,88
bare,95,-1,89
bare,95,-1,90
bare,95,-1,91
bare,95,-1,92
bare,95,-1,93
bare,95,-1,94
bare,95,-1,95
bare,95,-1,96
bare,95,-1,97
bare,95,-1,98
bare,95,-1,99
bare,95,-1,100
bare,95,-1,101
bare,95,-1,102
bare,95,-1,103
bare,95,-1,104
bare,95,-1,105
bare,95,-1,106
bare,95,-1,107
bare,95,-1,108
bare,95,-1,109
tuff,95,-1,110
tuff,95,-1,111
tuff,95,-1,112
tuff,95,-1,113
tuff,95,-1,114
tuff,95,-1,115
tuff,95,-1,116
tuff,95,-1,117
tuff,95,-1,118
bare,95,-1,119
redstone,95,-1,120
redstone,95,-1,121
bare,95,0,-1
redstone,95,0,121
bare,95,1,-1
bare,95,1,121
bare,95,2,-1
bare,95,2,121
bare,95,3,-1
bare,95,3,121
bare,95,4,-1
bare,95,4,121
bare,95,5,-1
bare,95,5,121
bare,95,6,-1
bare,95,6,121
bare,95,7,-1
bare,95,7,0
bare,95,7,1
bare,95,7,2
bare,95,7,3
bare,95,7,4
bare,95,7,5
bare,95,7,6
bare,95,7,7
bare,95,7,8
bare,95,7,9
bare,95,7,10
bare,95,7,11
bare,95,7,12
bare,95,7,13
bare,95,7,14
bare,95,7,15
bare,95,7,16
bare,95,7,17
bare,95,7,18
bare,95,7,19
bare,95,7,20
bare,95,7,21
bare,95,7,22
bare,95,7,23
bare,95,7,24
bare,95,7,25
bare,95,7,26
bare,95,7,27
bare,95,7,28
bare,95,7,29
bare,95,7,30
bare,95,7,31
bare,95,7,32
bare,95,7,33
bare,95,7,34
bare,95,7,35
bare,95,7,36
bare,95,7,37
bare,95,7,38
bare,95,7,39
bare,95,7,40
bare,95,7,41
bare,95,7,42
bare,95,7,43
bare,95,7,44
bare,95,7,45
bare,95,7,46
bare,95,7,47
bare,95,7,48
bare,95,7,49
bare,95,7,50
bare,95,7,51
bare,95,7,52
bare,95,7,53
bare,95,7,54
bare,95,7,55
bare,95,7,56
bare,95,7,57
bare,95,7,58
bare,95,7,59
bare,95,7,60
bare,95,7,61
bare,95,7,62
bare,95,7,63
bare,95,7,64
bare,95,7,65
bare,95,7,66
bare,95,7,67
bare,95,7,68
bare,95,7,69
bare,95,7,70
bare,95,7,71
bare,95,7,72
bare,95,7,73
bare,95,7,74
bare,95,7,75
bare,95,7,76
bare,95,7,77
bare,95,7,78
bare,95,7,79
bare,95,7,80
bare,95,7,81
bare,95,7,82
bare,95,7,83
bare,95,7,84
bare,95,7,85
bare,95,7,86
bare,95,7,87
bare,95,7,88
bare,95,7,89
bare,95,7,90
bare,95,7,91
bare,95,7,92
bare,95,7,93
bare,95,7,94
bare,95,7,95
bare,95,7,96
bare,95,7,97
bare,95,7,98
bare,95,7,99
bare,95,7,100
bare,95,7,101
bare,95,7,102
bare,95,7,103
bare,95,7,104
bare,95,7,105
bare,95,7,106
bare,95,7,107
bare,95,7,108
bare,95,7,109
bare,95,7,110
bare,95,7,111
bare,95,7,112
bare,95,7,113
bare,95,7,114
bare,95,7,115
bare,95,7,116
bare,95,7,117
bare,95,7,118
bare,95,7,119
bare,95,7,120
bare,95,7,121
bare,96,-1,-1
bare,96,-1,0
bare,96,-1,1
bare,96,-1,2
bare,96,-1,3
bare,96,-1,4
bare,96,-1,5
bare,96,-1,6
bare,96,-1,7
bare,96,-1,8
bare,96,-1,9
bare,96,-1,10
bare,96,-1,11
bare,96,-1,12
bare,96,-1,13
bare,96,-1,14
bare,96,-1,15
bare,96,-1,16
bare,96,-1,17
bare,96,-1,18
bare,96,-1,19
bare,96,-1,20
bare,96,-1,21
bare,96,-1,22
tuff,96,-1,23
tuff,96,-1,24
tuff,96,-1,25
tuff,96,-1,26
tuff,96,-1,27
tuff,96,-1,28
tuff,96,-1,29
tuff,96,-1,30
tuff,96,-1,31
tuff,96,-1,32
tuff,96,-1,33
tuff,96,-1,34
tuff,96,-1,35
tuff,96,-1,36
tuff,96,-1,37
tuff,96,-1,38
tuff,96,-1,39
tuff,96,-1,40
tuff,96,-1,41
tuff,96,-1,42
tuff,96,-1,43
tuff,96,-1,44
tuff,96,-1,45
tuff,96,-1,46
tuff,96,-1,47
tuff,96,-1,48
tuff,96,-1,49
bare,96,-1,50
bare,96,-1,51
bare,96,-1,52
bare,96,-1,53
bare,96,-1,54
bare,96,-1,55
bare,96,-1,56
bare,96,-1,57
bare,96,-1,58
bare,96,-1,59
bare,96,-1,60
bare,96,-1,61
bare,96,-1,62
bare,96,-1,63
bare,96,-1,64
bare,96,-1,65
bare,96,-1,66
bare,96,-1,67
bare,96,-1,68
bare,96,-1,69
bare,96,-1,70
bare,96,-1,71
bare,96,-1,72
bare,96,-1,73
bare,96,-1,74
bare,96,-1,75
bare,96,-1,76
bare,96,-1,77
bare,96,-1,78
bare,96,-1,79
bare,96,-1,80
bare,96,-1,81
bare,96,-1,82
bare,96,-1,83
bare,96,-1,84
bare,96,-1,85
bare,96,-1,86
bare,96,-1,87
bare,96,-1,88
bare,96,-1,89
bare,96,-1,90
bare,96,-1,91
bare,96,-1,92
bare,96,-1,93
bare,96,-1,94
bare,96,-1,95
bare,96,-1,96
bare,96,-1,97
bare,96,-1,98
bare,96,-1,99
bare,96,-1,100
bare,96,-1,101
bare,96,-1,102
bare,96,-1,103
bare,96,-1,104
bare,96,-1,105
bare,96,-1,106
bare,96,-1,107
bare,96,-1,108
bare,96,-1,109
tuff,96,-1,110
tuff,96,-1,111
tuff,96,-1,112
tuff,96,-1,113
tuff,96,-1,114
tuff,96,-1,115
tuff,96,-1,116
tuff,96,-1,117
bare,96,-1,118
bare,96,-1,119
bare,96,-1,120
bare,96,-1,121
bare,96,0,-1
bare,96,0,121
bare,96,1,-1
bare,96,1,121
bare,96,2,-1
bare,96,2,121
bare,96,3,-1
bare,96,3,121
bare,96,4,-1
bare,96,4,121
bare,96,5,-1
bare,96,5,121
bare,96,6,-1
bare,96,6,121
bare,96,7,-1
bare,96,7,0
bare,96,7,1
bare,96,7,2
bare,96,7,3
bare,96,7,4
bare,96,7,5
bare,96,7,6
bare,96,7,7
bare,96,7,8
bare,96,7,9
bare,96,7,10
bare,96,7,11
bare,96,7,12
bare,96,7,13
bare,96,7,14
bare,96,7,15
bare,96,7,16
bare,96,7,17
bare,96,7,18
bare,96,7,19
bare,96,7,20
bare,96,7,21
bare,96,7,22
bare,96,7,23
bare,96,7,24
bare,96,7,25
bare,96,7,26
bare,96,7,27
bare,96,7,28
bare,96,7,29
bare,96,7,30
bare,96,7,31
bare,96,7,32
bare,96,7,33
bare,96,7,34
bare,96,7,35
bare,96,7,36
bare,96,7,37
bare,96,7,38
bare,96,7,39
bare,96,7,40
bare,96,7,41
bare,96,7,42
bare,96,7,43
bare,96,7,44
bare,96,7,45
bare,96,7,46
bare,96,7,47
bare,96,7,48
bare,96,7,49
bare,96,7,50
bare,96,7,51
bare,96,7,52
bare,96,7,53
bare,96,7,54
bare,96,7,55
bare,96,7,56
bare,96,7,57
bare,96,7,58
bare,96,7,59
bare,96,7,60
bare,96,7,61
bare,96,7,62
bare,96,7,63
bare,96,7,64
bare,96,7,65
bare,96,7,66
bare,96,7,67
bare,96,7,68
bare,96,7,69
bare,96,7,70
bare,96,7,71
bare,96,7,72
bare,96,7,73
bare,96,7,74
bare,96,7,75
bare,96,7,76
bare,96,7,77
bare,96,7,78
bare,96,7,79
bare,96,7,80
bare,96,7,81
bare,96,7,82
bare,96,7,83
bare,96,7,84
bare,96,7,85
bare,96,7,86
bare,96,7,87
bare,96,7,88
bare,96,7,89
bare,96,7,90
bare,96,7,91
bare,96,7,92
bare,96,7,93
bare,96,7,94
bare,96,7,95
bare,96,7,96
bare,96,7,97
bare,96,7,98
bare,96,7,99
bare,96,7,100
bare,96,7,101
bare,96,7,102
bare,96,7,103
bare,96,7,104
bare,96,7,105
bare,96,7,106
bare,96,7,107
bare,96,7,108
bare,96,7,109
bare,96,7,110
bare,96,7,111
bare,96,7,112
bare,96,7,113
bare,96,7,114
bare,96,7,115
bare,96,7,116
bare,96,7,117
bare,96,7,118
bare,96,7,119
bare,96,7,120
bare,96,7,121
bare,97,-1,-1
bare,97,-1,0
bare,97,-1,1
bare,97,-1,2
bare,97,-1,3
bare,97,-1,4
bare,97,-1,5
bare,97,-1,6
bare,97,-1,7
bare,97,-1,8
bare,97,-1,9
bare,97,-1,10
bare,97,-1,11
bare,97,-1,12
bare,97,-1,13
bare,97,-1,14
bare,97,-1,15
bare,97,-1,16
bare,97,-1,17
bare,97,-1,18
bare,97,-1,19
bare,97,-1,20
bare,97,-1,21
tuff,97,-1,22
tuff,97,-1,23
tuff,97,-1,24
tuff,97,-1,25
tuff,97,-1,26
tuff,97,-1,27
tuff,97,-1,28
tuff,97,-1,29
tuff,97,-1,30
tuff,97,-1,31
tuff,97,-1,32
tuff,97,-1,33
tuff,97,-1,34
tuff,97,-1,35
tuff,97,-1,36
tuff,97,-1,37
tuff,97,-1,38
tuff,97,-1,39
tuff,97,-1,40
tuff,97,-1,41
tuff,97,-1,42
tuff,97,-1,43
tuff,97,-1,44
tuff,97,-1,45
tuff,97,-1,46
tuff,97,-1,47
tuff,97,-1,48
tuff,97,-1,49
bare,97,-1,50
bare,97,-1,51
bare,97,-1,52
bare,97,-1,53
bare,97,-1,54
bare,97,-1,55
bare,97,-1,56
bare,97,-1,57
bare,97,-1,58
bare,97,-1,59
bare,97,-1,60
bare,97,-1,61
bare,97,-1,62
bare,97,-1,63
bare,97,-1,64
bare,97,-1,65
bare,97,-1,66
bare,97,-1,67
bare,97,-1,68
bare,97,-1,69
bare,97,-1,70
bare,97,-1,71
bare,97,-1,72
bare,97,-1,73
bare,97,-1,74
bare,97,-1,75
bare,97,-1,76
bare,97,-1,77
bare,97,-1,78
bare,97,-1,79
bare,97,-1,80
bare,97,-1,81
bare,97,-1,82
bare,97,-1,83
bare,97,-1,84
bare,97,-1,85
bare,97,-1,86
bare,97,-1,87
bare,97,-1,88
bare,97,-1,89
bare,97,-1,90
bare,97,-1,91
bare,97,-1,92
bare,97,-1,93
bare,97,-1,94
bare,97,-1,95
bare,97,-1,96
bare,97,-1,97
bare,97,-1,98
bare,97,-1,99
bare,97,-1,100
bare,97,-1,101
bare,97,-1,102
bare,97,-1,103
bare,97,-1,104
bare,97,-1,105
bare,97,-1,106
bare,97,-1,107
bare,97,-1,108
bare,97,-1,109
tuff,97,-1,110
tuff,97,-1,111
tuff,97,-1,112
tuff,97,-1,113
tuff,97,-1,114
tuff,97,-1,115
tuff,97,-1,116
bare,97,-1,117
bare,97,-1,118
bare,97,-1,119
bare,97,-1,120
bare,97,-1,121
bare,97,0,-1
bare,97,0,121
bare,97,1,-1
bare,97,1,121
bare,97,2,-1
bare,97,2,121
bare,97,3,-1
bare,97,3,121
bare,97,4,-1
bare,97,4,121
bare,97,5,-1
bare,97,5,121
bare,97,6,-1
bare,97,6,121
bare,97,7,-1
bare,97,7,0
bare,97,7,1
bare,97,7,2
bare,97,7,3
bare,97,7,4
bare,97,7,5
bare,97,7,6
bare,97,7,7
bare,97,7,8
bare,97,7,9
bare,97,7,10
bare,97,7,11
bare,97,7,12
bare,97,7,13
bare,97,7,14
bare,97,7,15
bare,97,7,16
bare,97,7,17
bare,97,7,18
bare,97,7,19
bare,97,7,20
bare,97,7,21
bare,97,7,22
bare,97,7,23
bare,97,7,24
bare,97,7,25
bare,97,7,26
bare,97,7,27
bare,97,7,28
bare,97,7,29
bare,97,7,30
bare,97,7,31
bare,97,7,32
bare,97,7,33
bare,97,7,34
bare,97,7,35
bare,97,7,36
bare,97,7,37
bare,97,7,38
bare,97,7,39
bare,97,7,40
bare,97,7,41
bare,97,7,42
bare,97,7,43
bare,97,7,44
bare,97,7,45
bare,97,7,46
bare,97,7,47
bare,97,7,48
bare,97,7,49
bare,97,7,50
bare,97,7,51
bare,97,7,52
bare,97,7,53
bare,97,7,54
bare,97,7,55
bare,97,7,56
bare,97,7,57
bare,97,7,58
bare,97,7,59
bare,97,7,60
bare,97,7,61
bare,97,7,62
bare,97,7,63
bare,97,7,64
bare,97,7,65
bare,97,7,66
bare,97,7,67
bare,97,7,68
bare,97,7,69
bare,97,7,70
bare,97,7,71
bare,97,7,72
bare,97,7,73
bare,97,7,74
bare,97,7,75
bare,97,7,76
bare,97,7,77
bare,97,7,78
bare,97,7,79
bare,97,7,80
bare,97,7,81
bare,97,7,82
bare,97,7,83
bare,97,7,84
bare,97,7,85
bare,97,7,86
bare,97,7,87
bare,97,7,88
bare,97,7,89
bare,97,7,90
bare,97,7,91
bare,97,7,92
bare,97,7,93
bare,97,7,94
bare,97,7,95
bare,97,7,96
bare,97,7,97
bare,97,7,98
bare,97,7,99
bare,97,7,100
bare,97,7,101
bare,97,7,102
bare,97,7,103
bare,97,7,104
bare,97,7,105
bare,97,7,106
bare,97,7,107
bare,97,7,108
bare,97,7,109
bare,97,7,110
bare,97,7,111
bare,97,7,112
bare,97,7,113
bare,97,7,114
bare,97,7,115
bare,97,7,116
bare,97,7,117
bare,97,7,118
bare,97,7,119
bare,97,7,120
bare,97,7,121
bare,98,-1,-1
bare,98,-1,0
bare,98,-1,1
bare,98,-1,2
bare,98,-1,3
bare,98,-1,4
bare,98,-1,5
bare,98,-1,6
bare,98,-1,7
bare,98,-1,8
bare,98,-1,9
bare,98,-1,10
bare,98,-1,11
bare,98,-1,12
bare,98,-1,13
bare,98,-1,14
bare,98,-1,15
bare,98,-1,16
bare,98,-1,17
bare,98,-1,18
bare,98,-1,19
bare,98,-1,20
bare,98,-1,21
tuff,98,-1,22
tuff,98,-1,23
tuff,98,-1,24
tuff,98,-1,25
tuff,98,-1,26
tuff,98,-1,27
tuff,98,-1,28
tuff,98,-1,29
tuff,98,-1,30
tuff,98,-1,31
tuff,98,-1,32
tuff,98,-1,33
tuff,98,-1,34
tuff,98,-1,35
tuff,98,-1,36
tuff,98,-1,37
tuff,98,-1,38
tuff,98,-1,39
tuff,98,-1,40
tuff,98,-1,41
tuff,98,-1,42
tuff,98,-1,43
tuff,98,-1,44
tuff,98,-1,45
tuff,98,-1,46
tuff,98,-1,47
tuff,98,-1,48
bare,98,-1,49
bare,98,-1,50
bare,98,-1,51
bare,98,-1,52
bare,98,-1,53
bare,98,-1,54
bare,98,-1,55
bare,98,-1,56
bare,98,-1,57
bare,98,-1,58
bare,98,-1,59
bare,98,-1,60
bare,98,-1,61
bare,98,-1,62
bare,98,-1,63
bare,98,-1,64
bare,98,-1,65
bare,98,-1,66
bare,98,-1,67
bare,98,-1,68
bare,98,-1,69
gravel,98,-1,70
gravel,98,-1,71
gravel,98,-1,72
bare,98,-1,73
bare,98,-1,74
bare,98,-1,75
bare,98,-1,76
bare,98,-1,77
bare,98,-1,78
bare,98,-1,79
bare,98,-1,80
bare,98,-1,81
bare,98,-1,82
bare,98,-1,83
bare,98,-1,84
bare,98,-1,85
bare,98,-1,86
bare,98,-1,87
bare,98,-1,88
bare,98,-1,89
bare,98,-1,90
bare,98,-1,91
bare,98,-1,92
bare,98,-1,93
bare,98,-1,94
bare,98,-1,95
bare,98,-1,96
bare,98,-1,97
bare,98,-1,98
bare,98,-1,99
bare,98,-1,100
bare,98,-1,101
bare,98,-1,102
bare,98,-1,103
bare,98,-1,104
bare,98,-1,105
bare,98,-1,106
bare,98,-1,107
bare,98,-1,108
bare,98,-1,109
tuff,98,-1,110
tuff,98,-1,111
tuff,98,-1,112
tuff,98,-1,113
tuff,98,-1,114
tuff,98,-1,115
bare,98,-1,116
bare,98,-1,117
bare,98,-1,118
bare,98,-1,119
bare,98,-1,120
bare,98,-1,121
bare,98,0,-1
bare,98,0,121
bare,98,1,-1
bare,98,1,121
bare,98,2,-1
bare,98,2,121
bare,98,3,-1
bare,98,3,121
bare,98,4,-1
bare,98,4,121
bare,98,5,-1
bare,98,5,121
bare,98,6,-1
bare,98,6,121
bare,98,7,-1
bare,98,7,0
bare,98,7,1
bare,98,7,2
bare,98,7,3
bare,98,7,4
bare,98,7,5
bare,98,7,6
bare,98,7,7
bare,98,7,8
bare,98,7,9
bare,98,7,10
bare,98,7,11
bare,98,7,12
bare,98,7,13
bare,98,7,14
bare,98,7,15
bare,98,7,16
bare,98,7,17
bare,98,7,18
bare,98,7,19
bare,98,7,20
bare,98,7,21
bare,98,7,22
bare,98,7,23
bare,98,7,24
bare,98,7,25
bare,98,7,26
bare,98,7,27
bare,98,7,28
bare,98,7,29
bare,98,7,30
bare,98,7,31
bare,98,7,32
bare,98,7,33
bare,98,7,34
bare,98,7,35
bare,98,7,36
bare,98,7,37
bare,98,7,38
bare,98,7,39
bare,98,7,40
bare,98,7,41
bare,98,7,42
bare,98,7,43
bare,98,7,44
bare,98,7,45
bare,98,7,46
bare,98,7,47
bare,98,7,48
bare,98,7,49
bare,98,7,50
bare,98,7,51
bare,98,7,52
bare,98,7,53
bare,98,7,54
bare,98,7,55
bare,98,7,56
bare,98,7,57
bare,98,7,58
bare,98,7,59
bare,98,7,60
bare,98,7,61
bare,98,7,62
bare,98,7,63
bare,98,7,64
bare,98,7,65
bare,98,7,66
bare,98,7,67
bare,98,7,68
bare,98,7,69
bare,98,7,70
bare,98,7,71
bare,98,7,72
bare,98,7,73
bare,98,7,74
bare,98,7,75
bare,98,7,76
bare,98,7,77
bare,98,7,78
bare,98,7,79
bare,98,7,80
bare,98,7,81
bare,98,7,82
bare,98,7,83
bare,98,7,84
bare,98,7,85
bare,98,7,86
bare,98,7,87
bare,98,7,88
bare,98,7,89
bare,98,7,90
bare,98,7,91
bare,98,7,92
bare,98,7,93
bare,98,7,94
bare,98,7,95
bare,98,7,96
bare,98,7,97
bare,98,7,98
bare,98,7,99
bare,98,7,100
bare,98,7,101
bare,98,7,102
bare,98,7,103
bare,98,7,104
bare,98,7,105
bare,98,7,106
bare,98,7,107
bare,98,7,108
bare,98,7,109
bare,98,7,110
bare,98,7,111
bare,98,7,112
bare,98,7,113
bare,98,7,114
bare,98,7,115
bare,98,7,116
bare,98,7,117
bare,98,7,118
bare,98,7,119
bare,98,7,120
bare,98,7,121
bare,99,-1,-1
bare,99,-1,0
bare,99,-1,1
bare,99,-1,2
bare,99,-1,3
bare,99,-1,4
bare,99,-1,5
bare,99,-1,6
bare,99,-1,7
bare,99,-1,8
bare,99,-1,9
bare,99,-1,10
bare,99,-1,11
bare,99,-1,12
bare,99,-1,13
bare,99,-1,14
bare,99,-1,15
gravel,99,-1,16
gravel,99,-1,17
bare,99,-1,18
bare,99,-1,19
bare,99,-1,20
bare,99,-1,21
tuff,99,-1,22
tuff,99,-1,23
tuff,99,-1,24
tuff,99,-1,25
tuff,99,-1,26
tuff,99,-1,27
tuff,99,-1,28
tuff,99,-1,29
tuff,99,-1,30
bare,99,-1,31
tuff,99,-1,32
tuff,99,-1,33
tuff,99,-1,34
tuff,99,-1,35
tuff,99,-1,36
tuff,99,-1,37
tuff,99,-1,38
tuff,99,-1,39
tuff,99,-1,40
tuff,99,-1,41
tuff,99,-1,42
tuff,99,-1,43
tuff,99,-1,44
tuff,99,-1,45
tuff,99,-1,46
bare,99,-1,47
bare,99,-1,48
bare,99,-1,49
bare,99,-1,50
bare,99,-1,51
bare,99,-1,52
bare,99,-1,53
bare,99,-1,54
bare,99,-1,55
bare,99,-1,56
bare,99,-1,57
bare,99,-1,58
bare,99,-1,59
bare,99,-1,60
bare,99,-1,61
bare,99,-1,62
bare,99,-1,63
bare,99,-1,64
bare,99,-1,65
bare,99,-1,66
bare,99,-1,67
bare,99,-1,68
gravel,99,-1,69
gravel,99,-1,70
gravel,99,-1,71
gravel,99,-1,72
gravel,99,-1,73
bare,99,-1,74
bare,99,-1,75
bare,99,-1,76
bare,99,-1,77
bare,99,-1,78
bare,99,-1,79
bare,99,-1,80
bare,99,-1,81
bare,99,-1,82
bare,99,-1,83
bare,99,-1,84
bare,99,-1,85
bare,99,-1,86
bare,99,-1,87
bare,99,-1,88
bare,99,-1,89
bare,99,-1,90
bare,99,-1,91
bare,99,-1,92
bare,99,-1,93
bare,99,-1,94
bare,99,-1,95
bare,99,-1,96
bare,99,-1,97
bare,99,-1,98
bare,99,-1,99
bare,99,-1,100
bare,99,-1,101
bare,99,-1,102
bare,99,-1,103
bare,99,-1,104
bare,99,-1,105
bare,99,-1,106
bare,99,-1,107
bare,99,-1,108
bare,99,-1,109
tuff,99,-1,110
tuff,99,-1,111
tuff,99,-1,112
tuff,99,-1,113
tuff,99,-1,114
bare,99,-1,115
bare,99,-1,116
bare,99,-1,117
bare,99,-1,118
bare,99,-1,119
bare,99,-1,120
bare,99,-1,121
bare,99,0,-1
bare,99,0,121
bare,99,1,-1
bare,99,1,121
bare,99,2,-1
bare,99,2,121
bare,99,3,-1
bare,99,3,121
bare,99,4,-1
bare,99,4,121
bare,99,5,-1
bare,99,5,121
bare,99,6,-1
bare,99,6,121
bare,99,7,-1
bare,99,7,0
bare,99,7,1
bare,99,7,2
bare,99,7,3
bare,99,7,4
bare,99,7,5
bare,99,7,6
bare,99,7,7
bare,99,7,8
bare,99,7,9
bare,99,7,10
bare,99,7,11
bare,99,7,12
bare,99,7,13
bare,99,7,14
bare,99,7,15
bare,99,7,16
bare,99,7,17
bare,99,7,18
bare,99,7,19
bare,99,7,20
bare,99,7,21
bare,99,7,22
bare,99,7,23
bare,99,7,24
bare,99,7,25
bare,99,7,26
bare,99,7,27
bare,99,7,28
bare,99,7,29
bare,99,7,30
bare,99,7,31
bare,99,7,32
bare,99,7,33
bare,99,7,34
bare,99,7,35
bare,99,7,36
bare,99,7,37
bare,99,7,38
bare,99,7,39
bare,99,7,40
bare,99,7,41
bare,99,7,42
bare,99,7,43
bare,99,7,44
bare,99,7,45
bare,99,7,46
bare,99,7,47
bare,99,7,48
bare,99,7,49
bare,99,7,50
bare,99,7,51
bare,99,7,52
bare,99,7,53
bare,99,7,54
bare,99,7,55
bare,99,7,56
bare,99,7,57
bare,99,7,58
bare,99,7,59
bare,99,7,60
bare,99,7,61
bare,99,7,62
bare,99,7,63
bare,99,7,64
bare,99,7,65
bare,99,7,66
bare,99,7,67
bare,99,7,68
bare,99,7,69
bare,99,7,70
bare,99,7,71
bare,99,7,72
bare,99,7,73
bare,99,7,74
bare,99,7,75
bare,99,7,76
bare,99,7,77
bare,99,7,78
bare,99,7,79
bare,99,7,80
bare,99,7,81
bare,99,7,82
bare,99,7,83
bare,99,7,84
bare,99,7,85
bare,99,7,86
bare,99,7,87
bare,99,7,88
bare,99,7,89
bare,99,7,90
bare,99,7,91
bare,99,7,92
bare,99,7,93
bare,99,7,94
bare,99,7,95
bare,99,7,96
bare,99,7,97
bare,99,7,98
bare,99,7,99
bare,99,7,100
bare,99,7,101
bare,99,7,102
bare,99,7,103
bare,99,7,104
bare,99,7,105
bare,99,7,106
bare,99,7,107
bare,99,7,108
bare,99,7,109
bare,99,7,110
bare,99,7,111
bare,99,7,112
bare,99,7,113
bare,99,7,114
bare,99,7,115
bare,99,7,116
bare,99,7,117
bare,99,7,118
bare,99,7,119
bare,99,7,120
bare,99,7,121
bare,100,-1,-1
bare,100,-1,0
bare,100,-1,1
bare,100,-1,2
bare,100,-1,3
bare,100,-1,4
bare,100,-1,5
bare,100,-1,6
bare,100,-1,7
bare,100,-1,8
bare,100,-1,9
bare,100,-1,10
bare,100,-1,11
bare,100,-1,12
bare,100,-1,13
bare,100,-1,14
bare,100,-1,15
gravel,100,-1,16
gravel,100,-1,17
bare,100,-1,18
bare,100,-1,19
bare,100,-1,20
bare,100,-1,21
bare,100,-1,22
bare,100,-1,23
bare,100,-1,24
bare,100,-1,25
bare,100,-1,26
bare,100,-1,27
bare,100,-1,28
bare,100,-1,29
bare,100,-1,30
bare,100,-1,31
bare,100,-1,32
bare,100,-1,33
tuff,100,-1,34
tuff,100,-1,35
tuff,100,-1,36
tuff,100,-1,37
tuff,100,-1,38
tuff,100,-1,39
tuff,100,-1,40
tuff,100,-1,41
bare,100,-1,42
bare,100,-1,43
bare,100,-1,44
bare,100,-1,45
bare,100,-1,46
bare,100,-1,47
bare,100,-1,48
bare,100,-1,49
bare,100,-1,50
bare,100,-1,51
bare,100,-1,52
bare,100,-1,53
bare,100,-1,54
bare,100,-1,55
bare,100,-1,56
bare,100,-1,57
bare,100,-1,58
bare,100,-1,59
bare,100,-1,60
bare,100,-1,61
bare,100,-1,62
bare,100,-1,63
bare,100,-1,64
bare,100,-1,65
bare,100,-1,66
bare,100,-1,67
bare,100,-1,68
bare,100,-1,69
gravel,100,-1,70
gravel,100,-1,71
gravel,100,-1,72
gravel,100,-1,73
gravel,100,-1,74
bare,100,-1,75
bare,100,-1,76
bare,100,-1,77
bare,100,-1,78
bare,100,-1,79
bare,100,-1,80
bare,100,-1,81
bare,100,-1,82
bare,100,-1,83
bare,100,-1,84
bare,100,-1,85
bare,100,-1,86
bare,100,-1,87
bare,100,-1,88
bare,100,-1,89
bare,100,-1,90
bare,100,-1,91
bare,100,-1,92
bare,100,-1,93
bare,100,-1,94
bare,100,-1,95
bare,100,-1,96
bare,100,-1,97
bare,100,-1,98
bare,100,-1,99
bare,100,-1,100
bare,100,-1,101
bare,100,-1,102
bare,100,-1,103
bare,100,-1,104
bare,100,-1,105
bare,100,-1,106
bare,100,-1,107
bare,100,-1,108
bare,100,-1,109
bare,100,-1,110
bare,100,-1,111
bare,100,-1,112
bare,100,-1,113
bare,100,-1,114
bare,100,-1,115
bare,100,-1,116
bare,100,-1,117
bare,100,-1,118
bare,100,-1,119
bare,100,-1,120
bare,100,-1,121
bare,100,0,-1
bare,100,0,121
bare,100,1,-1
bare,100,1,121
bare,100,2,-1
bare,100,2,121
bare,100,3,-1
bare,100,3,121
bare,100,4,-1
bare,100,4,121
bare,100,5,-1
bare,100,5,121
bare,100,6,-1
bare,100,6,121
bare,100,7,-1
bare,100,7,0
bare,100,7,1
bare,100,7,2
bare,100,7,3
bare,100,7,4
bare,100,7,5
bare,100,7,6
bare,100,7,7
bare,100,7,8
bare,100,7,9
bare,100,7,10
bare,100,7,11
bare,100,7,12
bare,100,7,13
bare,100,7,14
bare,100,7,15
bare,100,7,16
bare,100,7,17
bare,100,7,18
bare,100,7,19
bare,100,7,20
bare,100,7,21
bare,100,7,22
bare,100,7,23
bare,100,7,24
bare,100,7,25
bare,100,7,26
bare,100,7,27
bare,100,7,28
bare,100,7,29
bare,100,7,30
bare,100,7,31
bare,100,7,32
bare,100,7,33
bare,100,7,34
bare,100,7,35
bare,100,7,36
bare,100,7,37
bare,100,7,38
bare,100,7,39
bare,100,7,40
bare,100,7,41
bare,100,7,42
bare,100,7,43
bare,100,7,44
bare,100,7,45
bare,100,7,46
bare,100,7,47
bare,100,7,48
bare,100,7,49
bare,100,7,50
bare,100,7,51
bare,100,7,52
bare,100,7,53
bare,100,7,54
bare,100,7,55
bare,100,7,56
bare,100,7,57
bare,100,7,58
bare,100,7,59
bare,100,7,60
bare,100,7,61
bare,100,7,62
bare,100,7,63
bare,100,7,64
bare,100,7,65
bare,100,7,66
bare,100,7,67
bare,100,7,68
bare,100,7,69
bare,100,7,70
bare,100,7,71
bare,100,7,72
bare,100,7,73
bare,100,7,74
bare,100,7,75
bare,100,7,76
bare,100,7,77
bare,100,7,78
bare,100,7,79
bare,100,7,80
bare,100,7,81
bare,100,7,82
bare,100,7,83
bare,100,7,84
bare,100,7,85
bare,100,7,86
bare,100,7,87
bare,100,7,88
bare,100,7,89
bare,100,7,90
bare,100,7,91
bare,100,7,92
bare,100,7,93
bare,100,7,94
bare,100,7,95
bare,100,7,96
bare,100,7,97
bare,100,7,98
bare,100,7,99
bare,100,7,100
bare,100,7,101
bare,100,7,102
bare,100,7,103
bare,100,7,104
bare,100,7,105
bare,100,7,106
bare,100,7,107
bare,100,7,108
bare,100,7,109
bare,100,7,110
bare,100,7,111
bare,100,7,112
bare,100,7,113
tuff,100,7,114
tuff,100,7,115
tuff,100,7,116
bare,100,7,117
tuff,100,7,118
tuff,100,7,119
bare,100,7,120
bare,100,7,121
bare,101,-1,-1
bare,101,-1,0
bare,101,-1,1
bare,101,-1,2
bare,101,-1,3
bare,101,-1,4
bare,101,-1,5
bare,101,-1,6
bare,101,-1,7
bare,101,-1,8
bare,101,-1,9
bare,101,-1,10
bare,101,-1,11
bare,101,-1,12
bare,101,-1,13
bare,101,-1,14
bare,101,-1,15
gravel,101,-1,16
gravel,101,-1,17
bare,101,-1,18
bare,101,-1,19
bare,101,-1,20
bare,101,-1,21
bare,101,-1,22
bare,101,-1,23
bare,101,-1,24
bare,101,-1,25
bare,101,-1,26
bare,101,-1,27
bare,101,-1,28
bare,101,-1,29
bare,101,-1,30
bare,101,-1,31
bare,101,-1,32
bare,101,-1,33
bare,101,-1,34
bare,101,-1,35
bare,101,-1,36
bare,101,-1,37
bare,101,-1,38
bare,101,-1,39
bare,101,-1,40
bare,101,-1,41
bare,101,-1,42
bare,101,-1,43
bare,101,-1,44
bare,101,-1,45
bare,101,-1,46
bare,101,-1,47
bare,101,-1,48
bare,101,-1,49
bare,101,-1,50
bare,101,-1,51
bare,101,-1,52
bare,101,-1,53
bare,101,-1,54
bare,101,-1,55
bare,101,-1,56
bare,101,-1,57
bare,101,-1,58
bare,101,-1,59
bare,101,-1,60
bare,101,-1,61
bare,101,-1,62
bare,101,-1,63
bare,101,-1,64
bare,101,-1,65
bare,101,-1,66
bare,101,-1,67
bare,101,-1,68
bare,101,-1,69
gravel,101,-1,70
gravel,101,-1,71
gravel,101,-1,72
gravel,101,-1,73
gravel,101,-1,74
bare,101,-1,75
bare,101,-1,76
bare,101,-1,77
bare,101,-1,78
bare,101,-1,79
bare,101,-1,80
bare,101,-1,81
bare,101,-1,82
bare,101,-1,83
bare,101,-1,84
bare,101,-1,85
bare,101,-1,86
bare,101,-1,87
bare,101,-1,88
bare,101,-1,89
bare,101,-1,90
bare,101,-1,91
bare,101,-1,92
bare,101,-1,93
bare,101,-1,94
bare,101,-1,95
bare,101,-1,96
bare,101,-1,97
bare,101,-1,98
bare,101,-1,99
bare,101,-1,100
bare,101,-1,101
bare,101,-1,102
bare,101,-1,103
bare,101,-1,104
bare,101,-1,105
bare,101,-1,106
bare,101,-1,107
bare,101,-1,108
bare,101,-1,109
bare,101,-1,110
bare,101,-1,111
bare,101,-1,112
bare,101,-1,113
bare,101,-1,114
bare,101,-1,115
bare,101,-1,116
bare,101,-1,117
bare,101,-1,118
bare,101,-1,119
bare,101,-1,120
bare,101,-1,121
bare,101,0,-1
bare,101,0,121
bare,101,1,-1
bare,101,1,121
bare,101,2,-1
bare,101,2,121
bare,101,3,-1
bare,101,3,121
bare,101,4,-1
bare,101,4,121
bare,101,5,-1
bare,101,5,121
bare,101,6,-1
bare,101,6,121
bare,101,7,-1
bare,101,7,0
bare,101,7,1
bare,101,7,2
bare,101,7,3
bare,101,7,4
bare,101,7,5
bare,101,7,6
bare,101,7,7
bare,101,7,8
bare,101,7,9
bare,101,7,10
bare,101,7,11
bare,101,7,12
bare,101,7,13
bare,101,7,14
bare,101,7,15
bare,101,7,16
bare,101,7,17
bare,101,7,18
bare,101,7,19
bare,101,7,20
bare,101,7,21
bare,101,7,22
bare,101,7,23
bare,101,7,24
bare,101,7,25
bare,101,7,26
bare,101,7,27
bare,101,7,28
bare,101,7,29
bare,101,7,30
bare,101,7,31
bare,101,7,32
bare,101,7,33
bare,101,7,34
bare,101,7,35
bare,101,7,36
bare,101,7,37
bare,101,7,38
bare,101,7,39
bare,101,7,40
bare,101,7,41
bare,101,7,42
bare,101,7,43
bare,101,7,44
bare,101,7,45
bare,101,7,46
bare,101,7,47
bare,101,7,48
bare,101,7,49
bare,101,7,50
bare,101,7,51
bare,101,7,52
bare,101,7,53
bare,101,7,54
bare,101,7,55
bare,101,7,56
bare,101,7,57
bare,101,7,58
bare,101,7,59
bare,101,7,60
bare,101,7,61
bare,101,7,62
bare,101,7,63
bare,101,7,64
bare,101,7,65
bare,101,7,66
bare,101,7,67
bare,101,7,68
bare,101,7,69
bare,101,7,70
bare,101,7,71
bare,101,7,72
bare,101,7,73
bare,101,7,74
bare,101,7,75
bare,101,7,76
bare,101,7,77
bare,101,7,78
bare,101,7,79
bare,101,7,80
bare,101,7,81
bare,101,7,82
bare,101,7,83
bare,101,7,84
bare,101,7,85
bare,101,7,86
bare,101,7,87
bare,101,7,88
bare,101,7,89
bare,101,7,90
bare,101,7,91
bare,101,7,92
bare,101,7,93
bare,101,7,94
bare,101,7,95
bare,101,7,96
bare,101,7,97
bare,101,7,98
bare,101,7,99
bare,101,7,100
bare,101,7,101
bare,101,7,102
bare,101,7,103
bare,101,7,104
bare,101,7,105
bare,101,7,106
bare,101,7,107
bare,101,7,108
bare,101,7,109
bare,101,7,110
bare,101,7,111
bare,101,7,112
tuff,101,7,113
tuff,101,7,114
tuff,101,7,115
tuff,101,7,116
tuff,101,7,117
tuff,101,7,118
tuff,101,7,119
bare,101,7,120
bare,101,7,121
bare,102,-1,-1
bare,102,-1,0
bare,102,-1,1
bare,102,-1,2
bare,102,-1,3
bare,102,-1,4
bare,102,-1,5
bare,102,-1,6
bare,102,-1,7
bare,102,-1,8
bare,102,-1,9
bare,102,-1,10
bare,102,-1,11
bare,102,-1,12
bare,102,-1,13
bare,102,-1,14
bare,102,-1,15
gravel,102,-1,16
gravel,102,-1,17
bare,102,-1,18
bare,102,-1,19
bare,102,-1,20
bare,102,-1,21
bare,102,-1,22
bare,102,-1,23
bare,102,-1,24
bare,102,-1,25
bare,102,-1,26
bare,102,-1,27
bare,102,-1,28
bare,102,-1,29
bare,102,-1,30
bare,102,-1,31
bare,102,-1,32
bare,102,-1,33
bare,102,-1,34
bare,102,-1,35
bare,102,-1,36
bare,102,-1,37
bare,102,-1,38
bare,102,-1,39
bare,102,-1,40
bare,102,-1,41
bare,102,-1,42
bare,102,-1,43
bare,102,-1,44
bare,102,-1,45
bare,102,-1,46
bare,102,-1,47
bare,102,-1,48
bare,102,-1,49
bare,102,-1,50
bare,102,-1,51
bare,102,-1,52
bare,102,-1,53
bare,102,-1,54
bare,102,-1,55
bare,102,-1,56
bare,102,-1,57
bare,102,-1,58
bare,102,-1,59
bare,102,-1,60
bare,102,-1,61
bare,102,-1,62
bare,102,-1,63
bare,102,-1,64
bare,102,-1,65
bare,102,-1,66
bare,102,-1,67
bare,102,-1,68
bare,102,-1,69
bare,102,-1,70
gravel,102,-1,71
gravel,102,-1,72
gravel,102,-1,73
gravel,102,-1,74
gravel,102,-1,75
bare,102,-1,76
bare,102,-1,77
bare,102,-1,78
bare,102,-1,79
bare,102,-1,80
bare,102,-1,81
bare,102,-1,82
bare,102,-1,83
bare,102,-1,84
bare,102,-1,85
bare,102,-1,86
bare,102,-1,87
bare,102,-1,88
bare,102,-1,89
bare,102,-1,90
bare,102,-1,91
bare,102,-1,92
bare,102,-1,93
bare,102,-1,94
bare,102,-1,95
bare,102,-1,96
bare,102,-1,97
bare,102,-1,98
bare,102,-1,99
bare,102,-1,100
bare,102,-1,101
bare,102,-1,102
bare,102,-1,103
bare,102,-1,104
bare,102,-1,105
bare,102,-1,106
bare,102,-1,107
bare,102,-1,108
bare,102,-1,109
bare,102,-1,110
bare,102,-1,111
bare,102,-1,112
bare,102,-1,113
bare,102,-1,114
bare,102,-1,115
bare,102,-1,116
bare,102,-1,117
bare,102,-1,118
bare,102,-1,119
bare,102,-1,120
bare,102,-1,121
bare,102,0,-1
bare,102,0,121
bare,102,1,-1
bare,102,1,121
bare,102,2,-1
bare,102,2,121
bare,102,3,-1
bare,102,3,121
bare,102,4,-1
bare,102,4,121
bare,102,5,-1
bare,102,5,121
bare,102,6,-1
bare,102,6,121
bare,102,7,-1
bare,102,7,0
bare,102,7,1
bare,102,7,2
bare,102,7,3
bare,102,7,4
bare,102,7,5
bare,102,7,6
bare,102,7,7
bare,102,7,8
bare,102,7,9
bare,102,7,10
bare,102,7,11
bare,102,7,12
bare,102,7,13
bare,102,7,14
bare,102,7,15
bare,102,7,16
bare,102,7,17
bare,102,7,18
bare,102,7,19
bare,102,7,20
bare,102,7,21
bare,102,7,22
bare,102,7,23
bare,102,7,24
bare,102,7,25
bare,102,7,26
bare,102,7,27
bare,102,7,28
bare,102,7,29
bare,102,7,30
bare,102,7,31
bare,102,7,32
bare,102,7,33
bare,102,7,34
bare,102,7,35
bare,102,7,36
bare,102,7,37
bare,102,7,38
bare,102,7,39
bare,102,7,40
bare,102,7,41
bare,102,7,42
bare,102,7,43
bare,102,7,44
bare,102,7,45
bare,102,7,46
bare,102,7,47
bare,102,7,48
bare,102,7,49
bare,102,7,50
bare,102,7,51
bare,102,7,52
bare,102,7,53
bare,102,7,54
bare,102,7,55
bare,102,7,56
bare,102,7,57
bare,102,7,58
bare,102,7,59
bare,102,7,60
bare,102,7,61
bare,102,7,62
bare,102,7,63
bare,102,7,64
bare,102,7,65
bare,102,7,66
bare,102,7,67
bare,102,7,68
bare,102,7,69
bare,102,7,70
bare,102,7,71
bare,102,7,72
bare,102,7,73
bare,102,7,74
bare,102,7,75
bare,102,7,76
bare,102,7,77
bare,102,7,78
bare,102,7,79
bare,102,7,80
bare,102,7,81
bare,102,7,82
bare,102,7,83
bare,102,7,84
bare,102,7,85
bare,102,7,86
bare,102,7,87
bare,102,7,88
bare,102,7,89
bare,102,7,90
bare,102,7,91
bare,102,7,92
bare,102,7,93
bare,102,7,94
bare,102,7,95
bare,102,7,96
bare,102,7,97
bare,102,7,98
bare,102,7,99
bare,102,7,100
bare,102,7,101
bare,102,7,102
bare,102,7,103
bare,102,7,104
bare,102,7,105
bare,102,7,106
bare,102,7,107
bare,102,7,108
bare,102,7,109
bare,102,7,110
tuff,102,7,111
tuff,102,7,112
tuff,102,7,113
tuff,102,7,114
tuff,102,7,115
tuff,102,7,116
tuff,102,7,117
tuff,102,7,118
bare,102,7,119
bare,102,7,120
bare,102,7,121
bare,103,-1,-1
bare,103,-1,0
bare,103,-1,1
bare,103,-1,2
bare,103,-1,3
bare,103,-1,4
bare,103,-1,5
bare,103,-1,6
bare,103,-1,7
bare,103,-1,8
bare,103,-1,9
bare,103,-1,10
bare,103,-1,11
bare,103,-1,12
bare,103,-1,13
bare,103,-1,14
bare,103,-1,15
gravel,103,-1,16
gravel,103,-1,17
bare,103,-1,18
bare,103,-1,19
bare,103,-1,20
bare,103,-1,21
bare,103,-1,22
bare,103,-1,23
bare,103,-1,24
bare,103,-1,25
bare,103,-1,26
bare,103,-1,27
bare,103,-1,28
bare,103,-1,29
bare,103,-1,30
bare,103,-1,31
bare,103,-1,32
bare,103,-1,33
bare,103,-1,34
bare,103,-1,35
bare,103,-1,36
bare,103,-1,37
bare,103,-1,38
bare,103,-1,39
bare,103,-1,40
bare,103,-1,41
bare,103,-1,42
bare,103,-1,43
bare,103,-1,44
bare,103,-1,45
bare,103,-1,46
bare,103,-1,47
bare,103,-1,48
bare,103,-1,49
bare,103,-1,50
bare,103,-1,51
bare,103,-1,52
bare,103,-1,53
bare,103,-1,54
bare,103,-1,55
bare,103,-1,56
bare,103,-1,57
bare,103,-1,58
bare,103,-1,59
bare,103,-1,60
bare,103,-1,61
bare,103,-1,62
bare,103,-1,63
bare,103,-1,64
bare,103,-1,65
bare,103,-1,66
bare,103,-1,67
bare,103,-1,68
bare,103,-1,69
bare,103,-1,70
gravel,103,-1,71
gravel,103,-1,72
gravel,103,-1,73
gravel,103,-1,74
gravel,103,-1,75
bare,103,-1,76
bare,103,-1,77
bare,103,-1,78
bare,103,-1,79
bare,103,-1,80
bare,103,-1,81
bare,103,-1,82
bare,103,-1,83
bare,103,-1,84
bare,103,-1,85
bare,103,-1,86
bare,103,-1,87
bare,103,-1,88
bare,103,-1,89
bare,103,-1,90
bare,103,-1,91
bare,103,-1,92
bare,103,-1,93
bare,103,-1,94
bare,103,-1,95
bare,103,-1,96
bare,103,-1,97
bare,103,-1,98
bare,103,-1,99
bare,103,-1,100
bare,103,-1,101
bare,103,-1,102
bare,103,-1,103
bare,103,-1,104
bare,103,-1,105
bare,103,-1,106
bare,103,-1,107
bare,103,-1,108
bare,103,-1,109
bare,103,-1,110
bare,103,-1,111
bare,103,-1,112
bare,103,-1,113
bare,103,-1,114
bare,103,-1,115
bare,103,-1,116
bare,103,-1,117
bare,103,-1,118
bare,103,-1,119
bare,103,-1,120
bare,103,-1,121
bare,103,0,-1
bare,103,0,121
bare,103,1,-1
bare,103,1,121
bare,103,2,-1
bare,103,2,121
bare,103,3,-1
bare,103,3,121
bare,103,4,-1
bare,103,4,121
bare,103,5,-1
bare,103,5,121
bare,103,6,-1
bare,103,6,121
bare,103,7,-1
bare,103,7,0
bare,103,7,1
bare,103,7,2
bare,103,7,3
bare,103,7,4
bare,103,7,5
bare,103,7,6
bare,103,7,7
bare,103,7,8
bare,103,7,9
bare,103,7,10
bare,103,7,11
bare,103,7,12
bare,103,7,13
bare,103,7,14
bare,103,7,15
bare,103,7,16
bare,103,7,17
bare,103,7,18
bare,103,7,19
bare,103,7,20
bare,103,7,21
bare,103,7,22
bare,103,7,23
bare,103,7,24
bare,103,7,25
bare,103,7,26
bare,103,7,27
bare,103,7,28
bare,103,7,29
bare,103,7,30
bare,103,7,31
bare,103,7,32
bare,103,7,33
bare,103,7,34
bare,103,7,35
bare,103,7,36
bare,103,7,37
bare,103,7,38
bare,103,7,39
bare,103,7,40
bare,103,7,41
bare,103,7,42
bare,103,7,43
bare,103,7,44
bare,103,7,45
bare,103,7,46
bare,103,7,47
bare,103,7,48
bare,103,7,49
bare,103,7,50
bare,103,7,51
bare,103,7,52
bare,103,7,53
bare,103,7,54
bare,103,7,55
bare,103,7,56
bare,103,7,57
bare,103,7,58
bare,103,7,59
bare,103,7,60
bare,103,7,61
bare,103,7,62
bare,103,7,63
bare,103,7,64
bare,103,7,65
bare,103,7,66
bare,103,7,67
bare,103,7,68
bare,103,7,69
bare,103,7,70
bare,103,7,71
bare,103,7,72
bare,103,7,73
bare,103,7,74
bare,103,7,75
bare,103,7,76
bare,103,7,77
bare,103,7,78
bare,103,7,79
bare,103,7,80
bare,103,7,81
bare,103,7,82
bare,103,7,83
bare,103,7,84
bare,103,7,85
bare,103,7,86
bare,103,7,87
bare,103,7,88
bare,103,7,89
bare,103,7,90
bare,103,7,91
bare,103,7,92
bare,103,7,93
bare,103,7,94
bare,103,7,95
bare,103,7,96
bare,103,7,97
bare,103,7,98
bare,103,7,99
bare,103,7,100
bare,103,7,101
bare,103,7,102
bare,103,7,103
bare,103,7,104
bare,103,7,105
bare,103,7,106
bare,103,7,107
bare,103,7,108
tuff,103,7,109
tuff,103,7,110
tuff,103,7,111
tuff,103,7,112
tuff,103,7,113
tuff,103,7,114
tuff,103,7,115
tuff,103,7,116
tuff,103,7,117
tuff,103,7,118
bare,103,7,119
bare,103,7,120
gravel,103,7,121
bare,104,-1,-1
bare,104,-1,0
bare,104,-1,1
bare,104,-1,2
bare,104,-1,3
bare,104,-1,4
bare,104,-1,5
bare,104,-1,6
bare,104,-1,7
bare,104,-1,8
bare,104,-1,9
bare,104,-1,10
bare,104,-1,11
bare,104,-1,12
bare,104,-1,13
bare,104,-1,14
bare,104,-1,15
gravel,104,-1,16
gravel,104,-1,17
bare,104,-1,18
bare,104,-1,19
bare,104,-1,20
bare,104,-1,21
bare,104,-1,22
bare,104,-1,23
bare,104,-1,24
bare,104,-1,25
bare,104,-1,26
bare,104,-1,27
bare,104,-1,28
bare,104,-1,29
bare,104,-1,30
bare,104,-1,31
bare,104,-1,32
bare,104,-1,33
bare,104,-1,34
bare,104,-1,35
bare,104,-1,36
bare,104,-1,37
bare,104,-1,38
bare,104,-1,39
bare,104,-1,40
bare,104,-1,41
bare,104,-1,42
bare,104,-1,43
bare,104,-1,44
bare,104,-1,45
bare,104,-1,46
bare,104,-1,47
bare,104,-1,48
bare,104,-1,49
bare,104,-1,50
bare,104,-1,51
bare,104,-1,52
bare,104,-1,53
bare,104,-1,54
bare,104,-1,55
bare,104,-1,56
bare,104,-1,57
bare,104,-1,58
bare,104,-1,59
bare,104,-1,60
bare,104,-1,61
bare,104,-1,62
bare,104,-1,63
bare,104,-1,64
bare,104,-1,65
bare,104,-1,66
bare,104,-1,67
bare,104,-1,68
bare,104,-1,69
bare,104,-1,70
bare,104,-1,71
gravel,104,-1,72
gravel,104,-1,73
gravel,104,-1,74
gravel,104,-1,75
bare,104,-1,76
bare,104,-1,77
bare,104,-1,78
bare,104,-1,79
bare,104,-1,80
bare,104,-1,81
bare,104,-1,82
bare,104,-1,83
bare,104,-1,84
bare,104,-1,85
bare,104,-1,86
bare,104,-1,87
bare,104,-1,88
bare,104,-1,89
bare,104,-1,90
bare,104,-1,91
bare,104,-1,92
bare,104,-1,93
bare,104,-1,94
bare,104,-1,95
bare,104,-1,96
bare,104,-1,97
bare,104,-1,98
bare,104,-1,99
bare,104,-1,100
bare,104,-1,101
bare,104,-1,102
bare,104,-1,103
bare,104,-1,104
bare,104,-1,105
bare,104,-1,106
bare,104,-1,107
bare,104,-1,108
bare,104,-1,109
bare,104,-1,110
bare,104,-1,111
bare,104,-1,112
bare,104,-1,113
bare,104,-1,114
bare,104,-1,115
bare,104,-1,116
bare,104,-1,117
bare,104,-1,118
bare,104,-1,119
bare,104,-1,120
bare,104,-1,121
bare,104,0,-1
bare,104,0,121
bare,104,1,-1
bare,104,1,121
bare,104,2,-1
bare,104,2,121
bare,104,3,-1
bare,104,3,121
bare,104,4,-1
bare,104,4,121
bare,104,5,-1
bare,104,5,121
bare,104,6,-1
gravel,104,6,121
bare,104,7,-1
bare,104,7,0
gravel,104,7,1
gravel,104,7,2
bare,104,7,3
bare,104,7,4
bare,104,7,5
bare,104,7,6
bare,104,7,7
bare,104,7,8
bare,104,7,9
bare,104,7,10
bare,104,7,11
bare,104,7,12
bare,104,7,13
bare,104,7,14
bare,104,7,15
bare,104,7,16
bare,104,7,17
bare,104,7,18
bare,104,7,19
bare,104,7,20
bare,104,7,21
bare,104,7,22
bare,104,7,23
bare,104,7,24
bare,104,7,25
bare,104,7,26
bare,104,7,27
bare,104,7,28
bare,104,7,29
bare,104,7,30
bare,104,7,31
bare,104,7,32
bare,104,7,33
bare,104,7,34
bare,104,7,35
bare,104,7,36
bare,104,7,37
bare,104,7,38
bare,104,7,39
bare,104,7,40
bare,104,7,41
bare,104,7,42
bare,104,7,43
bare,104,7,44
bare,104,7,45
bare,104,7,46
bare,104,7,47
bare,104,7,48
bare,104,7,49
bare,104,7,50
bare,104,7,51
bare,104,7,52
bare,104,7,53
bare,104,7,54
bare,104,7,55
bare,104,7,56
bare,104,7,57
bare,104,7,58
bare,104,7,59
bare,104,7,60
bare,104,7,61
bare,104,7,62
bare,104,7,63
bare,104,7,64
bare,104,7,65
bare,104,7,66
bare,104,7,67
bare,104,7,68
bare,104,7,69
bare,104,7,70
bare,104,7,71
bare,104,7,72
bare,104,7,73
bare,104,7,74
bare,104,7,75
bare,104,7,76
bare,104,7,77
bare,104,7,78
bare,104,7,79
bare,104,7,80
bare,104,7,81
bare,104,7,82
bare,104,7,83
bare,104,7,84
bare,104,7,85
bare,104,7,86
bare,104,7,87
bare,104,7,88
bare,104,7,89
bare,104,7,90
bare,104,7,91
bare,104,7,92
bare,104,7,93
bare,104,7,94
bare,104,7,95
bare,104,7,96
bare,104,7,97
bare,104,7,98
bare,104,7,99
bare,104,7,100
bare,104,7,101
bare,104,7,102
bare,104,7,103
bare,104,7,104
bare,104,7,105
bare,104,7,106
bare,104,7,107
tuff,104,7,108
tuff,104,7,109
tuff,104,7,110
tuff,104,7,111
tuff,104,7,112
tuff,104,7,113
tuff,104,7,114
tuff,104,7,115
tuff,104,7,116
tuff,104,7,117
gravel,104,7,118
gravel,104,7,119
gravel,104,7,120
gravel,104,7,121
bare,105,-1,-1
bare,105,-1,0
bare,105,-1,1
bare,105,-1,2
bare,105,-1,3
bare,105,-1,4
bare,105,-1,5
bare,105,-1,6
bare,105,-1,7
bare,105,-1,8
bare,105,-1,9
bare,105,-1,10
bare,105,-1,11
bare,105,-1,12
bare,105,-1,13
bare,105,-1,14
bare,105,-1,15
bare,105,-1,16
bare,105,-1,17
bare,105,-1,18
bare,105,-1,19
bare,105,-1,20
bare,105,-1,21
bare,105,-1,22
bare,105,-1,23
bare,105,-1,24
bare,105,-1,25
bare,105,-1,26
bare,105,-1,27
bare,105,-1,28
bare,105,-1,29
bare,105,-1,30
bare,105,-1,31
bare,105,-1,32
tuff,105,-1,33
tuff,105,-1,34
tuff,105,-1,35
bare,105,-1,36
bare,105,-1,37
bare,105,-1,38
bare,105,-1,39
bare,105,-1,40
bare,105,-1,41
bare,105,-1,42
bare,105,-1,43
bare,105,-1,44
bare,105,-1,45
bare,105,-1,46
bare,105,-1,47
bare,105,-1,48
bare,105,-1,49
bare,105,-1,50
bare,105,-1,51
bare,105,-1,52
bare,105,-1,53
bare,105,-1,54
bare,105,-1,55
bare,105,-1,56
bare,105,-1,57
bare,105,-1,58
bare,105,-1,59
bare,105,-1,60
bare,105,-1,61
bare,105,-1,62
bare,105,-1,63
bare,105,-1,64
bare,105,-1,65
bare,105,-1,66
bare,105,-1,67
bare,105,-1,68
bare,105,-1,69
bare,105,-1,70
bare,105,-1,71
bare,105,-1,72
bare,105,-1,73
gravel,105,-1,74
gravel,105,-1,75
bare,105,-1,76
bare,105,-1,77
bare,105,-1,78
bare,105,-1,79
bare,105,-1,80
bare,105,-1,81
bare,105,-1,82
bare,105,-1,83
bare,105,-1,84
bare,105,-1,85
bare,105,-1,86
bare,105,-1,87
bare,105,-1,88
bare,105,-1,89
bare,105,-1,90
bare,105,-1,91
bare,105,-1,92
bare,105,-1,93
bare,105,-1,94
bare,105,-1,95
bare,105,-1,96
bare,105,-1,97
bare,105,-1,98
bare,105,-1,99
bare,105,-1,100
bare,105,-1,101
bare,105,-1,102
bare,105,-1,103
bare,105,-1,104
bare,105,-1,105
bare,105,-1,106
bare,105,-1,107
bare,105,-1,108
bare,105,-1,109
bare,105,-1,110
bare,105,-1,111
bare,105,-1,112
bare,105,-1,113
bare,105,-1,114
bare,105,-1,115
bare,105,-1,116
bare,105,-1,117
bare,105,-1,118
bare,105,-1,119
bare,105,-1,120
bare,105,-1,121
bare,105,0,-1
bare,105,0,121
bare,105,1,-1
bare,105,1,121
bare,105,2,-1
bare,105,2,121
bare,105,3,-1
bare,105,3,121
bare,105,4,-1
bare,105,4,121
bare,105,5,-1
bare,105,5,121
bare,105,6,-1
gravel,105,6,121
bare,105,7,-1
bare,105,7,0
gravel,105,7,1
gravel,105,7,2
gravel,105,7,3
bare,105,7,4
bare,105,7,5
bare,105,7,6
bare,105,7,7
bare,105,7,8
bare,105,7,9
bare,105,7,10
bare,105,7,11
bare,105,7,12
bare,105,7,13
bare,105,7,14
bare,105,7,15
bare,105,7,16
bare,105,7,17
bare,105,7,18
bare,105,7,19
bare,105,7,20
bare,105,7,21
bare,105,7,22
bare,105,7,23
bare,105,7,24
bare,105,7,25
bare,105,7,26
bare,105,7,27
bare,105,7,28
bare,105,7,29
bare,105,7,30
bare,105,7,31
bare,105,7,32
bare,105,7,33
bare,105,7,34
bare,105,7,35
bare,105,7,36
bare,105,7,37
bare,105,7,38
bare,105,7,39
bare,105,7,40
bare,105,7,41
bare,105,7,42
bare,105,7,43
bare,105,7,44
bare,105,7,45
bare,105,7,46
bare,105,7,47
bare,105,7,48
bare,105,7,49
bare,105,7,50
bare,105,7,51
bare,105,7,52
bare,105,7,53
bare,105,7,54
bare,105,7,55
bare,105,7,56
bare,105,7,57
bare,105,7,58
bare,105,7,59
bare,105,7,60
bare,105,7,61
bare,105,7,62
bare,105,7,63
bare,105,7,64
bare,105,7,65
bare,105,7,66
bare,105,7,67
bare,105,7,68
bare,105,7,69
bare,105,7,70
bare,105,7,71
bare,105,7,72
bare,105,7,73
bare,105,7,74
bare,105,7,75
bare,105,7,76
bare,105,7,77
bare,105,7,78
bare,105,7,79
bare,105,7,80
bare,105,7,81
bare,105,7,82
bare,105,7,83
bare,105,7,84
bare,105,7,85
bare,105,7,86
bare,105,7,87
bare,105,7,88
bare,105,7,89
bare,105,7,90
bare,105,7,91
bare,105,7,92
bare,105,7,93
bare,105,7,94
bare,105,7,95
bare,105,7,96
bare,105,7,97
bare,105,7,98
bare,105,7,99
bare,105,7,100
bare,105,7,101
bare,105,7,102
bare,105,7,103
bare,105,7,104
bare,105,7,105
bare,105,7,106
tuff,105,7,107
tuff,105,7,108
tuff,105,7,109
tuff,105,7,110
tuff,105,7,111
tuff,105,7,112
tuff,105,7,113
tuff,105,7,114
tuff,105,7,115
gravel,105,7,116
gravel,105,7,117
gravel,105,7,118
gravel,105,7,119
gravel,105,7,120
gravel,105,7,121
bare,106,-1,-1
bare,106,-1,0
bare,106,-1,1
bare,106,-1,2
bare,106,-1,3
bare,106,-1,4
bare,106,-1,5
bare,106,-1,6
bare,106,-1,7
bare,106,-1,8
bare,106,-1,9
bare,106,-1,10
bare,106,-1,11
bare,106,-1,12
bare,106,-1,13
bare,106,-1,14
bare,106,-1,15
bare,106,-1,16
bare,106,-1,17
bare,106,-1,18
bare,106,-1,19
bare,106,-1,20
bare,106,-1,21
bare,106,-1,22
bare,106,-1,23
bare,106,-1,24
bare,106,-1,25
bare,106,-1,26
bare,106,-1,27
bare,106,-1,28
bare,106,-1,29
bare,106,-1,30
bare,106,-1,31
tuff,106,-1,32
tuff,106,-1,33
tuff,106,-1,34
tuff,106,-1,35
tuff,106,-1,36
tuff,106,-1,37
bare,106,-1,38
bare,106,-1,39
bare,106,-1,40
bare,106,-1,41
bare,106,-1,42
bare,106,-1,43
bare,106,-1,44
bare,106,-1,45
bare,106,-1,46
bare,106,-1,47
bare,106,-1,48
bare,106,-1,49
bare,106,-1,50
bare,106,-1,51
bare,106,-1,52
bare,106,-1,53
bare,106,-1,54
bare,106,-1,55
bare,106,-1,56
bare,106,-1,57
bare,106,-1,58
bare,106,-1,59
bare,106,-1,60
bare,106,-1,61
bare,106,-1,62
bare,106,-1,63
bare,106,-1,64
bare,106,-1,65
bare,106,-1,66
bare,106,-1,67
bare,106,-1,68
bare,106,-1,69
bare,106,-1,70
bare,106,-1,71
bare,106,-1,72
bare,106,-1,73
bare,106,-1,74
bare,106,-1,75
bare,106,-1,76
bare,106,-1,77
bare,106,-1,78
bare,106,-1,79
bare,106,-1,80
bare,106,-1,81
bare,106,-1,82
bare,106,-1,83
bare,106,-1,84
bare,106,-1,85
bare,106,-1,86
bare,106,-1,87
bare,106,-1,88
bare,106,-1,89
bare,106,-1,90
bare,106,-1,91
bare,106,-1,92
bare,106,-1,93
bare,106,-1,94
bare,106,-1,95
bare,106,-1,96
bare,106,-1,97
bare,106,-1,98
bare,106,-1,99
bare,106,-1,100
bare,106,-1,101
bare,106,-1,102
bare,106,-1,103
bare,106,-1,104
bare,106,-1,105
bare,106,-1,106
bare,106,-1,107
bare,106,-1,108
bare,106,-1,109
bare,106,-1,110
bare,106,-1,111
bare,106,-1,112
bare,106,-1,113
bare,106,-1,114
bare,106,-1,115
bare,106,-1,116
bare,106,-1,117
bare,106,-1,118
bare,106,-1,119
redstone,106,-1,120
redstone,106,-1,121
bare,106,0,-1
bare,106,0,121
bare,106,1,-1
bare,106,1,121
bare,106,2,-1
bare,106,2,121
bare,106,3,-1
bare,106,3,121
bare,106,4,-1
bare,106,4,121
bare,106,5,-1
bare,106,5,121
bare,106,6,-1
gravel,106,6,121
bare,106,7,-1
bare,106,7,0
gravel,106,7,1
gravel,106,7,2
gravel,106,7,3
bare,106,7,4
bare,106,7,5
bare,106,7,6
bare,106,7,7
bare,106,7,8
bare,106,7,9
bare,106,7,10
bare,106,7,11
bare,106,7,12
bare,106,7,13
bare,106,7,14
bare,106,7,15
bare,106,7,16
bare,106,7,17
bare,106,7,18
bare,106,7,19
bare,106,7,20
bare,106,7,21
bare,106,7,22
bare,106,7,23
bare,106,7,24
bare,106,7,25
bare,106,7,26
bare,106,7,27
bare,106,7,28
bare,106,7,29
bare,106,7,30
bare,106,7,31
bare,106,7,32
bare,106,7,33
bare,106,7,34
bare,106,7,35
bare,106,7,36
bare,106,7,37
bare,106,7,38
bare,106,7,39
bare,106,7,40
bare,106,7,41
bare,106,7,42
bare,106,7,43
bare,106,7,44
bare,106,7,45
bare,106,7,46
bare,106,7,47
bare,106,7,48
bare,106,7,49
bare,106,7,50
bare,106,7,51
bare,106,7,52
bare,106,7,53
bare,106,7,54
bare,106,7,55
bare,106,7,56
bare,106,7,57
bare,106,7,58
bare,106,7,59
bare,106,7,60
bare,106,7,61
bare,106,7,62
bare,106,7,63
bare,106,7,64
bare,106,7,65
bare,106,7,66
bare,106,7,67
bare,106,7,68
bare,106,7,69
bare,106,7,70
bare,106,7,71
bare,106,7,72
bare,106,7,73
bare,106,7,74
bare,106,7,75
bare,106,7,76
bare,106,7,77
bare,106,7,78
bare,106,7,79
bare,106,7,80
bare,106,7,81
bare,106,7,82
bare,106,7,83
bare,106,7,84
bare,106,7,85
bare,106,7,86
bare,106,7,87
bare,106,7,88
bare,106,7,89
bare,106,7,90
bare,106,7,91
bare,106,7,92
bare,106,7,93
bare,106,7,94
bare,106,7,95
bare,106,7,96
bare,106,7,97
bare,106,7,98
bare,106,7,99
bare,106,7,100
bare,106,7,101
bare,106,7,102
bare,106,7,103
bare,106,7,104
bare,106,7,105
tuff,106,7,106
tuff,106,7,107
tuff,106,7,108
tuff,106,7,109
tuff,106,7,110
tuff,106,7,111
tuff,106,7,112
tuff,106,7,113
tuff,106,7,114
gravel,106,7,115
gravel,106,7,116
gravel,106,7,117
gravel,106,7,118
gravel,106,7,119
gravel,106,7,120
gravel,106,7,121
bare,107,-1,-1
bare,107,-1,0
bare,107,-1,1
bare,107,-1,2
bare,107,-1,3
bare,107,-1,4
bare,107,-1,5
bare,107,-1,6
bare,107,-1,7
bare,107,-1,8
bare,107,-1,9
bare,107,-1,10
bare,107,-1,11
bare,107,-1,12
bare,107,-1,13
bare,107,-1,14
bare,107,-1,15
bare,107,-1,16
bare,107,-1,17
bare,107,-1,18
bare,107,-1,19
bare,107,-1,20
bare,107,-1,21
bare,107,-1,22
bare,107,-1,23
bare,107,-1,24
bare,107,-1,25
bare,107,-1,26
bare,107,-1,27
bare,107,-1,28
bare,107,-1,29
bare,107,-1,30
bare,107,-1,31
tuff,107,-1,32
tuff,107,-1,33
tuff,107,-1,34
tuff,107,-1,35
tuff,107,-1,36
tuff,107,-1,37
bare,107,-1,38
bare,107,-1,39
bare,107,-1,40
bare,107,-1,41
bare,107,-1,42
bare,107,-1,43
bare,107,-1,44
bare,107,-1,45
bare,107,-1,46
bare,107,-1,47
bare,107,-1,48
bare,107,-1,49
bare,107,-1,50
bare,107,-1,51
bare,107,-1,52
bare,107,-1,53
bare,107,-1,54
bare,107,-1,55
bare,107,-1,56
bare,107,-1,57
bare,107,-1,58
bare,107,-1,59
bare,107,-1,60
bare,107,-1,61
bare,107,-1,62
bare,107,-1,63
bare,107,-1,64
bare,107,-1,65
bare,107,-1,66
bare,107,-1,67
bare,107,-1,68
bare,107,-1,69
bare,107,-1,70
bare,107,-1,71
bare,107,-1,72
bare,107,-1,73
bare,107,-1,74
bare,107,-1,75
bare,107,-1,76
bare,107,-1,77
bare,107,-1,78
bare,107,-1,79
bare,107,-1,80
bare,107,-1,81
bare,107,-1,82
bare,107,-1,83
bare,107,-1,84
bare,107,-1,85
bare,107,-1,86
bare,107,-1,87
bare,107,-1,88
bare,107,-1,89
bare,107,-1,90
bare,107,-1,91
bare,107,-1,92
bare,107,-1,93
bare,107,-1,94
bare,107,-1,95
bare,107,-1,96
bare,107,-1,97
bare,107,-1,98
bare,107,-1,99
bare,107,-1,100
bare,107,-1,101
bare,107,-1,102
bare,107,-1,103
bare,107,-1,104
bare,107,-1,105
bare,107,-1,106
bare,107,-1,107
bare,107,-1,108
bare,107,-1,109
bare,107,-1,110
bare,107,-1,111
bare,107,-1,112
bare,107,-1,113
bare,107,-1,114
bare,107,-1,115
bare,107,-1,116
bare,107,-1,117
bare,107,-1,118
bare,107,-1,119
bare,107,-1,120
redstone,107,-1,121
bare,107,0,-1
bare,107,0,121
bare,107,1,-1
bare,107,1,121
bare,107,2,-1
bare,107,2,121
bare,107,3,-1
bare,107,3,121
bare,107,4,-1
bare,107,4,121
bare,107,5,-1
bare,107,5,121
bare,107,6,-1
bare,107,6,121
bare,107,7,-1
gravel,107,7,0
gravel,107,7,1
gravel,107,7,2
gravel,107,7,3
gravel,107,7,4
bare,107,7,5
bare,107,7,6
bare,107,7,7
bare,107,7,8
bare,107,7,9
bare,107,7,10
bare,107,7,11
bare,107,7,12
bare,107,7,13
bare,107,7,14
bare,107,7,15
bare,107,7,16
bare,107,7,17
bare,107,7,18
bare,107,7,19
bare,107,7,20
bare,107,7,21
bare,107,7,22
bare,107,7,23
bare,107,7,24
bare,107,7,25
bare,107,7,26
bare,107,7,27
bare,107,7,28
bare,107,7,29
bare,107,7,30
bare,107,7,31
bare,107,7,32
bare,107,7,33
bare,107,7,34
bare,107,7,35
bare,107,7,36
bare,107,7,37
bare,107,7,38
bare,107,7,39
bare,107,7,40
bare,107,7,41
bare,107,7,42
bare,107,7,43
bare,107,7,44
bare,107,7,45
bare,107,7,46
bare,107,7,47
bare,107,7,48
bare,107,7,49
bare,107,7,50
bare,107,7,51
bare,107,7,52
bare,107,7,53
bare,107,7,54
bare,107,7,55
bare,107,7,56
bare,107,7,57
bare,107,7,58
bare,107,7,59
bare,107,7,60
bare,107,7,61
bare,107,7,62
bare,107,7,63
bare,107,7,64
bare,107,7,65
bare,107,7,66
bare,107,7,67
bare,107,7,68
bare,107,7,69
bare,107,7,70
bare,107,7,71
bare,107,7,72
bare,107,7,73
bare,107,7,74
bare,107,7,75
bare,107,7,76
bare,107,7,77
bare,107,7,78
bare,107,7,79
bare,107,7,80
bare,107,7,81
bare,107,7,82
bare,107,7,83
bare,107,7,84
bare,107,7,85
bare,107,7,86
bare,107,7,87
bare,107,7,88
bare,107,7,89
bare,107,7,90
bare,107,7,91
bare,107,7,92
bare,107,7,93
bare,107,7,94
bare,107,7,95
bare,107,7,96
bare,107,7,97
bare,107,7,98
bare,107,7,99
bare,107,7,100
bare,107,7,101
bare,107,7,102
bare,107,7,103
bare,107,7,104
tuff,107,7,105
tuff,107,7,106
tuff,107,7,107
tuff,107,7,108
tuff,107,7,109
tuff,107,7,110
tuff,107,7,111
tuff,107,7,112
tuff,107,7,113
tuff,107,7,114
gravel,107,7,115
gravel,107,7,116
gravel,107,7,117
gravel,107,7,118
gravel,107,7,119
gravel,107,7,120
gravel,107,7,121
bare,108,-1,-1
bare,108,-1,0
bare,108,-1,1
bare,108,-1,2
bare,108,-1,3
bare,108,-1,4
bare,108,-1,5
bare,108,-1,6
bare,108,-1,7
bare,108,-1,8
bare,108,-1,9
bare,108,-1,10
bare,108,-1,11
bare,108,-1,12
bare,108,-1,13
bare,108,-1,14
bare,108,-1,15
bare,108,-1,16
bare,108,-1,17
bare,108,-1,18
bare,108,-1,19
bare,108,-1,20
bare,108,-1,21
bare,108,-1,22
bare,108,-1,23
bare,108,-1,24
bare,108,-1,25
bare,108,-1,26
bare,108,-1,27
bare,108,-1,28
bare,108,-1,29
bare,108,-1,30
bare,108,-1,31
tuff,108,-1,32
tuff,108,-1,33
tuff,108,-1,34
tuff,108,-1,35
tuff,108,-1,36
tuff,108,-1,37
tuff,108,-1,38
tuff,108,-1,39
bare,108,-1,40
bare,108,-1,41
bare,108,-1,42
bare,108,-1,43
bare,108,-1,44
bare,108,-1,45
bare,108,-1,46
bare,108,-1,47
bare,108,-1,48
bare,108,-1,49
bare,108,-1,50
bare,108,-1,51
bare,108,-1,52
bare,108,-1,53
bare,108,-1,54
bare,108,-1,55
bare,108,-1,56
bare,108,-1,57
bare,108,-1,58
bare,108,-1,59
bare,108,-1,60
bare,108,-1,61
bare,108,-1,62
bare,108,-1,63
bare,108,-1,64
bare,108,-1,65
bare,108,-1,66
bare,108,-1,67
bare,108,-1,68
bare,108,-1,69
bare,108,-1,70
bare,108,-1,71
bare,108,-1,72
bare,108,-1,73
bare,108,-1,74
bare,108,-1,75
bare,108,-1,76
bare,108,-1,77
bare,108,-1,78
bare,108,-1,79
bare,108,-1,80
bare,108,-1,81
bare,108,-1,82
bare,108,-1,83
bare,108,-1,84
bare,108,-1,85
bare,108,-1,86
bare,108,-1,87
bare,108,-1,88
bare,108,-1,89
bare,108,-1,90
bare,108,-1,91
bare,108,-1,92
bare,108,-1,93
bare,108,-1,94
bare,108,-1,95
bare,108,-1,96
bare,108,-1,97
bare,108,-1,98
bare,108,-1,99
bare,108,-1,100
bare,108,-1,101
bare,108,-1,102
bare,108,-1,103
bare,108,-1,104
bare,108,-1,105
bare,108,-1,106
bare,108,-1,107
bare,108,-1,108
bare,108,-1,109
bare,108,-1,110
bare,108,-1,111
bare,108,-1,112
bare,108,-1,113
bare,108,-1,114
bare,108,-1,115
bare,108,-1,116
bare,108,-1,117
bare,108,-1,118
bare,108,-1,119
bare,108,-1,120
bare,108,-1,121
bare,108,0,-1
bare,108,0,121
bare,108,1,-1
bare,108,1,121
bare,108,2,-1
bare,108,2,121
bare,108,3,-1
bare,108,3,121
bare,108,4,-1
bare,108,4,121
bare,108,5,-1
bare,108,5,121
bare,108,6,-1
bare,108,6,121
bare,108,7,-1
bare,108,7,0
gravel,108,7,1
gravel,108,7,2
gravel,108,7,3
gravel,108,7,4
bare,108,7,5
bare,108,7,6
bare,108,7,7
bare,108,7,8
bare,108,7,9
bare,108,7,10
bare,108,7,11
redstone,108,7,12
bare,108,7,13
bare,108,7,14
bare,108,7,15
bare,108,7,16
bare,108,7,17
bare,108,7,18
bare,108,7,19
bare,108,7,20
bare,108,7,21
bare,108,7,22
bare,108,7,23
bare,108,7,24
bare,108,7,25
bare,108,7,26
bare,108,7,27
bare,108,7,28
bare,108,7,29
bare,108,7,30
bare,108,7,31
bare,108,7,32
bare,108,7,33
bare,108,7,34
bare,108,7,35
bare,108,7,36
bare,108,7,37
bare,108,7,38
bare,108,7,39
bare,108,7,40
bare,108,7,41
bare,108,7,42
bare,108,7,43
bare,108,7,44
bare,108,7,45
bare,108,7,46
bare,108,7,47
bare,108,7,48
bare,108,7,49
bare,108,7,50
bare,108,7,51
bare,108,7,52
bare,108,7,53
bare,108,7,54
bare,108,7,55
bare,108,7,56
bare,108,7,57
bare,108,7,58
bare,108,7,59
bare,108,7,60
bare,108,7,61
bare,108,7,62
bare,108,7,63
bare,108,7,64
bare,108,7,65
bare,108,7,66
bare,108,7,67
bare,108,7,68
bare,108,7,69
bare,108,7,70
bare,108,7,71
bare,108,7,72
bare,108,7,73
bare,108,7,74
bare,108,7,75
bare,108,7,76
bare,108,7,77
bare,108,7,78
bare,108,7,79
bare,108,7,80
bare,108,7,81
bare,108,7,82
bare,108,7,83
bare,108,7,84
bare,108,7,85
bare,108,7,86
bare,108,7,87
bare,108,7,88
bare,108,7,89
bare,108,7,90
bare,108,7,91
bare,108,7,92
bare,108,7,93
bare,108,7,94
bare,108,7,95
bare,108,7,96
bare,108,7,97
bare,108,7,98
bare,108,7,99
bare,108,7,100
bare,108,7,101
bare,108,7,102
bare,108,7,103
tuff,108,7,104
tuff,108,7,105
tuff,108,7,106
tuff,108,7,107
tuff,108,7,108
tuff,108,7,109
tuff,108,7,110
tuff,108,7,111
tuff,108,7,112
tuff,108,7,113
tuff,108,7,114
tuff,108,7,115
tuff,108,7,116
tuff,108,7,117
tuff,108,7,118
tuff,108,7,119
tuff,108,7,120
bare,108,7,121
bare,109,-1,-1
bare,109,-1,0
bare,109,-1,1
bare,109,-1,2
bare,109,-1,3
bare,109,-1,4
bare,109,-1,5
bare,109,-1,6
bare,109,-1,7
bare,109,-1,8
bare,109,-1,9
bare,109,-1,10
bare,109,-1,11
bare,109,-1,12
bare,109,-1,13
bare,109,-1,14
bare,109,-1,15
bare,109,-1,16
bare,109,-1,17
bare,109,-1,18
bare,109,-1,19
bare,109,-1,20
bare,109,-1,21
bare,109,-1,22
bare,109,-1,23
bare,109,-1,24
bare,109,-1,25
bare,109,-1,26
bare,109,-1,27
redstone,109,-1,28
bare,109,-1,29
bare,109,-1,30
bare,109,-1,31
bare,109,-1,32
tuff,109,-1,33
tuff,109,-1,34
tuff,109,-1,35
tuff,109,-1,36
tuff,109,-1,37
tuff,109,-1,38
tuff,109,-1,39
tuff,109,-1,40
bare,109,-1,41
bare,109,-1,42
bare,109,-1,43
bare,109,-1,44
bare,109,-1,45
bare,109,-1,46
bare,109,-1,47
bare,109,-1,48
bare,109,-1,49
bare,109,-1,50
bare,109,-1,51
bare,109,-1,52
bare,109,-1,53
bare,109,-1,54
bare,109,-1,55
bare,109,-1,56
bare,109,-1,57
bare,109,-1,58
bare,109,-1,59
bare,109,-1,60
bare,109,-1,61
bare,109,-1,62
bare,109,-1,63
bare,109,-1,64
bare,109,-1,65
bare,109,-1,66
bare,109,-1,67
bare,109,-1,68
bare,109,-1,69
bare,109,-1,70
bare,109,-1,71
bare,109,-1,72
bare,109,-1,73
bare,109,-1,74
bare,109,-1,75
bare,109,-1,76
bare,109,-1,77
bare,109,-1,78
bare,109,-1,79
bare,109,-1,80
bare,109,-1,81
bare,109,-1,82
bare,109,-1,83
bare,109,-1,84
bare,109,-1,85
bare,109,-1,86
bare,109,-1,87
bare,109,-1,88
bare,109,-1,89
bare,109,-1,90
bare,109,-1,91
bare,109,-1,92
bare,109,-1,93
bare,109,-1,94
bare,109,-1,95
bare,109,-1,96
bare,109,-1,97
bare,109,-1,98
bare,109,-1,99
bare,109,-1,100
bare,109,-1,101
bare,109,-1,102
bare,109,-1,103
bare,109,-1,104
bare,109,-1,105
bare,109,-1,106
bare,109,-1,107
bare,109,-1,108
bare,109,-1,109
bare,109,-1,110
bare,109,-1,111
bare,109,-1,112
bare,109,-1,113
bare,109,-1,114
bare,109,-1,115
bare,109,-1,116
bare,109,-1,117
bare,109,-1,118
bare,109,-1,119
bare,109,-1,120
bare,109,-1,121
bare,109,0,-1
bare,109,0,121
bare,109,1,-1
bare,109,1,121
bare,109,2,-1
bare,109,2,121
bare,109,3,-1
bare,109,3,121
bare,109,4,-1
bare,109,4,121
bare,109,5,-1
bare,109,5,121
bare,109,6,-1
tuff,109,6,121
bare,109,7,-1
bare,109,7,0
gravel,109,7,1
gravel,109,7,2
gravel,109,7,3
gravel,109,7,4
bare,109,7,5
bare,109,7,6
bare,109,7,7
bare,109,7,8
bare,109,7,9
bare,109,7,10
bare,109,7,11
bare,109,7,12
bare,109,7,13
bare,109,7,14
bare,109,7,15
bare,109,7,16
bare,109,7,17
bare,109,7,18
bare,109,7,19
bare,109,7,20
bare,109,7,21
bare,109,7,22
bare,109,7,23
bare,109,7,24
bare,109,7,25
bare,109,7,26
bare,109,7,27
bare,109,7,28
bare,109,7,29
bare,109,7,30
bare,109,7,31
bare,109,7,32
bare,109,7,33
bare,109,7,34
bare,109,7,35
bare,109,7,36
bare,109,7,37
bare,109,7,38
bare,109,7,39
bare,109,7,40
bare,109,7,41
bare,109,7,42
bare,109,7,43
bare,109,7,44
bare,109,7,45
bare,109,7,46
bare,109,7,47
bare,109,7,48
bare,109,7,49
bare,109,7,50
bare,109,7,51
bare,109,7,52
bare,109,7,53
bare,109,7,54
bare,109,7,55
bare,109,7,56
bare,109,7,57
bare,109,7,58
bare,109,7,59
bare,109,7,60
bare,109,7,61
bare,109,7,62
bare,109,7,63
bare,109,7,64
bare,109,7,65
bare,109,7,66
bare,109,7,67
bare,109,7,68
bare,109,7,69
bare,109,7,70
bare,109,7,71
bare,109,7,72
bare,109,7,73
bare,109,7,74
bare,109,7,75
bare,109,7,76
bare,109,7,77
bare,109,7,78
bare,109,7,79
bare,109,7,80
bare,109,7,81
bare,109,7,82
bare,109,7,83
bare,109,7,84
bare,109,7,85
bare,109,7,86
bare,109,7,87
bare,109,7,88
bare,109,7,89
bare,109,7,90
bare,109,7,91
bare,109,7,92
bare,109,7,93
bare,109,7,94
bare,109,7,95
bare,109,7,96
bare,109,7,97
bare,109,7,98
bare,109,7,99
bare,109,7,100
bare,109,7,101
bare,109,7,102
bare,109,7,103
bare,109,7,104
tuff,109,7,105
tuff,109,7,106
tuff,109,7,107
tuff,109,7,108
tuff,109,7,109
tuff,109,7,110
tuff,109,7,111
tuff,109,7,112
tuff,109,7,113
tuff,109,7,114
tuff,109,7,115
tuff,109,7,116
tuff,109,7,117
tuff,109,7,118
tuff,109,7,119
tuff,109,7,120
tuff,109,7,121
bare,110,-1,-1
bare,110,-1,0
bare,110,-1,1
bare,110,-1,2
bare,110,-1,3
bare,110,-1,4
bare,110,-1,5
bare,110,-1,6
bare,110,-1,7
bare,110,-1,8
bare,110,-1,9
bare,110,-1,10
bare,110,-1,11
bare,110,-1,12
bare,110,-1,13
bare,110,-1,14
bare,110,-1,15
bare,110,-1,16
bare,110,-1,17
bare,110,-1,18
bare,110,-1,19
bare,110,-1,20
bare,110,-1,21
bare,110,-1,22
bare,110,-1,23
bare,110,-1,24
bare,110,-1,25
bare,110,-1,26
bare,110,-1,27
bare,110,-1,28
bare,110,-1,29
bare,110,-1,30
bare,110,-1,31
bare,110,-1,32
tuff,110,-1,33
tuff,110,-1,34
tuff,110,-1,35
tuff,110,-1,36
tuff,110,-1,37
tuff,110,-1,38
tuff,110,-1,39
tuff,110,-1,40
tuff,110,-1,41
bare,110,-1,42
bare,110,-1,43
bare,110,-1,44
bare,110,-1,45
bare,110,-1,46
bare,110,-1,47
bare,110,-1,48
bare,110,-1,49
bare,110,-1,50
bare,110,-1,51
bare,110,-1,52
bare,110,-1,53
bare,110,-1,54
bare,110,-1,55
bare,110,-1,56
bare,110,-1,57
bare,110,-1,58
bare,110,-1,59
bare,110,-1,60
bare,110,-1,61
bare,110,-1,62
bare,110,-1,63
bare,110,-1,64
bare,110,-1,65
bare,110,-1,66
bare,110,-1,67
bare,110,-1,68
bare,110,-1,69
bare,110,-1,70
bare,110,-1,71
bare,110,-1,72
bare,110,-1,73
bare,110,-1,74
bare,110,-1,75
bare,110,-1,76
bare,110,-1,77
bare,110,-1,78
bare,110,-1,79
bare,110,-1,80
bare,110,-1,81
bare,110,-1,82
bare,110,-1,83
bare,110,-1,84
bare,110,-1,85
bare,110,-1,86
bare,110,-1,87
bare,110,-1,88
bare,110,-1,89
bare,110,-1,90
bare,110,-1,91
bare,110,-1,92
bare,110,-1,93
bare,110,-1,94
bare,110,-1,95
bare,110,-1,96
bare,110,-1,97
bare,110,-1,98
bare,110,-1,99
bare,110,-1,100
bare,110,-1,101
bare,110,-1,102
bare,110,-1,103
bare,110,-1,104
bare,110,-1,105
bare,110,-1,106
bare,110,-1,107
bare,110,-1,108
bare,110,-1,109
bare,110,-1,110
bare,110,-1,111
bare,110,-1,112
bare,110,-1,113
bare,110,-1,114
bare,110,-1,115
bare,110,-1,116
bare,110,-1,117
bare,110,-1,118
bare,110,-1,119
bare,110,-1,120
bare,110,-1,121
bare,110,0,-1
bare,110,0,121
bare,110,1,-1
bare,110,1,121
bare,110,2,-1
bare,110,2,121
bare,110,3,-1
bare,110,3,121
bare,110,4,-1
bare,110,4,121
bare,110,5,-1
tuff,110,5,121
bare,110,6,-1
tuff,110,6,121
bare,110,7,-1
bare,110,7,0
gravel,110,7,1
gravel,110,7,2
gravel,110,7,3
gravel,110,7,4
bare,110,7,5
bare,110,7,6
bare,110,7,7
bare,110,7,8
bare,110,7,9
bare,110,7,10
bare,110,7,11
bare,110,7,12
bare,110,7,13
bare,110,7,14
bare,110,7,15
bare,110,7,16
bare,110,7,17
bare,110,7,18
bare,110,7,19
bare,110,7,20
bare,110,7,21
bare,110,7,22
bare,110,7,23
bare,110,7,24
bare,110,7,25
bare,110,7,26
bare,110,7,27
bare,110,7,28
bare,110,7,29
bare,110,7,30
bare,110,7,31
bare,110,7,32
bare,110,7,33
bare,110,7,34
bare,110,7,35
bare,110,7,36
bare,110,7,37
bare,110,7,38
bare,110,7,39
bare,110,7,40
bare,110,7,41
bare,110,7,42
bare,110,7,43
bare,110,7,44
bare,110,7,45
bare,110,7,46
bare,110,7,47
bare,110,7,48
bare,110,7,49
bare,110,7,50
bare,110,7,51
bare,110,7,52
bare,110,7,53
bare,110,7,54
bare,110,7,55
bare,110,7,56
bare,110,7,57
bare,110,7,58
bare,110,7,59
bare,110,7,60
bare,110,7,61
bare,110,7,62
bare,110,7,63
bare,110,7,64
bare,110,7,65
bare,110,7,66
bare,110,7,67
bare,110,7,68
redstone,110,7,69
redstone,110,7,70
bare,110,7,71
bare,110,7,72
bare,110,7,73
bare,110,7,74
bare,110,7,75
bare,110,7,76
bare,110,7,77
bare,110,7,78
bare,110,7,79
bare,110,7,80
bare,110,7,81
bare,110,7,82
bare,110,7,83
bare,110,7,84
bare,110,7,85
bare,110,7,86
bare,110,7,87
bare,110,7,88
bare,110,7,89
bare,110,7,90
bare,110,7,91
bare,110,7,92
bare,110,7,93
bare,110,7,94
bare,110,7,95
bare,110,7,96
bare,110,7,97
bare,110,7,98
bare,110,7,99
bare,110,7,100
bare,110,7,101
bare,110,7,102
bare,110,7,103
bare,110,7,104
tuff,110,7,105
tuff,110,7,106
tuff,110,7,107
bare,110,7,108
bare,110,7,109
bare,110,7,110
bare,110,7,111
tuff,110,7,112
tuff,110,7,113
tuff,110,7,114
tuff,110,7,115
tuff,110,7,116
tuff,110,7,117
tuff,110,7,118
tuff,110,7,119
tuff,110,7,120
tuff,110,7,121
bare,111,-1,-1
bare,111,-1,0
bare,111,-1,1
bare,111,-1,2
bare,111,-1,3
bare,111,-1,4
bare,111,-1,5
bare,111,-1,6
bare,111,-1,7
bare,111,-1,8
bare,111,-1,9
bare,111,-1,10
bare,111,-1,11
bare,111,-1,12
bare,111,-1,13
bare,111,-1,14
bare,111,-1,15
bare,111,-1,16
bare,111,-1,17
bare,111,-1,18
bare,111,-1,19
bare,111,-1,20
bare,111,-1,21
bare,111,-1,22
bare,111,-1,23
bare,111,-1,24
bare,111,-1,25
bare,111,-1,26
bare,111,-1,27
bare,111,-1,28
bare,111,-1,29
bare,111,-1,30
bare,111,-1,31
bare,111,-1,32
bare,111,-1,33
tuff,111,-1,34
tuff,111,-1,35
tuff,111,-1,36
tuff,111,-1,37
tuff,111,-1,38
tuff,111,-1,39
tuff,111,-1,40
tuff,111,-1,41
bare,111,-1,42
bare,111,-1,43
bare,111,-1,44
bare,111,-1,45
bare,111,-1,46
bare,111,-1,47
bare,111,-1,48
bare,111,-1,49
bare,111,-1,50
bare,111,-1,51
bare,111,-1,52
bare,111,-1,53
bare,111,-1,54
bare,111,-1,55
bare,111,-1,56
bare,111,-1,57
bare,111,-1,58
bare,111,-1,59
bare,111,-1,60
bare,111,-1,61
bare,111,-1,62
bare,111,-1,63
bare,111,-1,64
bare,111,-1,65
bare,111,-1,66
bare,111,-1,67
bare,111,-1,68
bare,111,-1,69
bare,111,-1,70
bare,111,-1,71
bare,111,-1,72
bare,111,-1,73
bare,111,-1,74
bare,111,-1,75
bare,111,-1,76
bare,111,-1,77
bare,111,-1,78
bare,111,-1,79
bare,111,-1,80
bare,111,-1,81
bare,111,-1,82
bare,111,-1,83
bare,111,-1,84
bare,111,-1,85
bare,111,-1,86
bare,111,-1,87
bare,111,-1,88
bare,111,-1,89
bare,111,-1,90
bare,111,-1,91
bare,111,-1,92
bare,111,-1,93
bare,111,-1,94
bare,111,-1,95
bare,111,-1,96
bare,111,-1,97
bare,111,-1,98
bare,111,-1,99
bare,111,-1,100
bare,111,-1,101
bare,111,-1,102
bare,111,-1,103
bare,111,-1,104
bare,111,-1,105
bare,111,-1,106
bare,111,-1,107
bare,111,-1,108
bare,111,-1,109
bare,111,-1,110
bare,111,-1,111
bare,111,-1,112
bare,111,-1,113
bare,111,-1,114
bare,111,-1,115
bare,111,-1,116
bare,111,-1,117
bare,111,-1,118
bare,111,-1,119
bare,111,-1,120
bare,111,-1,121
bare,111,0,-1
bare,111,0,121
bare,111,1,-1
bare,111,1,121
bare,111,2,-1
bare,111,2,121
bare,111,3,-1
bare,111,3,121
bare,111,4,-1
tuff,111,4,121
bare,111,5,-1
tuff,111,5,121
bare,111,6,-1
tuff,111,6,121
bare,111,7,-1
bare,111,7,0
bare,111,7,1
gravel,111,7,2
gravel,111,7,3
gravel,111,7,4
bare,111,7,5
bare,111,7,6
bare,111,7,7
bare,111,7,8
bare,111,7,9
bare,111,7,10
bare,111,7,11
bare,111,7,12
bare,111,7,13
bare,111,7,14
bare,111,7,15
bare,111,7,16
bare,111,7,17
bare,111,7,18
bare,111,7,19
bare,111,7,20
bare,111,7,21
bare,111,7,22
bare,111,7,23
bare,111,7,24
bare,111,7,25
bare,111,7,26
bare,111,7,27
bare,111,7,28
bare,111,7,29
bare,111,7,30
bare,111,7,31
bare,111,7,32
bare,111,7,33
bare,111,7,34
bare,111,7,35
bare,111,7,36
bare,111,7,37
bare,111,7,38
bare,111,7,39
bare,111,7,40
bare,111,7,41
bare,111,7,42
bare,111,7,43
bare,111,7,44
bare,111,7,45
bare,111,7,46
bare,111,7,47
bare,111,7,48
bare,111,7,49
bare,111,7,50
bare,111,7,51
bare,111,7,52
bare,111,7,53
bare,111,7,54
bare,111,7,55
bare,111,7,56
bare,111,7,57
bare,111,7,58
bare,111,7,59
bare,111,7,60
bare,111,7,61
bare,111,7,62
bare,111,7,63
bare,111,7,64
bare,111,7,65
bare,111,7,66
bare,111,7,67
bare,111,7,68
redstone,111,7,69
redstone,111,7,70
bare,111,7,71
bare,111,7,72
bare,111,7,73
bare,111,7,74
bare,111,7,75
bare,111,7,76
bare,111,7,77
bare,111,7,78
bare,111,7,79
bare,111,7,80
bare,111,7,81
bare,111,7,82
bare,111,7,83
bare,111,7,84
bare,111,7,85
bare,111,7,86
bare,111,7,87
bare,111,7,88
bare,111,7,89
bare,111,7,90
bare,111,7,91
bare,111,7,92
bare,111,7,93
bare,111,7,94
bare,111,7,95
bare,111,7,96
bare,111,7,97
bare,111,7,98
bare,111,7,99
bare,111,7,100
bare,111,7,101
bare,111,7,102
bare,111,7,103
bare,111,7,104
bare,111,7,105
bare,111,7,106
bare,111,7,107
bare,111,7,108
bare,111,7,109
bare,111,7,110
bare,111,7,111
bare,111,7,112
tuff,111,7,113
tuff,111,7,114
tuff,111,7,115
tuff,111,7,116
tuff,111,7,117
tuff,111,7,118
tuff,111,7,119
tuff,111,7,120
tuff,111,7,121
bare,112,-1,-1
bare,112,-1,0
bare,112,-1,1
bare,112,-1,2
bare,112,-1,3
bare,112,-1,4
bare,112,-1,5
bare,112,-1,6
bare,112,-1,7
bare,112,-1,8
bare,112,-1,9
bare,112,-1,10
bare,112,-1,11
bare,112,-1,12
bare,112,-1,13
bare,112,-1,14
bare,112,-1,15
bare,112,-1,16
bare,112,-1,17
bare,112,-1,18
bare,112,-1,19
bare,112,-1,20
bare,112,-1,21
bare,112,-1,22
bare,112,-1,23
bare,112,-1,24
bare,112,-1,25
bare,112,-1,26
bare,112,-1,27
bare,112,-1,28
bare,112,-1,29
bare,112,-1,30
bare,112,-1,31
bare,112,-1,32
tuff,112,-1,33
tuff,112,-1,34
tuff,112,-1,35
tuff,112,-1,36
tuff,112,-1,37
tuff,112,-1,38
tuff,112,-1,39
tuff,112,-1,40
tuff,112,-1,41
tuff,112,-1,42
bare,112,-1,43
bare,112,-1,44
bare,112,-1,45
bare,112,-1,46
bare,112,-1,47
bare,112,-1,48
bare,112,-1,49
bare,112,-1,50
bare,112,-1,51
bare,112,-1,52
bare,112,-1,53
bare,112,-1,54
bare,112,-1,55
bare,112,-1,56
bare,112,-1,57
bare,112,-1,58
bare,112,-1,59
bare,112,-1,60
bare,112,-1,61
bare,112,-1,62
bare,112,-1,63
bare,112,-1,64
bare,112,-1,65
bare,112,-1,66
bare,112,-1,67
bare,112,-1,68
bare,112,-1,69
bare,112,-1,70
bare,112,-1,71
bare,112,-1,72
bare,112,-1,73
bare,112,-1,74
bare,112,-1,75
bare,112,-1,76
bare,112,-1,77
bare,112,-1,78
bare,112,-1,79
bare,112,-1,80
bare,112,-1,81
bare,112,-1,82
bare,112,-1,83
bare,112,-1,84
bare,112,-1,85
bare,112,-1,86
bare,112,-1,87
bare,112,-1,88
bare,112,-1,89
bare,112,-1,90
bare,112,-1,91
bare,112,-1,92
bare,112,-1,93
bare,112,-1,94
bare,112,-1,95
bare,112,-1,96
bare,112,-1,97
bare,112,-1,98
bare,112,-1,99
bare,112,-1,100
bare,112,-1,101
bare,112,-1,102
bare,112,-1,103
bare,112,-1,104
bare,112,-1,105
bare,112,-1,106
bare,112,-1,107
bare,112,-1,108
bare,112,-1,109
bare,112,-1,110
bare,112,-1,111
bare,112,-1,112
bare,112,-1,113
bare,112,-1,114
bare,112,-1,115
bare,112,-1,116
bare,112,-1,117
bare,112,-1,118
bare,112,-1,119
bare,112,-1,120
bare,112,-1,121
bare,112,0,-1
bare,112,0,121
bare,112,1,-1
bare,112,1,121
bare,112,2,-1
bare,112,2,121
bare,112,3,-1
bare,112,3,121
bare,112,4,-1
tuff,112,4,121
bare,112,5,-1
tuff,112,5,121
bare,112,6,-1
tuff,112,6,121
bare,112,7,-1
bare,112,7,0
bare,112,7,1
gravel,112,7,2
gravel,112,7,3
gravel,112,7,4
gravel,112,7,5
bare,112,7,6
bare,112,7,7
bare,112,7,8
bare,112,7,9
bare,112,7,10
bare,112,7,11
bare,112,7,12
bare,112,7,13
bare,112,7,14
bare,112,7,15
bare,112,7,16
bare,112,7,17
bare,112,7,18
bare,112,7,19
bare,112,7,20
bare,112,7,21
bare,112,7,22
bare,112,7,23
bare,112,7,24
bare,112,7,25
bare,112,7,26
bare,112,7,27
bare,112,7,28
bare,112,7,29
bare,112,7,30
bare,112,7,31
bare,112,7,32
bare,112,7,33
bare,112,7,34
bare,112,7,35
bare,112,7,36
bare,112,7,37
bare,112,7,38
bare,112,7,39
bare,112,7,40
bare,112,7,41
bare,112,7,42
bare,112,7,43
bare,112,7,44
bare,112,7,45
bare,112,7,46
bare,112,7,47
bare,112,7,48
bare,112,7,49
bare,112,7,50
bare,112,7,51
bare,112,7,52
bare,112,7,53
bare,112,7,54
bare,112,7,55
bare,112,7,56
bare,112,7,57
bare,112,7,58
bare,112,7,59
bare,112,7,60
bare,112,7,61
bare,112,7,62
bare,112,7,63
bare,112,7,64
bare,112,7,65
bare,112,7,66
bare,112,7,67
bare,112,7,68
bare,112,7,69
bare,112,7,70
bare,112,7,71
bare,112,7,72
bare,112,7,73
bare,112,7,74
bare,112,7,75
bare,112,7,76
bare,112,7,77
bare,112,7,78
bare,112,7,79
bare,112,7,80
bare,112,7,81
bare,112,7,82
bare,112,7,83
bare,112,7,84
bare,112,7,85
bare,112,7,86
bare,112,7,87
bare,112,7,88
bare,112,7,89
bare,112,7,90
bare,112,7,91
bare,112,7,92
bare,112,7,93
bare,112,7,94
bare,112,7,95
bare,112,7,96
bare,112,7,97
bare,112,7,98
bare,112,7,99
bare,112,7,100
bare,112,7,101
bare,112,7,102
bare,112,7,103
bare,112,7,104
bare,112,7,105
bare,112,7,106
bare,112,7,107
bare,112,7,108
bare,112,7,109
bare,112,7,110
bare,112,7,111
bare,112,7,112
bare,112,7,113
tuff,112,7,114
tuff,112,7,115
tuff,112,7,116
tuff,112,7,117
tuff,112,7,118
tuff,112,7,119
tuff,112,7,120
tuff,112,7,121
bare,113,-1,-1
bare,113,-1,0
bare,113,-1,1
bare,113,-1,2
bare,113,-1,3
bare,113,-1,4
bare,113,-1,5
bare,113,-1,6
bare,113,-1,7
bare,113,-1,8
bare,113,-1,9
bare,113,-1,10
bare,113,-1,11
bare,113,-1,12
bare,113,-1,13
bare,113,-1,14
bare,113,-1,15
bare,113,-1,16
bare,113,-1,17
bare,113,-1,18
bare,113,-1,19
bare,113,-1,20
bare,113,-1,21
bare,113,-1,22
bare,113,-1,23
bare,113,-1,24
bare,113,-1,25
bare,113,-1,26
bare,113,-1,27
bare,113,-1,28
bare,113,-1,29
bare,113,-1,30
tuff,113,-1,31
tuff,113,-1,32
tuff,113,-1,33
tuff,113,-1,34
tuff,113,-1,35
tuff,113,-1,36
tuff,113,-1,37
tuff,113,-1,38
tuff,113,-1,39
tuff,113,-1,40
tuff,113,-1,41
tuff,113,-1,42
tuff,113,-1,43
bare,113,-1,44
bare,113,-1,45
bare,113,-1,46
bare,113,-1,47
bare,113,-1,48
bare,113,-1,49
bare,113,-1,50
bare,113,-1,51
bare,113,-1,52
bare,113,-1,53
bare,113,-1,54
bare,113,-1,55
bare,113,-1,56
bare,113,-1,57
bare,113,-1,58
bare,113,-1,59
bare,113,-1,60
bare,113,-1,61
bare,113,-1,62
bare,113,-1,63
bare,113,-1,64
bare,113,-1,65
bare,113,-1,66
bare,113,-1,67
bare,113,-1,68
bare,113,-1,69
bare,113,-1,70
bare,113,-1,71
bare,113,-1,72
bare,113,-1,73
bare,113,-1,74
bare,113,-1,75
bare,113,-1,76
bare,113,-1,77
bare,113,-1,78
bare,113,-1,79
bare,113,-1,80
bare,113,-1,81
bare,113,-1,82
bare,113,-1,83
bare,113,-1,84
bare,113,-1,85
bare,113,-1,86
bare,113,-1,87
bare,113,-1,88
bare,113,-1,89
bare,113,-1,90
bare,113,-1,91
bare,113,-1,92
bare,113,-1,93
bare,113,-1,94
bare,113,-1,95
bare,113,-1,96
bare,113,-1,97
bare,113,-1,98
bare,113,-1,99
bare,113,-1,100
bare,113,-1,101
bare,113,-1,102
bare,113,-1,103
bare,113,-1,104
bare,113,-1,105
bare,113,-1,106
bare,113,-1,107
bare,113,-1,108
bare,113,-1,109
bare,113,-1,110
bare,113,-1,111
bare,113,-1,112
bare,113,-1,113
bare,113,-1,114
bare,113,-1,115
bare,113,-1,116
bare,113,-1,117
bare,113,-1,118
bare,113,-1,119
bare,113,-1,120
bare,113,-1,121
bare,113,0,-1
bare,113,0,121
bare,113,1,-1
bare,113,1,121
bare,113,2,-1
bare,113,2,121
bare,113,3,-1
bare,113,3,121
bare,113,4,-1
tuff,113,4,121
bare,113,5,-1
tuff,113,5,121
bare,113,6,-1
tuff,113,6,121
bare,113,7,-1
bare,113,7,0
bare,113,7,1
bare,113,7,2
gravel,113,7,3
gravel,113,7,4
bare,113,7,5
bare,113,7,6
bare,113,7,7
bare,113,7,8
bare,113,7,9
bare,113,7,10
bare,113,7,11
bare,113,7,12
bare,113,7,13
bare,113,7,14
bare,113,7,15
bare,113,7,16
bare,113,7,17
bare,113,7,18
bare,113,7,19
bare,113,7,20
bare,113,7,21
bare,113,7,22
bare,113,7,23
bare,113,7,24
bare,113,7,25
bare,113,7,26
bare,113,7,27
bare,113,7,28
bare,113,7,29
bare,113,7,30
bare,113,7,31
bare,113,7,32
bare,113,7,33
bare,113,7,34
bare,113,7,35
bare,113,7,36
bare,113,7,37
bare,113,7,38
bare,113,7,39
bare,113,7,40
bare,113,7,41
bare,113,7,42
bare,113,7,43
bare,113,7,44
bare,113,7,45
bare,113,7,46
bare,113,7,47
bare,113,7,48
bare,113,7,49
tuff,113,7,50
tuff,113,7,51
tuff,113,7,52
tuff,113,7,53
tuff,113,7,54
tuff,113,7,55
tuff,113,7,56
tuff,113,7,57
bare,113,7,58
bare,113,7,59
bare,113,7,60
bare,113,7,61
bare,113,7,62
bare,113,7,63
bare,113,7,64
bare,113,7,65
bare,113,7,66
bare,113,7,67
bare,113,7,68
bare,113,7,69
bare,113,7,70
bare,113,7,71
bare,113,7,72
bare,113,7,73
bare,113,7,74
bare,113,7,75
bare,113,7,76
bare,113,7,77
bare,113,7,78
bare,113,7,79
bare,113,7,80
bare,113,7,81
bare,113,7,82
bare,113,7,83
bare,113,7,84
bare,113,7,85
bare,113,7,86
bare,113,7,87
bare,113,7,88
bare,113,7,89
bare,113,7,90
bare,113,7,91
bare,113,7,92
bare,113,7,93
bare,113,7,94
bare,113,7,95
bare,113,7,96
bare,113,7,97
bare,113,7,98
bare,113,7,99
bare,113,7,100
bare,113,7,101
bare,113,7,102
bare,113,7,103
bare,113,7,104
bare,113,7,105
bare,113,7,106
bare,113,7,107
bare,113,7,108
bare,113,7,109
bare,113,7,110
bare,113,7,111
bare,113,7,112
bare,113,7,113
tuff,113,7,114
tuff,113,7,115
tuff,113,7,116
tuff,113,7,117
tuff,113,7,118
tuff,113,7,119
tuff,113,7,120
tuff,113,7,121
bare,114,-1,-1
bare,114,-1,0
bare,114,-1,1
bare,114,-1,2
bare,114,-1,3
bare,114,-1,4
bare,114,-1,5
bare,114,-1,6
bare,114,-1,7
bare,114,-1,8
bare,114,-1,9
bare,114,-1,10
bare,114,-1,11
bare,114,-1,12
bare,114,-1,13
bare,114,-1,14
bare,114,-1,15
bare,114,-1,16
bare,114,-1,17
bare,114,-1,18
bare,114,-1,19
bare,114,-1,20
bare,114,-1,21
bare,114,-1,22
bare,114,-1,23
bare,114,-1,24
bare,114,-1,25
bare,114,-1,26
bare,114,-1,27
bare,114,-1,28
bare,114,-1,29
bare,114,-1,30
tuff,114,-1,31
tuff,114,-1,32
tuff,114,-1,33
tuff,114,-1,34
tuff,114,-1,35
tuff,114,-1,36
tuff,114,-1,37
tuff,114,-1,38
tuff,114,-1,39
tuff,114,-1,40
tuff,114,-1,41
tuff,114,-1,42
tuff,114,-1,43
bare,114,-1,44
bare,114,-1,45
bare,114,-1,46
bare,114,-1,47
bare,114,-1,48
bare,114,-1,49
bare,114,-1,50
bare,114,-1,51
bare,114,-1,52
bare,114,-1,53
bare,114,-1,54
bare,114,-1,55
bare,114,-1,56
bare,114,-1,57
bare,114,-1,58
bare,114,-1,59
bare,114,-1,60
bare,114,-1,61
bare,114,-1,62
bare,114,-1,63
bare,114,-1,64
bare,114,-1,65
bare,114,-1,66
bare,114,-1,67
bare,114,-1,68
bare,114,-1,69
bare,114,-1,70
bare,114,-1,71
bare,114,-1,72
bare,114,-1,73
bare,114,-1,74
bare,114,-1,75
bare,114,-1,76
bare,114,-1,77
bare,114,-1,78
bare,114,-1,79
bare,114,-1,80
bare,114,-1,81
bare,114,-1,82
bare,114,-1,83
bare,114,-1,84
bare,114,-1,85
bare,114,-1,86
bare,114,-1,87
bare,114,-1,88
bare,114,-1,89
bare,114,-1,90
bare,114,-1,91
bare,114,-1,92
bare,114,-1,93
bare,114,-1,94
bare,114,-1,95
bare,114,-1,96
bare,114,-1,97
bare,114,-1,98
bare,114,-1,99
bare,114,-1,100
bare,114,-1,101
bare,114,-1,102
bare,114,-1,103
bare,114,-1,104
gravel,114,-1,105
gravel,114,-1,106
gravel,114,-1,107
bare,114,-1,108
bare,114,-1,109
bare,114,-1,110
bare,114,-1,111
bare,114,-1,112
bare,114,-1,113
bare,114,-1,114
bare,114,-1,115
bare,114,-1,116
bare,114,-1,117
bare,114,-1,118
bare,114,-1,119
bare,114,-1,120
bare,114,-1,121
bare,114,0,-1
bare,114,0,121
bare,114,1,-1
bare,114,1,121
bare,114,2,-1
bare,114,2,121
bare,114,3,-1
bare,114,3,121
bare,114,4,-1
tuff,114,4,121
bare,114,5,-1
tuff,114,5,121
bare,114,6,-1
tuff,114,6,121
bare,114,7,-1
bare,114,7,0
bare,114,7,1
bare,114,7,2
bare,114,7,3
bare,114,7,4
bare,114,7,5
bare,114,7,6
bare,114,7,7
bare,114,7,8
bare,114,7,9
bare,114,7,10
bare,114,7,11
bare,114,7,12
bare,114,7,13
bare,114,7,14
bare,114,7,15
bare,114,7,16
bare,114,7,17
bare,114,7,18
bare,114,7,19
bare,114,7,20
bare,114,7,21
bare,114,7,22
bare,114,7,23
bare,114,7,24
bare,114,7,25
bare,114,7,26
bare,114,7,27
bare,114,7,28
bare,114,7,29
bare,114,7,30
bare,114,7,31
bare,114,7,32
bare,114,7,33
bare,114,7,34
bare,114,7,35
bare,114,7,36
bare,114,7,37
bare,114,7,38
bare,114,7,39
bare,114,7,40
bare,114,7,41
bare,114,7,42
bare,114,7,43
bare,114,7,44
tuff,114,7,45
tuff,114,7,46
tuff,114,7,47
tuff,114,7,48
tuff,114,7,49
tuff,114,7,50
tuff,114,7,51
tuff,114,7,52
tuff,114,7,53
tuff,114,7,54
tuff,114,7,55
tuff,114,7,56
tuff,114,7,57
tuff,114,7,58
tuff,114,7,59
bare,114,7,60
bare,114,7,61
bare,114,7,62
bare,114,7,63
bare,114,7,64
bare,114,7,65
bare,114,7,66
bare,114,7,67
bare,114,7,68
bare,114,7,69
bare,114,7,70
bare,114,7,71
bare,114,7,72
bare,114,7,73
bare,114,7,74
bare,114,7,75
bare,114,7,76
bare,114,7,77
bare,114,7,78
bare,114,7,79
bare,114,7,80
bare,114,7,81
bare,114,7,82
bare,114,7,83
bare,114,7,84
bare,114,7,85
bare,114,7,86
bare,114,7,87
bare,114,7,88
bare,114,7,89
bare,114,7,90
bare,114,7,91
bare,114,7,92
bare,114,7,93
bare,114,7,94
bare,114,7,95
bare,114,7,96
bare,114,7,97
bare,114,7,98
bare,114,7,99
bare,114,7,100
bare,114,7,101
bare,114,7,102
bare,114,7,103
bare,114,7,104
bare,114,7,105
bare,114,7,106
bare,114,7,107
bare,114,7,108
bare,114,7,109
bare,114,7,110
bare,114,7,111
bare,114,7,112
bare,114,7,113
bare,114,7,114
bare,114,7,115
tuff,114,7,116
tuff,114,7,117
tuff,114,7,118
tuff,114,7,119
tuff,114,7,120
tuff,114,7,121
bare,115,-1,-1
bare,115,-1,0
bare,115,-1,1
bare,115,-1,2
bare,115,-1,3
bare,115,-1,4
bare,115,-1,5
bare,115,-1,6
bare,115,-1,7
bare,115,-1,8
bare,115,-1,9
bare,115,-1,10
bare,115,-1,11
bare,115,-1,12
bare,115,-1,13
bare,115,-1,14
bare,115,-1,15
bare,115,-1,16
bare,115,-1,17
bare,115,-1,18
bare,115,-1,19
bare,115,-1,20
bare,115,-1,21
bare,115,-1,22
bare,115,-1,23
bare,115,-1,24
bare,115,-1,25
bare,115,-1,26
bare,115,-1,27
bare,115,-1,28
bare,115,-1,29
tuff,115,-1,30
tuff,115,-1,31
tuff,115,-1,32
tuff,115,-1,33
tuff,115,-1,34
tuff,115,-1,35
tuff,115,-1,36
tuff,115,-1,37
tuff,115,-1,38
tuff,115,-1,39
tuff,115,-1,40
tuff,115,-1,41
tuff,115,-1,42
tuff,115,-1,43
tuff,115,-1,44
bare,115,-1,45
bare,115,-1,46
bare,115,-1,47
bare,115,-1,48
bare,115,-1,49
bare,115,-1,50
bare,115,-1,51
bare,115,-1,52
bare,115,-1,53
bare,115,-1,54
bare,115,-1,55
bare,115,-1,56
bare,115,-1,57
bare,115,-1,58
bare,115,-1,59
bare,115,-1,60
bare,115,-1,61
bare,115,-1,62
bare,115,-1,63
bare,115,-1,64
bare,115,-1,65
bare,115,-1,66
bare,115,-1,67
bare,115,-1,68
bare,115,-1,69
bare,115,-1,70
bare,115,-1,71
bare,115,-1,72
bare,115,-1,73
bare,115,-1,74
bare,115,-1,75
bare,115,-1,76
bare,115,-1,77
bare,115,-1,78
bare,115,-1,79
bare,115,-1,80
bare,115,-1,81
bare,115,-1,82
bare,115,-1,83
bare,115,-1,84
bare,115,-1,85
bare,115,-1,86
bare,115,-1,87
bare,115,-1,88
bare,115,-1,89
bare,115,-1,90
bare,115,-1,91
bare,115,-1,92
bare,115,-1,93
bare,115,-1,94
bare,115,-1,95
bare,115,-1,96
bare,115,-1,97
bare,115,-1,98
bare,115,-1,99
bare,115,-1,100
bare,115,-1,101
bare,115,-1,102
bare,115,-1,103
gravel,115,-1,104
gravel,115,-1,105
gravel,115,-1,106
gravel,115,-1,107
gravel,115,-1,108
bare,115,-1,109
bare,115,-1,110
bare,115,-1,111
bare,115,-1,112
bare,115,-1,113
bare,115,-1,114
bare,115,-1,115
bare,115,-1,116
bare,115,-1,117
bare,115,-1,118
bare,115,-1,119
bare,115,-1,120
bare,115,-1,121
bare,115,0,-1
bare,115,0,121
bare,115,1,-1
bare,115,1,121
bare,115,2,-1
bare,115,2,121
bare,115,3,-1
bare,115,3,121
bare,115,4,-1
tuff,115,4,121
bare,115,5,-1
tuff,115,5,121
bare,115,6,-1
tuff,115,6,121
bare,115,7,-1
bare,115,7,0
bare,115,7,1
bare,115,7,2
bare,115,7,3
bare,115,7,4
bare,115,7,5
bare,115,7,6
bare,115,7,7
bare,115,7,8
bare,115,7,9
bare,115,7,10
bare,115,7,11
bare,115,7,12
bare,115,7,13
bare,115,7,14
bare,115,7,15
bare,115,7,16
bare,115,7,17
bare,115,7,18
bare,115,7,19
bare,115,7,20
bare,115,7,21
bare,115,7,22
bare,115,7,23
bare,115,7,24
bare,115,7,25
bare,115,7,26
bare,115,7,27
bare,115,7,28
bare,115,7,29
bare,115,7,30
bare,115,7,31
bare,115,7,32
bare,115,7,33
bare,115,7,34
bare,115,7,35
bare,115,7,36
bare,115,7,37
bare,115,7,38
bare,115,7,39
bare,115,7,40
bare,115,7,41
bare,115,7,42
bare,115,7,43
tuff,115,7,44
tuff,115,7,45
tuff,115,7,46
tuff,115,7,47
tuff,115,7,48
tuff,115,7,49
tuff,115,7,50
tuff,115,7,51
tuff,115,7,52
tuff,115,7,53
tuff,115,7,54
tuff,115,7,55
tuff,115,7,56
tuff,115,7,57
tuff,115,7,58
tuff,115,7,59
tuff,115,7,60
tuff,115,7,61
bare,115,7,62
bare,115,7,63
bare,115,7,64
bare,115,7,65
bare,115,7,66
bare,115,7,67
bare,115,7,68
bare,115,7,69
bare,115,7,70
bare,115,7,71
bare,115,7,72
bare,115,7,73
bare,115,7,74
bare,115,7,75
bare,115,7,76
bare,115,7,77
bare,115,7,78
bare,115,7,79
bare,115,7,80
bare,115,7,81
bare,115,7,82
bare,115,7,83
bare,115,7,84
bare,115,7,85
bare,115,7,86
bare,115,7,87
bare,115,7,88
bare,115,7,89
bare,115,7,90
bare,115,7,91
bare,115,7,92
bare,115,7,93
bare,115,7,94
bare,115,7,95
bare,115,7,96
bare,115,7,97
bare,115,7,98
bare,115,7,99
bare,115,7,100
bare,115,7,101
bare,115,7,102
bare,115,7,103
bare,115,7,104
bare,115,7,105
bare,115,7,106
bare,115,7,107
bare,115,7,108
bare,115,7,109
bare,115,7,110
bare,115,7,111
bare,115,7,112
bare,115,7,113
bare,115,7,114
bare,115,7,115
bare,115,7,116
tuff,115,7,117
tuff,115,7,118
tuff,115,7,119
tuff,115,7,120
tuff,115,7,121
bare,116,-1,-1
bare,116,-1,0
bare,116,-1,1
bare,116,-1,2
bare,116,-1,3
bare,116,-1,4
bare,116,-1,5
bare,116,-1,6
bare,116,-1,7
bare,116,-1,8
bare,116,-1,9
bare,116,-1,10
bare,116,-1,11
bare,116,-1,12
bare,116,-1,13
bare,116,-1,14
bare,116,-1,15
bare,116,-1,16
bare,116,-1,17
bare,116,-1,18
bare,116,-1,19
bare,116,-1,20
bare,116,-1,21
bare,116,-1,22
bare,116,-1,23
bare,116,-1,24
bare,116,-1,25
bare,116,-1,26
bare,116,-1,27
bare,116,-1,28
bare,116,-1,29
tuff,116,-1,30
tuff,116,-1,31
tuff,116,-1,32
tuff,116,-1,33
tuff,116,-1,34
tuff,116,-1,35
tuff,116,-1,36
tuff,116,-1,37
tuff,116,-1,38
tuff,116,-1,39
tuff,116,-1,40
tuff,116,-1,41
tuff,116,-1,42
tuff,116,-1,43
tuff,116,-1,44
tuff,116,-1,45
bare,116,-1,46
bare,116,-1,47
bare,116,-1,48
bare,116,-1,49
bare,116,-1,50
bare,116,-1,51
bare,116,-1,52
bare,116,-1,53
bare,116,-1,54
bare,116,-1,55
bare,116,-1,56
bare,116,-1,57
bare,116,-1,58
bare,116,-1,59
bare,116,-1,60
bare,116,-1,61
bare,116,-1,62
bare,116,-1,63
bare,116,-1,64
bare,116,-1,65
bare,116,-1,66
bare,116,-1,67
bare,116,-1,68
bare,116,-1,69
bare,116,-1,70
bare,116,-1,71
bare,116,-1,72
bare,116,-1,73
bare,116,-1,74
bare,116,-1,75
bare,116,-1,76
bare,116,-1,77
bare,116,-1,78
bare,116,-1,79
bare,116,-1,80
bare,116,-1,81
bare,116,-1,82
bare,116,-1,83
bare,116,-1,84
bare,116,-1,85
bare,116,-1,86
bare,116,-1,87
bare,116,-1,88
bare,116,-1,89
bare,116,-1,90
bare,116,-1,91
bare,116,-1,92
bare,116,-1,93
bare,116,-1,94
bare,116,-1,95
bare,116,-1,96
bare,116,-1,97
bare,116,-1,98
bare,116,-1,99
bare,116,-1,100
bare,116,-1,101
bare,116,-1,102
gravel,116,-1,103
gravel,116,-1,104
gravel,116,-1,105
gravel,116,-1,106
gravel,116,-1,107
bare,116,-1,108
bare,116,-1,109
bare,116,-1,110
bare,116,-1,111
bare,116,-1,112
bare,116,-1,113
bare,116,-1,114
bare,116,-1,115
bare,116,-1,116
bare,116,-1,117
bare,116,-1,118
bare,116,-1,119
bare,116,-1,120
bare,116,-1,121
bare,116,0,-1
bare,116,0,121
bare,116,1,-1
bare,116,1,121
bare,116,2,-1
bare,116,2,121
bare,116,3,-1
bare,116,3,121
bare,116,4,-1
bare,116,4,121
bare,116,5,-1
tuff,116,5,121
bare,116,6,-1
tuff,116,6,121
bare,116,7,-1
bare,116,7,0
bare,116,7,1
bare,116,7,2
bare,116,7,3
bare,116,7,4
bare,116,7,5
bare,116,7,6
bare,116,7,7
bare,116,7,8
bare,116,7,9
bare,116,7,10
bare,116,7,11
bare,116,7,12
bare,116,7,13
bare,116,7,14
bare,116,7,15
bare,116,7,16
bare,116,7,17
bare,116,7,18
bare,116,7,19
bare,116,7,20
bare,116,7,21
bare,116,7,22
bare,116,7,23
bare,116,7,24
bare,116,7,25
bare,116,7,26
bare,116,7,27
bare,116,7,28
bare,116,7,29
bare,116,7,30
bare,116,7,31
bare,116,7,32
bare,116,7,33
bare,116,7,34
bare,116,7,35
bare,116,7,36
bare,116,7,37
bare,116,7,38
bare,116,7,39
bare,116,7,40
bare,116,7,41
bare,116,7,42
bare,116,7,43
tuff,116,7,44
tuff,116,7,45
tuff,116,7,46
tuff,116,7,47
tuff,116,7,48
tuff,116,7,49
tuff,116,7,50
tuff,116,7,51
tuff,116,7,52
tuff,116,7,53
tuff,116,7,54
tuff,116,7,55
tuff,116,7,56
tuff,116,7,57
tuff,116,7,58
tuff,116,7,59
tuff,116,7,60
tuff,116,7,61
tuff,116,7,62
bare,116,7,63
bare,116,7,64
bare,116,7,65
bare,116,7,66
bare,116,7,67
bare,116,7,68
bare,116,7,69
bare,116,7,70
bare,116,7,71
bare,116,7,72
bare,116,7,73
bare,116,7,74
bare,116,7,75
bare,116,7,76
bare,116,7,77
bare,116,7,78
bare,116,7,79
bare,116,7,80
bare,116,7,81
bare,116,7,82
bare,116,7,83
bare,116,7,84
bare,116,7,85
bare,116,7,86
bare,116,7,87
bare,116,7,88
bare,116,7,89
bare,116,7,90
bare,116,7,91
bare,116,7,92
bare,116,7,93
bare,116,7,94
bare,116,7,95
bare,116,7,96
bare,116,7,97
bare,116,7,98
bare,116,7,99
bare,116,7,100
bare,116,7,101
bare,116,7,102
bare,116,7,103
bare,116,7,104
bare,116,7,105
bare,116,7,106
bare,116,7,107
bare,116,7,108
bare,116,7,109
bare,116,7,110
bare,116,7,111
bare,116,7,112
bare,116,7,113
bare,116,7,114
bare,116,7,115
bare,116,7,116
bare,116,7,117
tuff,116,7,118
tuff,116,7,119
tuff,116,7,120
tuff,116,7,121
bare,117,-1,-1
bare,117,-1,0
bare,117,-1,1
bare,117,-1,2
bare,117,-1,3
bare,117,-1,4
bare,117,-1,5
bare,117,-1,6
bare,117,-1,7
bare,117,-1,8
bare,117,-1,9
bare,117,-1,10
bare,117,-1,11
bare,117,-1,12
bare,117,-1,13
bare,117,-1,14
bare,117,-1,15
bare,117,-1,16
bare,117,-1,17
bare,117,-1,18
bare,117,-1,19
bare,117,-1,20
bare,117,-1,21
bare,117,-1,22
bare,117,-1,23
bare,117,-1,24
bare,117,-1,25
bare,117,-1,26
bare,117,-1,27
bare,117,-1,28
bare,117,-1,29
tuff,117,-1,30
tuff,117,-1,31
tuff,117,-1,32
tuff,117,-1,33
tuff,117,-1,34
tuff,117,-1,35
tuff,117,-1,36
bare,117,-1,37
tuff,117,-1,38
tuff,117,-1,39
tuff,117,-1,40
tuff,117,-1,41
tuff,117,-1,42
tuff,117,-1,43
tuff,117,-1,44
tuff,117,-1,45
bare,117,-1,46
bare,117,-1,47
bare,117,-1,48
bare,117,-1,49
bare,117,-1,50
bare,117,-1,51
bare,117,-1,52
bare,117,-1,53
bare,117,-1,54
bare,117,-1,55
bare,117,-1,56
bare,117,-1,57
bare,117,-1,58
bare,117,-1,59
bare,117,-1,60
bare,117,-1,61
bare,117,-1,62
bare,117,-1,63
bare,117,-1,64
bare,117,-1,65
bare,117,-1,66
bare,117,-1,67
bare,117,-1,68
bare,117,-1,69
bare,117,-1,70
bare,117,-1,71
bare,117,-1,72
bare,117,-1,73
bare,117,-1,74
bare,117,-1,75
bare,117,-1,76
bare,117,-1,77
bare,117,-1,78
bare,117,-1,79
bare,117,-1,80
bare,117,-1,81
bare,117,-1,82
bare,117,-1,83
bare,117,-1,84
bare,117,-1,85
bare,117,-1,86
bare,117,-1,87
bare,117,-1,88
bare,117,-1,89
bare,117,-1,90
bare,117,-1,91
bare,117,-1,92
bare,117,-1,93
bare,117,-1,94
bare,117,-1,95
bare,117,-1,96
bare,117,-1,97
bare,117,-1,98
bare,117,-1,99
bare,117,-1,100
bare,117,-1,101
bare,117,-1,102
gravel,117,-1,103
gravel,117,-1,104
gravel,117,-1,105
gravel,117,-1,106
gravel,117,-1,107
bare,117,-1,108
bare,117,-1,109
bare,117,-1,110
bare,117,-1,111
bare,117,-1,112
bare,117,-1,113
bare,117,-1,114
bare,117,-1,115
bare,117,-1,116
bare,117,-1,117
bare,117,-1,118
bare,117,-1,119
bare,117,-1,120
bare,117,-1,121
bare,117,0,-1
bare,117,0,121
bare,117,1,-1
bare,117,1,121
bare,117,2,-1
bare,117,2,121
bare,117,3,-1
bare,117,3,121
bare,117,4,-1
bare,117,4,121
bare,117,5,-1
bare,117,5,121
bare,117,6,-1
tuff,117,6,121
bare,117,7,-1
bare,117,7,0
bare,117,7,1
bare,117,7,2
bare,117,7,3
bare,117,7,4
bare,117,7,5
bare,117,7,6
bare,117,7,7
bare,117,7,8
bare,117,7,9
bare,117,7,10
bare,117,7,11
bare,117,7,12
bare,117,7,13
bare,117,7,14
bare,117,7,15
bare,117,7,16
bare,117,7,17
bare,117,7,18
bare,117,7,19
bare,117,7,20
bare,117,7,21
bare,117,7,22
bare,117,7,23
bare,117,7,24
bare,117,7,25
bare,117,7,26
bare,117,7,27
bare,117,7,28
bare,117,7,29
bare,117,7,30
bare,117,7,31
bare,117,7,32
bare,117,7,33
bare,117,7,34
bare,117,7,35
bare,117,7,36
bare,117,7,37
bare,117,7,38
bare,117,7,39
bare,117,7,40
bare,117,7,41
bare,117,7,42
bare,117,7,43
tuff,117,7,44
tuff,117,7,45
tuff,117,7,46
tuff,117,7,47
tuff,117,7,48
tuff,117,7,49
tuff,117,7,50
tuff,117,7,51
tuff,117,7,52
tuff,117,7,53
tuff,117,7,54
tuff,117,7,55
tuff,117,7,56
tuff,117,7,57
tuff,117,7,58
tuff,117,7,59
tuff,117,7,60
tuff,117,7,61
tuff,117,7,62
bare,117,7,63
bare,117,7,64
bare,117,7,65
bare,117,7,66
bare,117,7,67
bare,117,7,68
bare,117,7,69
bare,117,7,70
bare,117,7,71
bare,117,7,72
bare,117,7,73
bare,117,7,74
bare,117,7,75
bare,117,7,76
bare,117,7,77
bare,117,7,78
bare,117,7,79
bare,117,7,80
bare,117,7,81
bare,117,7,82
bare,117,7,83
bare,117,7,84
bare,117,7,85
bare,117,7,86
bare,117,7,87
bare,117,7,88
bare,117,7,89
bare,117,7,90
bare,117,7,91
bare,117,7,92
bare,117,7,93
bare,117,7,94
bare,117,7,95
bare,117,7,96
bare,117,7,97
bare,117,7,98
bare,117,7,99
bare,117,7,100
bare,117,7,101
bare,117,7,102
bare,117,7,103
bare,117,7,104
bare,117,7,105
bare,117,7,106
bare,117,7,107
bare,117,7,108
bare,117,7,109
bare,117,7,110
bare,117,7,111
bare,117,7,112
bare,117,7,113
bare,117,7,114
bare,117,7,115
bare,117,7,116
bare,117,7,117
bare,117,7,118
bare,117,7,119
tuff,117,7,120
tuff,117,7,121
bare,118,-1,-1
bare,118,-1,0
bare,118,-1,1
bare,118,-1,2
bare,118,-1,3
bare,118,-1,4
bare,118,-1,5
bare,118,-1,6
bare,118,-1,7
bare,118,-1,8
bare,118,-1,9
bare,118,-1,10
bare,118,-1,11
bare,118,-1,12
bare,118,-1,13
bare,118,-1,14
bare,118,-1,15
bare,118,-1,16
bare,118,-1,17
bare,118,-1,18
bare,118,-1,19
bare,118,-1,20
bare,118,-1,21
bare,118,-1,22
bare,118,-1,23
bare,118,-1,24
bare,118,-1,25
bare,118,-1,26
bare,118,-1,27
bare,118,-1,28
bare,118,-1,29
tuff,118,-1,30
tuff,118,-1,31
tuff,118,-1,32
tuff,118,-1,33
tuff,118,-1,34
tuff,118,-1,35
bare,118,-1,36
bare,118,-1,37
bare,118,-1,38
tuff,118,-1,39
tuff,118,-1,40
tuff,118,-1,41
tuff,118,-1,42
tuff,118,-1,43
tuff,118,-1,44
tuff,118,-1,45
bare,118,-1,46
bare,118,-1,47
bare,118,-1,48
bare,118,-1,49
bare,118,-1,50
bare,118,-1,51
bare,118,-1,52
bare,118,-1,53
bare,118,-1,54
bare,118,-1,55
bare,118,-1,56
bare,118,-1,57
bare,118,-1,58
bare,118,-1,59
bare,118,-1,60
bare,118,-1,61
bare,118,-1,62
bare,118,-1,63
bare,118,-1,64
bare,118,-1,65
bare,118,-1,66
bare,118,-1,67
bare,118,-1,68
bare,118,-1,69
bare,118,-1,70
bare,118,-1,71
bare,118,-1,72
bare,118,-1,73
bare,118,-1,74
bare,118,-1,75
bare,118,-1,76
bare,118,-1,77
bare,118,-1,78
bare,118,-1,79
bare,118,-1,80
bare,118,-1,81
bare,118,-1,82
bare,118,-1,83
bare,118,-1,84
tuff,118,-1,85
tuff,118,-1,86
tuff,118,-1,87
tuff,118,-1,88
bare,118,-1,89
bare,118,-1,90
bare,118,-1,91
bare,118,-1,92
bare,118,-1,93
bare,118,-1,94
bare,118,-1,95
bare,118,-1,96
bare,118,-1,97
bare,118,-1,98
bare,118,-1,99
bare,118,-1,100
bare,118,-1,101
gravel,118,-1,102
gravel,118,-1,103
gravel,118,-1,104
gravel,118,-1,105
gravel,118,-1,106
bare,118,-1,107
bare,118,-1,108
bare,118,-1,109
bare,118,-1,110
bare,118,-1,111
bare,118,-1,112
bare,118,-1,113
bare,118,-1,114
bare,118,-1,115
bare,118,-1,116
bare,118,-1,117
bare,118,-1,118
bare,118,-1,119
bare,118,-1,120
bare,118,-1,121
bare,118,0,-1
bare,118,0,121
bare,118,1,-1
bare,118,1,121
bare,118,2,-1
bare,118,2,121
bare,118,3,-1
bare,118,3,121
bare,118,4,-1
bare,118,4,121
bare,118,5,-1
bare,118,5,121
bare,118,6,-1
bare,118,6,121
bare,118,7,-1
bare,118,7,0
bare,118,7,1
bare,118,7,2
bare,118,7,3
bare,118,7,4
bare,118,7,5
bare,118,7,6
bare,118,7,7
bare,118,7,8
bare,118,7,9
bare,118,7,10
bare,118,7,11
bare,118,7,12
bare,118,7,13
bare,118,7,14
bare,118,7,15
bare,118,7,16
bare,118,7,17
bare,118,7,18
bare,118,7,19
bare,118,7,20
bare,118,7,21
bare,118,7,22
bare,118,7,23
bare,118,7,24
bare,118,7,25
bare,118,7,26
bare,118,7,27
bare,118,7,28
bare,118,7,29
bare,118,7,30
bare,118,7,31
bare,118,7,32
bare,118,7,33
bare,118,7,34
bare,118,7,35
bare,118,7,36
bare,118,7,37
bare,118,7,38
bare,118,7,39
bare,118,7,40
bare,118,7,41
bare,118,7,42
bare,118,7,43
bare,118,7,44
tuff,118,7,45
tuff,118,7,46
tuff,118,7,47
tuff,118,7,48
tuff,118,7,49
tuff,118,7,50
tuff,118,7,51
tuff,118,7,52
tuff,118,7,53
tuff,118,7,54
tuff,118,7,55
tuff,118,7,56
tuff,118,7,57
tuff,118,7,58
tuff,118,7,59
tuff,118,7,60
tuff,118,7,61
tuff,118,7,62
bare,118,7,63
bare,118,7,64
bare,118,7,65
bare,118,7,66
bare,118,7,67
bare,118,7,68
bare,118,7,69
bare,118,7,70
bare,118,7,71
bare,118,7,72
bare,118,7,73
bare,118,7,74
bare,118,7,75
bare,118,7,76
bare,118,7,77
bare,118,7,78
bare,118,7,79
bare,118,7,80
bare,118,7,81
bare,118,7,82
bare,118,7,83
bare,118,7,84
bare,118,7,85
bare,118,7,86
bare,118,7,87
bare,118,7,88
bare,118,7,89
bare,118,7,90
bare,118,7,91
bare,118,7,92
bare,118,7,93
bare,118,7,94
bare,118,7,95
bare,118,7,96
lapis,118,7,97
lapis,118,7,98
bare,118,7,99
bare,118,7,100
bare,118,7,101
bare,118,7,102
bare,118,7,103
bare,118,7,104
bare,118,7,105
bare,118,7,106
bare,118,7,107
bare,118,7,108
bare,118,7,109
bare,118,7,110
bare,118,7,111
bare,118,7,112
bare,118,7,113
bare,118,7,114
bare,118,7,115
bare,118,7,116
bare,118,7,117
bare,118,7,118
bare,118,7,119
bare,118,7,120
bare,118,7,121
bare,119,-1,-1
bare,119,-1,0
bare,119,-1,1
bare,119,-1,2
bare,119,-1,3
bare,119,-1,4
bare,119,-1,5
bare,119,-1,6
bare,119,-1,7
bare,119,-1,8
bare,119,-1,9
bare,119,-1,10
bare,119,-1,11
bare,119,-1,12
bare,119,-1,13
bare,119,-1,14
bare,119,-1,15
bare,119,-1,16
bare,119,-1,17
bare,119,-1,18
bare,119,-1,19
bare,119,-1,20
bare,119,-1,21
bare,119,-1,22
bare,119,-1,23
bare,119,-1,24
bare,119,-1,25
bare,119,-1,26
bare,119,-1,27
bare,119,-1,28
bare,119,-1,29
tuff,119,-1,30
tuff,119,-1,31
tuff,119,-1,32
tuff,119,-1,33
tuff,119,-1,34
tuff,119,-1,35
bare,119,-1,36
bare,119,-1,37
bare,119,-1,38
bare,119,-1,39
tuff,119,-1,40
tuff,119,-1,41
tuff,119,-1,42
tuff,119,-1,43
tuff,119,-1,44
tuff,119,-1,45
bare,119,-1,46
bare,119,-1,47
bare,119,-1,48
bare,119,-1,49
bare,119,-1,50
bare,119,-1,51
bare,119,-1,52
bare,119,-1,53
bare,119,-1,54
bare,119,-1,55
bare,119,-1,56
bare,119,-1,57
bare,119,-1,58
bare,119,-1,59
bare,119,-1,60
bare,119,-1,61
bare,119,-1,62
bare,119,-1,63
bare,119,-1,64
bare,119,-1,65
bare,119,-1,66
bare,119,-1,67
bare,119,-1,68
bare,119,-1,69
bare,119,-1,70
bare,119,-1,71
bare,119,-1,72
bare,119,-1,73
bare,119,-1,74
bare,119,-1,75
bare,119,-1,76
bare,119,-1,77
bare,119,-1,78
tuff,119,-1,79
tuff,119,-1,80
tuff,119,-1,81
tuff,119,-1,82
bare,119,-1,83
tuff,119,-1,84
tuff,119,-1,85
tuff,119,-1,86
tuff,119,-1,87
tuff,119,-1,88
tuff,119,-1,89
bare,119,-1,90
bare,119,-1,91
bare,119,-1,92
bare,119,-1,93
bare,119,-1,94
bare,119,-1,95
bare,119,-1,96
bare,119,-1,97
bare,119,-1,98
bare,119,-1,99
bare,119,-1,100
bare,119,-1,101
gravel,119,-1,102
gravel,119,-1,103
gravel,119,-1,104
gravel,119,-1,105
gravel,119,-1,106
bare,119,-1,107
bare,119,-1,108
bare,119,-1,109
bare,119,-1,110
bare,119,-1,111
bare,119,-1,112
bare,119,-1,113
bare,119,-1,114
bare,119,-1,115
bare,119,-1,116
bare,119,-1,117
bare,119,-1,118
bare,119,-1,119
bare,119,-1,120
bare,119,-1,121
bare,119,0,-1
bare,119,0,121
bare,119,1,-1
bare,119,1,121
bare,119,2,-1
bare,119,2,121
bare,119,3,-1
bare,119,3,121
bare,119,4,-1
bare,119,4,121
bare,119,5,-1
bare,119,5,121
bare,119,6,-1
bare,119,6,121
bare,119,7,-1
bare,119,7,0
bare,119,7,1
bare,119,7,2
bare,119,7,3
bare,119,7,4
bare,119,7,5
bare,119,7,6
bare,119,7,7
bare,119,7,8
bare,119,7,9
bare,119,7,10
bare,119,7,11
bare,119,7,12
bare,119,7,13
bare,119,7,14
bare,119,7,15
bare,119,7,16
bare,119,7,17
bare,119,7,18
bare,119,7,19
bare,119,7,20
bare,119,7,21
bare,119,7,22
bare,119,7,23
bare,119,7,24
bare,119,7,25
bare,119,7,26
bare,119,7,27
bare,119,7,28
bare,119,7,29
bare,119,7,30
bare,119,7,31
bare,119,7,32
bare,119,7,33
bare,119,7,34
bare,119,7,35
bare,119,7,36
bare,119,7,37
bare,119,7,38
bare,119,7,39
bare,119,7,40
bare,119,7,41
bare,119,7,42
bare,119,7,43
bare,119,7,44
bare,119,7,45
bare,119,7,46
bare,119,7,47
tuff,119,7,48
tuff,119,7,49
tuff,119,7,50
tuff,119,7,51
tuff,119,7,52
tuff,119,7,53
tuff,119,7,54
tuff,119,7,55
tuff,119,7,56
tuff,119,7,57
tuff,119,7,58
tuff,119,7,59
tuff,119,7,60
tuff,119,7,61
bare,119,7,62
bare,119,7,63
bare,119,7,64
bare,119,7,65
bare,119,7,66
bare,119,7,67
bare,119,7,68
bare,119,7,69
bare,119,7,70
bare,119,7,71
bare,119,7,72
bare,119,7,73
bare,119,7,74
bare,119,7,75
bare,119,7,76
bare,119,7,77
bare,119,7,78
bare,119,7,79
bare,119,7,80
bare,119,7,81
bare,119,7,82
bare,119,7,83
bare,119,7,84
bare,119,7,85
bare,119,7,86
bare,119,7,87
bare,119,7,88
bare,119,7,89
bare,119,7,90
bare,119,7,91
bare,119,7,92
bare,119,7,93
bare,119,7,94
bare,119,7,95
bare,119,7,96
lapis,119,7,97
lapis,119,7,98
bare,119,7,99
bare,119,7,100
bare,119,7,101
bare,119,7,102
bare,119,7,103
bare,119,7,104
bare,119,7,105
bare,119,7,106
bare,119,7,107
bare,119,7,108
bare,119,7,109
bare,119,7,110
bare,119,7,111
bare,119,7,112
bare,119,7,113
bare,119,7,114
bare,119,7,115
bare,119,7,116
bare,119,7,117
bare,119,7,118
bare,119,7,119
bare,119,7,120
bare,119,7,121
bare,120,-1,-1
bare,120,-1,0
bare,120,-1,1
bare,120,-1,2
bare,120,-1,3
bare,120,-1,4
bare,120,-1,5
bare,120,-1,6
bare,120,-1,7
bare,120,-1,8
bare,120,-1,9
bare,120,-1,10
bare,120,-1,11
bare,120,-1,12
redstone,120,-1,13
bare,120,-1,14
bare,120,-1,15
bare,120,-1,16
bare,120,-1,17
bare,120,-1,18
bare,120,-1,19
bare,120,-1,20
bare,120,-1,21
bare,120,-1,22
bare,120,-1,23
bare,120,-1,24
bare,120,-1,25
bare,120,-1,26
bare,120,-1,27
bare,120,-1,28
tuff,120,-1,29
tuff,120,-1,30
tuff,120,-1,31
tuff,120,-1,32
tuff,120,-1,33
tuff,120,-1,34
tuff,120,-1,35
bare,120,-1,36
bare,120,-1,37
bare,120,-1,38
bare,120,-1,39
bare,120,-1,40
tuff,120,-1,41
tuff,120,-1,42
tuff,120,-1,43
tuff,120,-1,44
tuff,120,-1,45
bare,120,-1,46
bare,120,-1,47
bare,120,-1,48
bare,120,-1,49
bare,120,-1,50
bare,120,-1,51
bare,120,-1,52
bare,120,-1,53
bare,120,-1,54
bare,120,-1,55
bare,120,-1,56
bare,120,-1,57
bare,120,-1,58
bare,120,-1,59
bare,120,-1,60
bare,120,-1,61
bare,120,-1,62
bare,120,-1,63
bare,120,-1,64
bare,120,-1,65
bare,120,-1,66
bare,120,-1,67
bare,120,-1,68
bare,120,-1,69
bare,120,-1,70
bare,120,-1,71
bare,120,-1,72
bare,120,-1,73
bare,120,-1,74
bare,120,-1,75
bare,120,-1,76
bare,120,-1,77
tuff,120,-1,78
tuff,120,-1,79
tuff,120,-1,80
tuff,120,-1,81
tuff,120,-1,82
tuff,120,-1,83
tuff,120,-1,84
tuff,120,-1,85
tuff,120,-1,86
tuff,120,-1,87
tuff,120,-1,88
tuff,120,-1,89
bare,120,-1,90
bare,120,-1,91
bare,120,-1,92
bare,120,-1,93
bare,120,-1,94
bare,120,-1,95
bare,120,-1,96
bare,120,-1,97
bare,120,-1,98
bare,120,-1,99
bare,120,-1,100
bare,120,-1,101
gravel,120,-1,102
gravel,120,-1,103
gravel,120,-1,104
gravel,120,-1,105
bare,120,-1,106
bare,120,-1,107
bare,120,-1,108
bare,120,-1,109
bare,120,-1,110
bare,120,-1,111
bare,120,-1,112
bare,120,-1,113
bare,120,-1,114
bare,120,-1,115
bare,120,-1,116
bare,120,-1,117
bare,120,-1,118
bare,120,-1,119
bare,120,-1,120
bare,120,-1,121
bare,120,0,-1
bare,120,0,121
bare,120,1,-1
bare,120,1,121
bare,120,2,-1
bare,120,2,121
bare,120,3,-1
bare,120,3,121
bare,120,4,-1
bare,120,4,121
bare,120,5,-1
bare,120,5,121
bare,120,6,-1
bare,120,6,121
bare,120,7,-1
bare,120,7,0
bare,120,7,1
bare,120,7,2
bare,120,7,3
bare,120,7,4
bare,120,7,5
bare,120,7,6
bare,120,7,7
bare,120,7,8
bare,120,7,9
bare,120,7,10
bare,120,7,11
bare,120,7,12
bare,120,7,13
bare,120,7,14
bare,120,7,15
bare,120,7,16
bare,120,7,17
bare,120,7,18
bare,120,7,19
bare,120,7,20
bare,120,7,21
bare,120,7,22
bare,120,7,23
bare,120,7,24
bare,120,7,25
bare,120,7,26
bare,120,7,27
bare,120,7,28
bare,120,7,29
bare,120,7,30
bare,120,7,31
bare,120,7,32
bare,120,7,33
bare,120,7,34
bare,120,7,35
bare,120,7,36
bare,120,7,37
bare,120,7,38
bare,120,7,39
bare,120,7,40
bare,120,7,41
bare,120,7,42
bare,120,7,43
bare,120,7,44
bare,120,7,45
bare,120,7,46
bare,120,7,47
bare,120,7,48
bare,120,7,49
bare,120,7,50
tuff,120,7,51
tuff,120,7,52
tuff,120,7,53
tuff,120,7,54
tuff,120,7,55
tuff,120,7,56
tuff,120,7,57
tuff,120,7,58
bare,120,7,59
bare,120,7,60
bare,120,7,61
bare,120,7,62
bare,120,7,63
bare,120,7,64
bare,120,7,65
bare,120,7,66
bare,120,7,67
bare,120,7,68
bare,120,7,69
bare,120,7,70
bare,120,7,71
bare,120,7,72
bare,120,7,73
bare,120,7,74
bare,120,7,75
bare,120,7,76
bare,120,7,77
bare,120,7,78
bare,120,7,79
bare,120,7,80
bare,120,7,81
bare,120,7,82
bare,120,7,83
bare,120,7,84
bare,120,7,85
bare,120,7,86
bare,120,7,87
bare,120,7,88
bare,120,7,89
bare,120,7,90
bare,120,7,91
bare,120,7,92
bare,120,7,93
bare,120,7,94
bare,120,7,95
bare,120,7,96
bare,120,7,97
bare,120,7,98
bare,120,7,99
bare,120,7,100
bare,120,7,101
bare,120,7,102
bare,120,7,103
bare,120,7,104
bare,120,7,105
bare,120,7,106
bare,120,7,107
bare,120,7,108
bare,120,7,109
bare,120,7,110
bare,120,7,111
bare,120,7,112
bare,120,7,113
bare,120,7,114
bare,120,7,115
bare,120,7,116
bare,120,7,117
bare,120,7,118
bare,120,7,119
bare,120,7,120
bare,120,7,121
bare,121,-1,-1
bare,121,-1,0
bare,121,-1,1
bare,121,-1,2
bare,121,-1,3
bare,121,-1,4
bare,121,-1,5
bare,121,-1,6
bare,121,-1,7
bare,121,-1,8
bare,121,-1,9
bare,121,-1,10
bare,121,-1,11
bare,121,-1,12
redstone,121,-1,13
bare,121,-1,14
bare,121,-1,15
bare,121,-1,16
bare,121,-1,17
bare,121,-1,18
bare,121,-1,19
bare,121,-1,20
bare,121,-1,21
bare,121,-1,22
bare,121,-1,23
bare,121,-1,24
bare,121,-1,25
bare,121,-1,26
bare,121,-1,27
bare,121,-1,28
tuff,121,-1,29
tuff,121,-1,30
tuff,121,-1,31
tuff,121,-1,32
tuff,121,-1,33
tuff,121,-1,34
tuff,121,-1,35
tuff,121,-1,36
bare,121,-1,37
bare,121,-1,38
bare,121,-1,39
bare,121,-1,40
bare,121,-1,41
bare,121,-1,42
tuff,121,-1,43
tuff,121,-1,44
bare,121,-1,45
bare,121,-1,46
bare,121,-1,47
bare,121,-1,48
bare,121,-1,49
bare,121,-1,50
bare,121,-1,51
bare,121,-1,52
bare,121,-1,53
bare,121,-1,54
bare,121,-1,55
bare,121,-1,56
bare,121,-1,57
bare,121,-1,58
bare,121,-1,59
bare,121,-1,60
bare,121,-1,61
bare,121,-1,62
bare,121,-1,63
bare,121,-1,64
bare,121,-1,65
bare,121,-1,66
bare,121,-1,67
bare,121,-1,68
bare,121,-1,69
bare,121,-1,70
bare,121,-1,71
bare,121,-1,72
bare,121,-1,73
bare,121,-1,74
bare,121,-1,75
bare,121,-1,76
tuff,121,-1,77
tuff,121,-1,78
tuff,121,-1,79
tuff,121,-1,80
tuff,121,-1,81
tuff,121,-1,82
tuff,121,-1,83
tuff,121,-1,84
tuff,121,-1,85
tuff,121,-1,86
tuff,121,-1,87
tuff,121,-1,88
bare,121,-1,89
bare,121,-1,90
bare,121,-1,91
bare,121,-1,92
bare,121,-1,93
bare,121,-1,94
bare,121,-1,95
bare,121,-1,96
bare,121,-1,97
bare,121,-1,98
bare,121,-1,99
bare,121,-1,100
bare,121,-1,101
bare,121,-1,102
gravel,121,-1,103
gravel,121,-1,104
bare,121,-1,105
bare,121,-1,106
bare,121,-1,107
bare,121,-1,108
bare,121,-1,109
bare,121,-1,110
bare,121,-1,111
bare,121,-1,112
bare,121,-1,113
bare,121,-1,114
bare,121,-1,115
bare,121,-1,116
bare,121,-1,117
bare,121,-1,118
bare,121,-1,119
bare,121,-1,120
bare,121,-1,121
bare,121,0,-1
bare,121,0,0
bare,121,0,1
bare,121,0,2
bare,121,0,3
bare,121,0,4
bare,121,0,5
bare,121,0,6
bare,121,0,7
bare,121,0,8
bare,121,0,9
bare,121,0,10
bare,121,0,11
bare,121,0,12
redstone,121,0,13
bare,121,0,14
bare,121,0,15
bare,121,0,16
bare,121,0,17
bare,121,0,18
bare,121,0,19
bare,121,0,20
bare,121,0,21
bare,121,0,22
bare,121,0,23
bare,121,0,24
bare,121,0,25
bare,121,0,26
bare,121,0,27
bare,121,0,28
tuff,121,0,29
tuff,121,0,30
tuff,121,0,31
tuff,121,0,32
tuff,121,0,33
tuff,121,0,34
tuff,121,0,35
tuff,121,0,36
bare,121,0,37
bare,121,0,38
bare,121,0,39
bare,121,0,40
bare,121,0,41
bare,121,0,42
tuff,121,0,43
tuff,121,0,44
bare,121,0,45
bare,121,0,46
bare,121,0,47
bare,121,0,48
bare,121,0,49
bare,121,0,50
bare,121,0,51
bare,121,0,52
bare,121,0,53
bare,121,0,54
bare,121,0,55
bare,121,0,56
bare,121,0,57
bare,121,0,58
bare,121,0,59
bare,121,0,60
bare,121,0,61
bare,121,0,62
bare,121,0,63
bare,121,0,64
bare,121,0,65
bare,121,0,66
bare,121,0,67
bare,121,0,68
bare,121,0,69
bare,121,0,70
bare,121,0,71
bare,121,0,72
bare,121,0,73
bare,121,0,74
bare,121,0,75
bare,121,0,76
tuff,121,0,77
tuff,121,0,78
tuff,121,0,79
tuff,121,0,80
tuff,121,0,81
tuff,121,0,82
tuff,121,0,83
tuff,121,0,84
tuff,121,0,85
tuff,121,0,86
tuff,121,0,87
tuff,121,0,88
tuff,121,0,89
bare,121,0,90
bare,121,0,91
bare,121,0,92
bare,121,0,93
bare,121,0,94
bare,121,0,95
bare,121,0,96
bare,121,0,97
bare,121,0,98
bare,121,0,99
bare,121,0,100
bare,121,0,101
gravel,121,0,102
gravel,121,0,103
gravel,121,0,104
bare,121,0,105
bare,121,0,106
bare,121,0,107
bare,121,0,108
bare,121,0,109
bare,121,0,110
bare,121,0,111
bare,121,0,112
bare,121,0,113
bare,121,0,114
bare,121,0,115
bare,121,0,116
bare,121,0,117
bare,121,0,118
bare,121,0,119
bare,121,0,120
bare,121,0,121
bare,121,1,-1
bare,121,1,0
bare,121,1,1
bare,121,1,2
bare,121,1,3
bare,121,1,4
bare,121,1,5
bare,121,1,6
bare,121,1,7
bare,121,1,8
bare,121,1,9
bare,121,1,10
bare,121,1,11
bare,121,1,12
bare,121,1,13
bare,121,1,14
bare,121,1,15
bare,121,1,16
bare,121,1,17
bare,121,1,18
bare,121,1,19
bare,121,1,20
bare,121,1,21
bare,121,1,22
bare,121,1,23
bare,121,1,24
bare,121,1,25
bare,121,1,26
bare,121,1,27
bare,121,1,28
tuff,121,1,29
tuff,121,1,30
tuff,121,1,31
tuff,121,1,32
tuff,121,1,33
tuff,121,1,34
tuff,121,1,35
tuff,121,1,36
bare,121,1,37
bare,121,1,38
bare,121,1,39
bare,121,1,40
bare,121,1,41
bare,121,1,42
bare,121,1,43
bare,121,1,44
bare,121,1,45
bare,121,1,46
bare,121,1,47
bare,121,1,48
bare,121,1,49
bare,121,1,50
bare,121,1,51
bare,121,1,52
bare,121,1,53
bare,121,1,54
bare,121,1,55
bare,121,1,56
bare,121,1,57
bare,121,1,58
bare,121,1,59
bare,121,1,60
bare,121,1,61
bare,121,1,62
bare,121,1,63
bare,121,1,64
bare,121,1,65
bare,121,1,66
bare,121,1,67
bare,121,1,68
bare,121,1,69
bare,121,1,70
bare,121,1,71
bare,121,1,72
bare,121,1,73
bare,121,1,74
bare,121,1,75
tuff,121,1,76
tuff,121,1,77
tuff,121,1,78
tuff,121,1,79
tuff,121,1,80
tuff,121,1,81
tuff,121,1,82
tuff,121,1,83
tuff,121,1,84
tuff,121,1,85
tuff,121,1,86
tuff,121,1,87
tuff,121,1,88
tuff,121,1,89
tuff,121,1,90
bare,121,1,91
bare,121,1,92
bare,121,1,93
bare,121,1,94
bare,121,1,95
bare,121,1,96
bare,121,1,97
bare,121,1,98
bare,121,1,99
bare,121,1,100
bare,121,1,101
gravel,121,1,102
gravel,121,1,103
gravel,121,1,104
bare,121,1,105
bare,121,1,106
bare,121,1,107
bare,121,1,108
bare,121,1,109
bare,121,1,110
bare,121,1,111
bare,121,1,112
bare,121,1,113
bare,121,1,114
bare,121,1,115
bare,121,1,116
bare,121,1,117
bare,121,1,118
bare,121,1,119
bare,121,1,120
bare,121,1,121
bare,121,2,-1
bare,121,2,0
bare,121,2,1
bare,121,2,2
bare,121,2,3
bare,121,2,4
bare,121,2,5
bare,121,2,6
bare,121,2,7
bare,121,2,8
bare,121,2,9
bare,121,2,10
bare,121,2,11
bare,121,2,12
bare,121,2,13
bare,121,2,14
bare,121,2,15
bare,121,2,16
bare,121,2,17
bare,121,2,18
bare,121,2,19
bare,121,2,20
bare,121,2,21
bare,121,2,22
bare,121,2,23
bare,121,2,24
bare,121,2,25
bare,121,2,26
bare,121,2,27
bare,121,2,28
tuff,121,2,29
tuff,121,2,30
tuff,121,2,31
tuff,121,2,32
tuff,121,2,33
tuff,121,2,34
tuff,121,2,35
tuff,121,2,36
bare,121,2,37
bare,121,2,38
bare,121,2,39
bare,121,2,40
bare,121,2,41
bare,121,2,42
bare,121,2,43
bare,121,2,44
bare,121,2,45
bare,121,2,46
bare,121,2,47
bare,121,2,48
bare,121,2,49
bare,121,2,50
bare,121,2,51
bare,121,2,52
bare,121,2,53
bare,121,2,54
bare,121,2,55
bare,121,2,56
bare,121,2,57
bare,121,2,58
bare,121,2,59
bare,121,2,60
bare,121,2,61
bare,121,2,62
bare,121,2,63
bare,121,2,64
bare,121,2,65
redstone,121,2,66
redstone,121,2,67
bare,121,2,68
bare,121,2,69
bare,121,2,70
bare,121,2,71
bare,121,2,72
bare,121,2,73
bare,121,2,74
bare,121,2,75
tuff,121,2,76
tuff,121,2,77
tuff,121,2,78
tuff,121,2,79
tuff,121,2,80
tuff,121,2,81
tuff,121,2,82
tuff,121,2,83
tuff,121,2,84
tuff,121,2,85
tuff,121,2,86
tuff,121,2,87
tuff,121,2,88
tuff,121,2,89
tuff,121,2,90
bare,121,2,91
bare,121,2,92
bare,121,2,93
bare,121,2,94
bare,121,2,95
bare,121,2,96
bare,121,2,97
bare,121,2,98
bare,121,2,99
bare,121,2,100
bare,121,2,101
bare,121,2,102
bare,121,2,103
bare,121,2,104
bare,121,2,105
bare,121,2,106
bare,121,2,107
bare,121,2,108
bare,121,2,109
bare,121,2,110
bare,121,2,111
bare,121,2,112
bare,121,2,113
bare,121,2,114
bare,121,2,115
bare,121,2,116
bare,121,2,117
bare,121,2,118
bare,121,2,119
bare,121,2,120
bare,121,2,121
bare,121,3,-1
bare,121,3,0
bare,121,3,1
bare,121,3,2
bare,121,3,3
bare,121,3,4
bare,121,3,5
bare,121,3,6
bare,121,3,7
bare,121,3,8
bare,121,3,9
bare,121,3,10
bare,121,3,11
bare,121,3,12
bare,121,3,13
bare,121,3,14
bare,121,3,15
bare,121,3,16
bare,121,3,17
bare,121,3,18
bare,121,3,19
bare,121,3,20
bare,121,3,21
bare,121,3,22
bare,121,3,23
bare,121,3,24
bare,121,3,25
bare,121,3,26
bare,121,3,27
bare,121,3,28
bare,121,3,29
tuff,121,3,30
tuff,121,3,31
tuff,121,3,32
tuff,121,3,33
tuff,121,3,34
tuff,121,3,35
bare,121,3,36
bare,121,3,37
bare,121,3,38
bare,121,3,39
bare,121,3,40
bare,121,3,41
bare,121,3,42
bare,121,3,43
bare,121,3,44
bare,121,3,45
bare,121,3,46
bare,121,3,47
bare,121,3,48
bare,121,3,49
bare,121,3,50
bare,121,3,51
bare,121,3,52
bare,121,3,53
bare,121,3,54
bare,121,3,55
bare,121,3,56
bare,121,3,57
bare,121,3,58
bare,121,3,59
bare,121,3,60
bare,121,3,61
bare,121,3,62
bare,121,3,63
bare,121,3,64
bare,121,3,65
redstone,121,3,66
redstone,121,3,67
bare,121,3,68
bare,121,3,69
bare,121,3,70
bare,121,3,71
bare,121,3,72
bare,121,3,73
bare,121,3,74
bare,121,3,75
bare,121,3,76
tuff,121,3,77
tuff,121,3,78
tuff,121,3,79
tuff,121,3,80
tuff,121,3,81
tuff,121,3,82
tuff,121,3,83
tuff,121,3,84
tuff,121,3,85
tuff,121,3,86
tuff,121,3,87
tuff,121,3,88
tuff,121,3,89
bare,121,3,90
bare,121,3,91
bare,121,3,92
bare,121,3,93
bare,121,3,94
bare,121,3,95
bare,121,3,96
bare,121,3,97
bare,121,3,98
bare,121,3,99
bare,121,3,100
bare,121,3,101
bare,121,3,102
bare,121,3,103
bare,121,3,104
bare,121,3,105
bare,121,3,106
bare,121,3,107
bare,121,3,108
bare,121,3,109
bare,121,3,110
bare,121,3,111
bare,121,3,112
bare,121,3,113
bare,121,3,114
bare,121,3,115
bare,121,3,116
bare,121,3,117
bare,121,3,118
bare,121,3,119
bare,121,3,120
bare,121,3,121
bare,121,4,-1
bare,121,4,0
bare,121,4,1
bare,121,4,2
bare,121,4,3
bare,121,4,4
bare,121,4,5
bare,121,4,6
bare,121,4,7
bare,121,4,8
bare,121,4,9
bare,121,4,10
bare,121,4,11
bare,121,4,12
bare,121,4,13
bare,121,4,14
bare,121,4,15
bare,121,4,16
bare,121,4,17
bare,121,4,18
bare,121,4,19
bare,121,4,20
bare,121,4,21
bare,121,4,22
bare,121,4,23
bare,121,4,24
bare,121,4,25
bare,121,4,26
bare,121,4,27
bare,121,4,28
bare,121,4,29
bare,121,4,30
tuff,121,4,31
tuff,121,4,32
tuff,121,4,33
tuff,121,4,34
bare,121,4,35
bare,121,4,36
bare,121,4,37
bare,121,4,38
bare,121,4,39
bare,121,4,40
bare,121,4,41
bare,121,4,42
bare,121,4,43
bare,121,4,44
bare,121,4,45
bare,121,4,46
bare,121,4,47
bare,121,4,48
bare,121,4,49
bare,121,4,50
bare,121,4,51
bare,121,4,52
bare,121,4,53
bare,121,4,54
bare,121,4,55
bare,121,4,56
bare,121,4,57
bare,121,4,58
bare,121,4,59
bare,121,4,60
bare,121,4,61
bare,121,4,62
bare,121,4,63
bare,121,4,64
bare,121,4,65
bare,121,4,66
bare,121,4,67
bare,121,4,68
bare,121,4,69
bare,121,4,70
bare,121,4,71
bare,121,4,72
bare,121,4,73
bare,121,4,74
bare,121,4,75
bare,121,4,76
tuff,121,4,77
tuff,121,4,78
tuff,121,4,79
tuff,121,4,80
tuff,121,4,81
tuff,121,4,82
tuff,121,4,83
tuff,121,4,84
tuff,121,4,85
tuff,121,4,86
tuff,121,4,87
tuff,121,4,88
bare,121,4,89
bare,121,4,90
bare,121,4,91
bare,121,4,92
bare,121,4,93
bare,121,4,94
bare,121,4,95
bare,121,4,96
bare,121,4,97
bare,121,4,98
bare,121,4,99
bare,121,4,100
bare,121,4,101
bare,121,4,102
bare,121,4,103
bare,121,4,104
bare,121,4,105
bare,121,4,106
bare,121,4,107
bare,121,4,108
bare,121,4,109
bare,121,4,110
bare,121,4,111
bare,121,4,112
bare,121,4,113
bare,121,4,114
bare,121,4,115
bare,121,4,116
bare,121,4,117
bare,121,4,118
bare,121,4,119
bare,121,4,120
bare,121,4,121
bare,121,5,-1
bare,121,5,0
bare,121,5,1
bare,121,5,2
bare,121,5,3
bare,121,5,4
bare,121,5,5
bare,121,5,6
bare,121,5,7
bare,121,5,8
bare,121,5,9
bare,121,5,10
bare,121,5,11
bare,121,5,12
bare,121,5,13
bare,121,5,14
bare,121,5,15
bare,121,5,16
bare,121,5,17
bare,121,5,18
bare,121,5,19
bare,121,5,20
bare,121,5,21
bare,121,5,22
bare,121,5,23
bare,121,5,24
bare,121,5,25
bare,121,5,26
bare,121,5,27
bare,121,5,28
bare,121,5,29
bare,121,5,30
bare,121,5,31
bare,121,5,32
bare,121,5,33
bare,121,5,34
bare,121,5,35
bare,121,5,36
bare,121,5,37
bare,121,5,38
bare,121,5,39
bare,121,5,40
bare,121,5,41
bare,121,5,42
bare,121,5,43
bare,121,5,44
bare,121,5,45
bare,121,5,46
bare,121,5,47
bare,121,5,48
bare,121,5,49
bare,121,5,50
bare,121,5,51
bare,121,5,52
bare,121,5,53
bare,121,5,54
bare,121,5,55
bare,121,5,56
bare,121,5,57
bare,121,5,58
bare,121,5,59
bare,121,5,60
bare,121,5,61
bare,121,5,62
lapis,121,5,63
lapis,121,5,64
bare,121,5,65
bare,121,5,66
bare,121,5,67
bare,121,5,68
bare,121,5,69
bare,121,5,70
bare,121,5,71
bare,121,5,72
bare,121,5,73
bare,121,5,74
bare,121,5,75
bare,121,5,76
bare,121,5,77
tuff,121,5,78
tuff,121,5,79
tuff,121,5,80
tuff,121,5,81
tuff,121,5,82
tuff,121,5,83
bare,121,5,84
bare,121,5,85
tuff,121,5,86
bare,121,5,87
bare,121,5,88
bare,121,5,89
bare,121,5,90
bare,121,5,91
bare,121,5,92
bare,121,5,93
bare,121,5,94
bare,121,5,95
bare,121,5,96
bare,121,5,97
bare,121,5,98
bare,121,5,99
bare,121,5,100
bare,121,5,101
bare,121,5,102
bare,121,5,103
bare,121,5,104
bare,121,5,105
bare,121,5,106
bare,121,5,107
bare,121,5,108
bare,121,5,109
bare,121,5,110
bare,121,5,111
bare,121,5,112
bare,121,5,113
bare,121,5,114
bare,121,5,115
bare,121,5,116
bare,121,5,117
bare,121,5,118
bare,121,5,119
bare,121,5,120
bare,121,5,121
bare,121,6,-1
bare,121,6,0
bare,121,6,1
bare,121,6,2
bare,121,6,3
bare,121,6,4
bare,121,6,5
bare,121,6,6
bare,121,6,7
bare,121,6,8
bare,121,6,9
bare,121,6,10
bare,121,6,11
bare,121,6,12
bare,121,6,13
bare,121,6,14
bare,121,6,15
bare,121,6,16
bare,121,6,17
bare,121,6,18
bare,121,6,19
bare,121,6,20
bare,121,6,21
bare,121,6,22
bare,121,6,23
bare,121,6,24
bare,121,6,25
bare,121,6,26
bare,121,6,27
bare,121,6,28
bare,121,6,29
bare,121,6,30
bare,121,6,31
bare,121,6,32
bare,121,6,33
bare,121,6,34
bare,121,6,35
bare,121,6,36
bare,121,6,37
bare,121,6,38
bare,121,6,39
bare,121,6,40
bare,121,6,41
bare,121,6,42
bare,121,6,43
bare,121,6,44
bare,121,6,45
bare,121,6,46
bare,121,6,47
bare,121,6,48
bare,121,6,49
bare,121,6,50
bare,121,6,51
bare,121,6,52
bare,121,6,53
bare,121,6,54
bare,121,6,55
bare,121,6,56
bare,121,6,57
bare,121,6,58
bare,121,6,59
bare,121,6,60
bare,121,6,61
bare,121,6,62
bare,121,6,63
bare,121,6,64
bare,121,6,65
bare,121,6,66
bare,121,6,67
bare,121,6,68
bare,121,6,69
bare,121,6,70
bare,121,6,71
bare,121,6,72
bare,121,6,73
bare,121,6,74
bare,121,6,75
bare,121,6,76
bare,121,6,77
bare,121,6,78
bare,121,6,79
bare,121,6,80
bare,121,6,81
bare,121,6,82
bare,121,6,83
bare,121,6,84
bare,121,6,85
bare,121,6,86
bare,121,6,87
bare,121,6,88
bare,121,6,89
bare,121,6,90
bare,121,6,91
bare,121,6,92
bare,121,6,93
bare,121,6,94
bare,121,6,95
bare,121,6,96
bare,121,6,97
bare,121,6,98
bare,121,6,99
bare,121,6,100
bare,121,6,101
bare,121,6,102
bare,121,6,103
bare,121,6,104
bare,121,6,105
bare,121,6,106
bare,121,6,107
bare,121,6,108
bare,121,6,109
bare,121,6,110
bare,121,6,111
bare,121,6,112
bare,121,6,113
bare,121,6,114
bare,121,6,115
bare,121,6,116
bare,121,6,117
bare,121,6,118
bare,121,6,119
bare,121,6,120
bare,121,6,121
bare,121,7,-1
bare,121,7,0
bare,121,7,1
bare,121,7,2
bare,121,7,3
bare,121,7,4
bare,121,7,5
bare,121,7,6
bare,121,7,7
bare,121,7,8
bare,121,7,9
bare,121,7,10
bare,121,7,11
bare,121,7,12
bare,121,7,13
bare,121,7,14
bare,121,7,15
bare,121,7,16
bare,121,7,17
bare,121,7,18
bare,121,7,19
bare,121,7,20
bare,121,7,21
bare,121,7,22
bare,121,7,23
bare,121,7,24
bare,121,7,25
bare,121,7,26
bare,121,7,27
bare,121,7,28
bare,121,7,29
bare,121,7,30
bare,121,7,31
bare,121,7,32
bare,121,7,33
bare,121,7,34
bare,121,7,35
bare,121,7,36
bare,121,7,37
bare,121,7,38
bare,121,7,39
bare,121,7,40
bare,121,7,41
bare,121,7,42
bare,121,7,43
bare,121,7,44
bare,121,7,45
bare,121,7,46
bare,121,7,47
bare,121,7,48
bare,121,7,49
bare,121,7,50
bare,121,7,51
bare,121,7,52
bare,121,7,53
bare,121,7,54
bare,121,7,55
bare,121,7,56
bare,121,7,57
bare,121,7,58
bare,121,7,59
bare,121,7,60
bare,121,7,61
bare,121,7,62
bare,121,7,63
bare,121,7,64
bare,121,7,65
bare,121,7,66
bare,121,7,67
bare,121,7,68
bare,121,7,69
bare,121,7,70
bare,121,7,71
bare,121,7,72
bare,121,7,73
bare,121,7,74
bare,121,7,75
bare,121,7,76
bare,121,7,77
bare,121,7,78
bare,121,7,79
bare,121,7,80
bare,121,7,81
bare,121,7,82
bare,121,7,83
bare,121,7,84
bare,121,7,85
bare,121,7,86
bare,121,7,87
bare,121,7,88
bare,121,7,89
bare,121,7,90
bare,121,7,91
bare,121,7,92
bare,121,7,93
bare,121,7,94
bare,121,7,95
bare,121,7,96
bare,121,7,97
bare,121,7,98
bare,121,7,99
bare,121,7,100
bare,121,7,101
bare,121,7,102
bare,121,7,103
bare,121,7,104
bare,121,7,105
bare,121,7,106
bare,121,7,107
bare,121,7,108
bare,121,7,109
bare,121,7,110
bare,121,7,111
bare,121,7,112
bare,121,7,113
bare,121,7,114
bare,121,7,115
bare,121,7,116
bare,121,7,117
bare,121,7,118
bare,121,7,119
bare,121,7,120
bare,121,7,121
